municipio_id,municipio_nome,uf_sigla,latitude,longitude,seat_type
4100103,Abatiá,PR,-23.302200317382812,-50.3119010925293,sede_municipal
4100202,Adrianópolis,PR,-24.658199310302734,-48.99209976196289,sede_municipal
4100301,Agudos do Sul,PR,-25.988800048828125,-49.33330154418945,sede_municipal
4100400,Almirante Tamandaré,PR,-25.313400268554688,-49.29970169067383,sede_municipal
4100459,Altamira do Paraná,PR,-24.799299240112305,-52.7156982421875,sede_municipal
4100509,Altônia,PR,-23.8710994720459,-53.894100189208984,sede_municipal
4100608,Alto Paraná,PR,-23.128999710083008,-52.32040023803711,sede_municipal
4100707,Alto Piquiri,PR,-24.02519989013672,-53.44129943847656,sede_municipal
4100806,Alvorada do Sul,PR,-22.781200408935547,-51.231300354003906,sede_municipal
4100905,Amaporã,PR,-23.09760093688965,-52.78689956665039,sede_municipal
4101002,Ampére,PR,-25.91860008239746,-53.47529983520508,sede_municipal
4101051,Anahy,PR,-24.650699615478516,-53.13349914550781,sede_municipal
4101101,Andirá,PR,-23.05139923095703,-50.233699798583984,sede_municipal
4101150,Ângulo,PR,-23.196800231933594,-51.912601470947266,sede_municipal
4101200,Antonina,PR,-25.42889976501465,-48.710201263427734,sede_municipal
4101309,Antônio Olinto,PR,-25.987199783325195,-50.19710159301758,sede_municipal
4101408,Apucarana,PR,-23.553800582885742,-51.46770095825195,sede_municipal
4101507,Arapongas,PR,-23.407499313354492,-51.437599182128906,sede_municipal
4101606,Arapoti,PR,-24.143400192260742,-49.823699951171875,sede_municipal
4101655,Arapuã,PR,-24.30579948425293,-51.7843017578125,sede_municipal
4101705,Araruna,PR,-23.93320083618164,-52.497398376464844,sede_municipal
4101804,Araucária,PR,-25.590499877929688,-49.4005012512207,sede_municipal
4101853,Ariranha do Ivaí,PR,-24.384000778198242,-51.59130096435547,sede_municipal
4101903,Assaí,PR,-23.37339973449707,-50.845298767089844,sede_municipal
4102000,Assis Chateaubriand,PR,-24.404499053955078,-53.51020050048828,sede_municipal
4102109,Astorga,PR,-23.233999252319336,-51.66400146484375,sede_municipal
4102208,Atalaia,PR,-23.151500701904297,-52.05329895019531,sede_municipal
4102307,Balsa Nova,PR,-25.58049964904785,-49.62969970703125,sede_municipal
4102406,Bandeirantes,PR,-23.10689926147461,-50.37200164794922,sede_municipal
4102505,Barbosa Ferraz,PR,-24.029699325561523,-52.01359939575195,sede_municipal
4102604,Barracão,PR,-26.252199172973633,-53.634700775146484,sede_municipal
4102703,Barra do Jacaré,PR,-23.11680030822754,-50.185699462890625,sede_municipal
4102752,Bela Vista da Caroba,PR,-25.880399703979492,-53.66749954223633,sede_municipal
4102802,Bela Vista do Paraíso,PR,-22.996299743652344,-51.18939971923828,sede_municipal
4102901,Bituruna,PR,-26.159400939941406,-51.5546989440918,sede_municipal
4103008,Boa Esperança,PR,-24.240999221801758,-52.78810119628906,sede_municipal
4103024,Boa Esperança do Iguaçu,PR,-25.635000228881836,-53.21910095214844,sede_municipal
4103040,Boa Ventura de São Roque,PR,-24.883800506591797,-51.54520034790039,sede_municipal
4103057,Boa Vista da Aparecida,PR,-25.43670082092285,-53.40919876098633,sede_municipal
4103107,Bocaiúva do Sul,PR,-25.209699630737305,-49.11249923706055,sede_municipal
4103156,Bom Jesus do Sul,PR,-26.19339942932129,-53.60219955444336,sede_municipal
4103206,Bom Sucesso,PR,-23.70949935913086,-51.762298583984375,sede_municipal
4103222,Bom Sucesso do Sul,PR,-26.07379913330078,-52.83430099487305,sede_municipal
4103305,Borrazópolis,PR,-23.939899444580078,-51.58380126953125,sede_municipal
4103354,Braganey,PR,-24.817899703979492,-53.12080001831055,sede_municipal
4103370,Brasilândia do Sul,PR,-24.19569969177246,-53.5265007019043,sede_municipal
4103404,Cafeara,PR,-22.78849983215332,-51.71289825439453,sede_municipal
4103453,Cafelândia,PR,-24.619800567626953,-53.31919860839844,sede_municipal
4103479,Cafezal do Sul,PR,-23.90559959411621,-53.517799377441406,sede_municipal
4103503,Califórnia,PR,-23.667200088500977,-51.35810089111328,sede_municipal
4103602,Cambará,PR,-23.041900634765625,-50.07350158691406,sede_municipal
4103701,Cambé,PR,-23.27869987487793,-51.283199310302734,sede_municipal
4103800,Cambira,PR,-23.599599838256836,-51.57609939575195,sede_municipal
4103909,Campina da Lagoa,PR,-24.592300415039062,-52.80440139770508,sede_municipal
4103958,Campina do Simão,PR,-25.1033992767334,-51.80849838256836,sede_municipal
4104006,Campina Grande do Sul,PR,-25.305999755859375,-49.054100036621094,sede_municipal
4104055,Campo Bonito,PR,-25.03350067138672,-52.994998931884766,sede_municipal
4104105,Campo do Tenente,PR,-25.97949981689453,-49.68370056152344,sede_municipal
4104204,Campo Largo,PR,-25.4552001953125,-49.518001556396484,sede_municipal
4104253,Campo Magro,PR,-25.3705997467041,-49.45000076293945,sede_municipal
4104303,Campo Mourão,PR,-24.04290008544922,-52.37919998168945,sede_municipal
4104402,Cândido de Abreu,PR,-24.566699981689453,-51.33760070800781,sede_municipal
4104428,Candói,PR,-25.575199127197266,-52.05569839477539,sede_municipal
4104451,Cantagalo,PR,-25.37220001220703,-52.12699890136719,sede_municipal
4104501,Capanema,PR,-25.67020034790039,-53.80889892578125,sede_municipal
4104600,Capitão Leônidas Marques,PR,-25.489599227905273,-53.607398986816406,sede_municipal
4104659,Carambeí,PR,-24.95319938659668,-50.11119842529297,sede_municipal
4104709,Carlópolis,PR,-23.42530059814453,-49.71780014038086,sede_municipal
4104808,Cascavel,PR,-24.952999114990234,-53.47959899902344,sede_municipal
4104907,Castro,PR,-24.78459930419922,-50.00579833984375,sede_municipal
4105003,Catanduvas,PR,-25.199600219726562,-53.15359878540039,sede_municipal
4105102,Centenário do Sul,PR,-22.821800231933594,-51.59410095214844,sede_municipal
4105201,Cerro Azul,PR,-24.824600219726562,-49.26319885253906,sede_municipal
4105300,Céu Azul,PR,-25.149099349975586,-53.849700927734375,sede_municipal
4105409,Chopinzinho,PR,-25.852500915527344,-52.5265007019043,sede_municipal
4105508,Cianorte,PR,-23.654300689697266,-52.61240005493164,sede_municipal
4105607,Cidade Gaúcha,PR,-23.383499145507812,-52.94449996948242,sede_municipal
4105706,Clevelândia,PR,-26.405500411987305,-52.35430145263672,sede_municipal
4105805,Colombo,PR,-25.292600631713867,-49.22439956665039,sede_municipal
4105904,Colorado,PR,-22.836299896240234,-51.971500396728516,sede_municipal
4106001,Congonhinhas,PR,-23.54990005493164,-50.55390167236328,sede_municipal
4106100,Conselheiro Mairinck,PR,-23.622499465942383,-50.16809844970703,sede_municipal
4106209,Contenda,PR,-25.678199768066406,-49.53670120239258,sede_municipal
4106308,Corbélia,PR,-24.79560089111328,-53.293399810791016,sede_municipal
4106407,Cornélio Procópio,PR,-23.18120002746582,-50.649600982666016,sede_municipal
4106456,Coronel Domingos Soares,PR,-26.224700927734375,-52.030601501464844,sede_municipal
4106506,Coronel Vivida,PR,-25.980100631713867,-52.5635986328125,sede_municipal
4106555,Corumbataí do Sul,PR,-24.098499298095703,-52.12009811401367,sede_municipal
4106571,Cruzeiro do Iguaçu,PR,-25.614599227905273,-53.12810134887695,sede_municipal
4106605,Cruzeiro do Oeste,PR,-23.783199310302734,-53.07120132446289,sede_municipal
4106704,Cruzeiro do Sul,PR,-22.96310043334961,-52.16469955444336,sede_municipal
4106803,Cruz Machado,PR,-26.018600463867188,-51.35319900512695,sede_municipal
4106852,Cruzmaltina,PR,-23.99090003967285,-51.446998596191406,sede_municipal
4106902,Curitiba,PR,-25.413299560546875,-49.26789855957031,sede_municipal
4107009,Curiúva,PR,-24.03339958190918,-50.45859909057617,sede_municipal
4107108,Diamante do Norte,PR,-22.66080093383789,-52.86330032348633,sede_municipal
4107124,Diamante do Sul,PR,-25.042299270629883,-52.680301666259766,sede_municipal
4107157,Diamante d'Oeste,PR,-24.943599700927734,-54.104698181152344,sede_municipal
4107207,Dois Vizinhos,PR,-25.74970054626465,-53.0536003112793,sede_municipal
4107256,Douradina,PR,-23.38249969482422,-53.292301177978516,sede_municipal
4107306,Doutor Camargo,PR,-23.55579948425293,-52.21889877319336,sede_municipal
4107405,Enéas Marques,PR,-25.94409942626953,-53.16339874267578,sede_municipal
4107504,Engenheiro Beltrão,PR,-23.797199249267578,-52.25910186767578,sede_municipal
4107520,Esperança Nova,PR,-23.726200103759766,-53.81209945678711,sede_municipal
4107538,Entre Rios do Oeste,PR,-24.70560073852539,-54.242801666259766,sede_municipal
4107546,Espigão Alto do Iguaçu,PR,-25.423200607299805,-52.83530044555664,sede_municipal
4107553,Farol,PR,-24.098899841308594,-52.62620162963867,sede_municipal
4107603,Faxinal,PR,-24.002300262451172,-51.32590103149414,sede_municipal
4107652,Fazenda Rio Grande,PR,-25.650100708007812,-49.30929946899414,sede_municipal
4107702,Fênix,PR,-23.913400650024414,-51.97949981689453,sede_municipal
4107736,Fernandes Pinheiro,PR,-25.41029930114746,-50.54880142211914,sede_municipal
4107751,Figueira,PR,-23.850400924682617,-50.40250015258789,sede_municipal
4107801,Floraí,PR,-23.320999145507812,-52.30139923095703,sede_municipal
4107850,Flor da Serra do Sul,PR,-26.259199142456055,-53.31159973144531,sede_municipal
4107900,Floresta,PR,-23.615999221801758,-52.08319854736328,sede_municipal
4108007,Florestópolis,PR,-22.866500854492188,-51.38999938964844,sede_municipal
4108106,Flórida,PR,-23.08639907836914,-51.9552001953125,sede_municipal
4108205,Formosa do Oeste,PR,-24.294200897216797,-53.311500549316406,sede_municipal
4108304,Foz do Iguaçu,PR,-25.54680061340332,-54.588401794433594,sede_municipal
4108320,Francisco Alves,PR,-24.06920051574707,-53.84479904174805,sede_municipal
4108403,Francisco Beltrão,PR,-26.0802001953125,-53.05540084838867,sede_municipal
4108452,Foz do Jordão,PR,-25.739200592041016,-52.12120056152344,sede_municipal
4108502,General Carneiro,PR,-26.429000854492188,-51.31829833984375,sede_municipal
4108551,Godoy Moreira,PR,-24.19580078125,-51.924198150634766,sede_municipal
4108601,Goioerê,PR,-24.188100814819336,-53.02090072631836,sede_municipal
4108650,Goioxim,PR,-25.19809913635254,-51.992698669433594,sede_municipal
4108700,Grandes Rios,PR,-24.142200469970703,-51.509300231933594,sede_municipal
4108809,Guaíra,PR,-24.08209991455078,-54.25519943237305,sede_municipal
4108908,Guairaçá,PR,-22.9330997467041,-52.68600082397461,sede_municipal
4108957,Guamiranga,PR,-25.189699172973633,-50.80849838256836,sede_municipal
4109005,Guapirama,PR,-23.516300201416016,-50.04240036010742,sede_municipal
4109104,Guaporema,PR,-23.340700149536133,-52.778900146484375,sede_municipal
4109203,Guaraci,PR,-22.97410011291504,-51.64910125732422,sede_municipal
4109302,Guaraniaçu,PR,-25.099899291992188,-52.867698669433594,sede_municipal
4109401,Guarapuava,PR,-25.38629913330078,-51.46989822387695,sede_municipal
4109500,Guaraqueçaba,PR,-25.299100875854492,-48.33000183105469,sede_municipal
4109609,Guaratuba,PR,-25.876300811767578,-48.57509994506836,sede_municipal
4109658,Honório Serpa,PR,-26.14579963684082,-52.38019943237305,sede_municipal
4109708,Ibaiti,PR,-23.844999313354492,-50.18870162963867,sede_municipal
4109757,Ibema,PR,-25.116899490356445,-53.01620101928711,sede_municipal
4109807,Ibiporã,PR,-23.267099380493164,-51.049800872802734,sede_municipal
4109906,Icaraíma,PR,-23.394899368286133,-53.62350082397461,sede_municipal
4110003,Iguaraçu,PR,-23.19770050048828,-51.82400131225586,sede_municipal
4110052,Iguatu,PR,-24.711299896240234,-53.087501525878906,sede_municipal
4110078,Imbaú,PR,-24.446699142456055,-50.76129913330078,sede_municipal
4110102,Imbituva,PR,-25.228500366210938,-50.60419845581055,sede_municipal
4110201,Inácio Martins,PR,-25.57349967956543,-51.07749938964844,sede_municipal
4110300,Inajá,PR,-22.75029945373535,-52.19710159301758,sede_municipal
4110409,Indianópolis,PR,-23.479700088500977,-52.69820022583008,sede_municipal
4110508,Ipiranga,PR,-25.025400161743164,-50.583900451660156,sede_municipal
4110607,Iporã,PR,-24.008100509643555,-53.71799850463867,sede_municipal
4110656,Iracema do Oeste,PR,-24.429500579833984,-53.356998443603516,sede_municipal
4110706,Irati,PR,-25.464500427246094,-50.64950180053711,sede_municipal
4110805,Iretama,PR,-24.422199249267578,-52.102901458740234,sede_municipal
4110904,Itaguajé,PR,-22.618900299072266,-51.96739959716797,sede_municipal
4110953,Itaipulândia,PR,-25.141199111938477,-54.29750061035156,sede_municipal
4111001,Itambaracá,PR,-23.013599395751953,-50.40760040283203,sede_municipal
4111100,Itambé,PR,-23.659400939941406,-51.9901008605957,sede_municipal
4111209,Itapejara d'Oeste,PR,-25.960100173950195,-52.81489944458008,sede_municipal
4111258,Itaperuçu,PR,-25.225000381469727,-49.354000091552734,sede_municipal
4111308,Itaúna do Sul,PR,-22.730100631713867,-52.88420104980469,sede_municipal
4111407,Ivaí,PR,-25.010299682617188,-50.858001708984375,sede_municipal
4111506,Ivaiporã,PR,-24.238399505615234,-51.66669845581055,sede_municipal
4111555,Ivaté,PR,-23.4064998626709,-53.375,sede_municipal
4111605,Ivatuba,PR,-23.61949920654297,-52.21699905395508,sede_municipal
4111704,Jaboti,PR,-23.744699478149414,-50.074501037597656,sede_municipal
4111803,Jacarezinho,PR,-23.159700393676758,-49.9734992980957,sede_municipal
4111902,Jaguapitã,PR,-23.10810089111328,-51.532501220703125,sede_municipal
4112009,Jaguariaíva,PR,-24.24810028076172,-49.70610046386719,sede_municipal
4112108,Jandaia do Sul,PR,-23.60099983215332,-51.644901275634766,sede_municipal
4112207,Janiópolis,PR,-24.14150047302246,-52.78139877319336,sede_municipal
4112306,Japira,PR,-23.812299728393555,-50.140499114990234,sede_municipal
4112405,Japurá,PR,-23.470699310302734,-52.556800842285156,sede_municipal
4112504,Jardim Alegre,PR,-24.177799224853516,-51.68899917602539,sede_municipal
4112603,Jardim Olinda,PR,-22.553300857543945,-52.03850173950195,sede_municipal
4112702,Jataizinho,PR,-23.253799438476562,-50.97990036010742,sede_municipal
4112751,Jesuítas,PR,-24.3799991607666,-53.3838005065918,sede_municipal
4112801,Joaquim Távora,PR,-23.497800827026367,-49.92449951171875,sede_municipal
4112900,Jundiaí do Sul,PR,-23.437000274658203,-50.249698638916016,sede_municipal
4112959,Juranda,PR,-24.422000885009766,-52.84379959106445,sede_municipal
4113007,Jussara,PR,-23.623300552368164,-52.472198486328125,sede_municipal
4113106,Kaloré,PR,-23.824100494384766,-51.66790008544922,sede_municipal
4113205,Lapa,PR,-25.768699645996094,-49.71699905395508,sede_municipal
4113254,Laranjal,PR,-24.8882999420166,-52.472900390625,sede_municipal
4113304,Laranjeiras do Sul,PR,-25.402000427246094,-52.41320037841797,sede_municipal
4113403,Leópolis,PR,-23.08099937438965,-50.753299713134766,sede_municipal
4113429,Lidianópolis,PR,-24.109100341796875,-51.65760040283203,sede_municipal
4113452,Lindoeste,PR,-25.268600463867188,-53.5723991394043,sede_municipal
4113502,Loanda,PR,-22.920700073242188,-53.13629913330078,sede_municipal
4113601,Lobato,PR,-23.00830078125,-51.95309829711914,sede_municipal
4113700,Londrina,PR,-23.335500717163086,-51.15060043334961,sede_municipal
4113734,Luiziana,PR,-24.287200927734375,-52.27470016479492,sede_municipal
4113759,Lunardelli,PR,-24.080299377441406,-51.744598388671875,sede_municipal
4113809,Lupionópolis,PR,-22.751699447631836,-51.657901763916016,sede_municipal
4113908,Mallet,PR,-25.884199142456055,-50.82680130004883,sede_municipal
4114005,Mamborê,PR,-24.310699462890625,-52.52870178222656,sede_municipal
4114104,Mandaguaçu,PR,-23.346500396728516,-52.09560012817383,sede_municipal
4114203,Mandaguari,PR,-23.528200149536133,-51.67060089111328,sede_municipal
4114302,Mandirituba,PR,-25.778400421142578,-49.32699966430664,sede_municipal
4114351,Manfrinópolis,PR,-26.145099639892578,-53.3125,sede_municipal
4114401,Mangueirinha,PR,-25.937599182128906,-52.173500061035156,sede_municipal
4114500,Manoel Ribas,PR,-24.51849937438965,-51.66419982910156,sede_municipal
4114609,Marechal Cândido Rondon,PR,-24.558000564575195,-54.05910110473633,sede_municipal
4114708,Maria Helena,PR,-23.612300872802734,-53.2056999206543,sede_municipal
4114807,Marialva,PR,-23.485300064086914,-51.790401458740234,sede_municipal
4114906,Marilândia do Sul,PR,-23.746700286865234,-51.30739974975586,sede_municipal
4115002,Marilena,PR,-22.736400604248047,-53.04079818725586,sede_municipal
4115101,Mariluz,PR,-24.00819969177246,-53.14830017089844,sede_municipal
4115200,Maringá,PR,-23.423999786376953,-51.93949890136719,sede_municipal
4115309,Mariópolis,PR,-26.356599807739258,-52.55550003051758,sede_municipal
4115358,Maripá,PR,-24.41790008544922,-53.82469940185547,sede_municipal
4115408,Marmeleiro,PR,-26.14889907836914,-53.02539825439453,sede_municipal
4115457,Marquinho,PR,-25.115100860595703,-52.255401611328125,sede_municipal
4115507,Marumbi,PR,-23.708599090576172,-51.63949966430664,sede_municipal
4115606,Matelândia,PR,-25.239900588989258,-53.97829818725586,sede_municipal
4115705,Matinhos,PR,-25.821300506591797,-48.540401458740234,sede_municipal
4115739,Mato Rico,PR,-24.705400466918945,-52.146400451660156,sede_municipal
4115754,Mauá da Serra,PR,-23.898000717163086,-51.22549819946289,sede_municipal
4115804,Medianeira,PR,-25.2903995513916,-54.087501525878906,sede_municipal
4115853,Mercedes,PR,-24.454700469970703,-54.164398193359375,sede_municipal
4115903,Mirador,PR,-23.256999969482422,-52.77629852294922,sede_municipal
4116000,Miraselva,PR,-22.96820068359375,-51.48320007324219,sede_municipal
4116059,Missal,PR,-25.09079933166504,-54.249000549316406,sede_municipal
4116109,Moreira Sales,PR,-24.0492000579834,-53.01060104370117,sede_municipal
4116208,Morretes,PR,-25.479000091552734,-48.833499908447266,sede_municipal
4116307,Munhoz de Melo,PR,-23.146799087524414,-51.771400451660156,sede_municipal
4116406,Nossa Senhora das Graças,PR,-22.914499282836914,-51.796199798583984,sede_municipal
4116505,Nova Aliança do Ivaí,PR,-23.17449951171875,-52.60309982299805,sede_municipal
4116604,Nova América da Colina,PR,-23.33099937438965,-50.71849822998047,sede_municipal
4116703,Nova Aurora,PR,-24.52869987487793,-53.25469970703125,sede_municipal
4116802,Nova Cantu,PR,-24.67569923400879,-52.57279968261719,sede_municipal
4116901,Nova Esperança,PR,-23.18939971923828,-52.19969940185547,sede_municipal
4116950,Nova Esperança do Sudoeste,PR,-25.89889907836914,-53.263099670410156,sede_municipal
4117008,Nova Fátima,PR,-23.432600021362305,-50.56169891357422,sede_municipal
4117057,Nova Laranjeiras,PR,-25.308500289916992,-52.536598205566406,sede_municipal
4117107,Nova Londrina,PR,-22.762300491333008,-52.99020004272461,sede_municipal
4117206,Nova Olímpia,PR,-23.470300674438477,-53.08599853515625,sede_municipal
4117214,Nova Santa Bárbara,PR,-23.591699600219727,-50.76219940185547,sede_municipal
4117222,Nova Santa Rosa,PR,-24.46780014038086,-53.95119857788086,sede_municipal
4117255,Nova Prata do Iguaçu,PR,-25.633100509643555,-53.35020065307617,sede_municipal
4117271,Nova Tebas,PR,-24.438600540161133,-51.947601318359375,sede_municipal
4117297,Novo Itacolomi,PR,-23.763399124145508,-51.50809860229492,sede_municipal
4117305,Ortigueira,PR,-24.211200714111328,-50.92499923706055,sede_municipal
4117404,Ourizona,PR,-23.404699325561523,-52.19670104980469,sede_municipal
4117453,Ouro Verde do Oeste,PR,-24.775999069213867,-53.899898529052734,sede_municipal
4117503,Paiçandu,PR,-23.459299087524414,-52.05160140991211,sede_municipal
4117602,Palmas,PR,-26.48900032043457,-51.98889923095703,sede_municipal
4117701,Palmeira,PR,-25.423799514770508,-49.99919891357422,sede_municipal
4117800,Palmital,PR,-24.885900497436523,-52.21189880371094,sede_municipal
4117909,Palotina,PR,-24.284799575805664,-53.84049987792969,sede_municipal
4118006,Paraíso do Norte,PR,-23.28030014038086,-52.599998474121094,sede_municipal
4118105,Paranacity,PR,-22.93239974975586,-52.152801513671875,sede_municipal
4118204,Paranaguá,PR,-25.51889991760254,-48.50910186767578,sede_municipal
4118303,Paranapoema,PR,-22.654800415039062,-52.084598541259766,sede_municipal
4118402,Paranavaí,PR,-23.08209991455078,-52.464298248291016,sede_municipal
4118451,Pato Bragado,PR,-24.62540054321289,-54.22520065307617,sede_municipal
4118501,Pato Branco,PR,-26.228500366210938,-52.67300033569336,sede_municipal
4118600,Paula Freitas,PR,-26.209699630737305,-50.935298919677734,sede_municipal
4118709,Paulo Frontin,PR,-26.042600631713867,-50.83340072631836,sede_municipal
4118808,Peabiru,PR,-23.913400650024414,-52.345699310302734,sede_municipal
4118857,Perobal,PR,-23.894500732421875,-53.40800094604492,sede_municipal
4118907,Pérola,PR,-23.80389976501465,-53.68790054321289,sede_municipal
4119004,Pérola d'Oeste,PR,-25.82740020751953,-53.742801666259766,sede_municipal
4119103,Piên,PR,-26.099599838256836,-49.430599212646484,sede_municipal
4119152,Pinhais,PR,-25.432600021362305,-49.18790054321289,sede_municipal
4119202,Pinhalão,PR,-23.79129981994629,-50.05870056152344,sede_municipal
4119251,Pinhal de São Bento,PR,-26.034500122070312,-53.48540115356445,sede_municipal
4119301,Pinhão,PR,-25.69529914855957,-51.65879821777344,sede_municipal
4119400,Piraí do Sul,PR,-24.5314998626709,-49.93659973144531,sede_municipal
4119509,Piraquara,PR,-25.451200485229492,-49.06930160522461,sede_municipal
4119608,Pitanga,PR,-24.757400512695312,-51.75920104980469,sede_municipal
4119657,Pitangueiras,PR,-23.233299255371094,-51.585601806640625,sede_municipal
4119707,Planaltina do Paraná,PR,-23.021699905395508,-52.91830062866211,sede_municipal
4119806,Planalto,PR,-25.718399047851562,-53.76969909667969,sede_municipal
4119905,Ponta Grossa,PR,-25.096399307250977,-50.17219924926758,sede_municipal
4119954,Pontal do Paraná,PR,-25.69729995727539,-48.47840118408203,sede_municipal
4120002,Porecatu,PR,-22.757999420166016,-51.37990188598633,sede_municipal
4120101,Porto Amazonas,PR,-25.546499252319336,-49.890499114990234,sede_municipal
4120150,Porto Barreiro,PR,-25.54960060119629,-52.408199310302734,sede_municipal
4120200,Porto Rico,PR,-22.775100708007812,-53.26729965209961,sede_municipal
4120309,Porto Vitória,PR,-26.161399841308594,-51.231201171875,sede_municipal
4120333,Prado Ferreira,PR,-23.0403995513916,-51.44219970703125,sede_municipal
4120358,Pranchita,PR,-26.020700454711914,-53.738800048828125,sede_municipal
4120408,Presidente Castelo Branco,PR,-23.279399871826172,-52.152400970458984,sede_municipal
4120507,Primeiro de Maio,PR,-22.853099822998047,-51.024600982666016,sede_municipal
4120606,Prudentópolis,PR,-25.21489906311035,-50.981300354003906,sede_municipal
4120655,Quarto Centenário,PR,-24.279699325561523,-53.07440185546875,sede_municipal
4120705,Quatiguá,PR,-23.56719970703125,-49.91579818725586,sede_municipal
4120804,Quatro Barras,PR,-25.36910057067871,-49.07419967651367,sede_municipal
4120853,Quatro Pontes,PR,-24.57379913330078,-53.97800064086914,sede_municipal
4120903,Quedas do Iguaçu,PR,-25.4552001953125,-52.90769958496094,sede_municipal
4121000,Querência do Norte,PR,-23.084199905395508,-53.485599517822266,sede_municipal
4121109,Quinta do Sol,PR,-23.852100372314453,-52.131500244140625,sede_municipal
4121208,Quitandinha,PR,-25.87179946899414,-49.49800109863281,sede_municipal
4121257,Ramilândia,PR,-25.11910057067871,-54.03219985961914,sede_municipal
4121307,Rancho Alegre,PR,-23.068300247192383,-50.91310119628906,sede_municipal
4121356,Rancho Alegre d'Oeste,PR,-24.305999755859375,-52.95600128173828,sede_municipal
4121406,Realeza,PR,-25.774900436401367,-53.53260040283203,sede_municipal
4121505,Rebouças,PR,-25.62030029296875,-50.69490051269531,sede_municipal
4121604,Renascença,PR,-26.1560001373291,-52.972198486328125,sede_municipal
4121703,Reserva,PR,-24.649999618530273,-50.8489990234375,sede_municipal
4121752,Reserva do Iguaçu,PR,-25.834400177001953,-52.0281982421875,sede_municipal
4121802,Ribeirão Claro,PR,-23.19540023803711,-49.75659942626953,sede_municipal
4121901,Ribeirão do Pinhal,PR,-23.406700134277344,-50.35969924926758,sede_municipal
4122008,Rio Azul,PR,-25.72330093383789,-50.78820037841797,sede_municipal
4122107,Rio Bom,PR,-23.760700225830078,-51.411598205566406,sede_municipal
4122156,Rio Bonito do Iguaçu,PR,-25.4906005859375,-52.525699615478516,sede_municipal
4122172,Rio Branco do Ivaí,PR,-24.316699981689453,-51.31380081176758,sede_municipal
4122206,Rio Branco do Sul,PR,-25.19230079650879,-49.31290054321289,sede_municipal
4122305,Rio Negro,PR,-26.082399368286133,-49.804100036621094,sede_municipal
4122404,Rolândia,PR,-23.314899444580078,-51.36640167236328,sede_municipal
4122503,Roncador,PR,-24.595500946044922,-52.27399826049805,sede_municipal
4122602,Rondon,PR,-23.415300369262695,-52.765899658203125,sede_municipal
4122651,Rosário do Ivaí,PR,-24.25550079345703,-51.25130081176758,sede_municipal
4122701,Sabáudia,PR,-23.319299697875977,-51.554298400878906,sede_municipal
4122800,Salgado Filho,PR,-26.172300338745117,-53.362998962402344,sede_municipal
4122909,Salto do Itararé,PR,-23.601200103759766,-49.6265983581543,sede_municipal
4123006,Salto do Lontra,PR,-25.783899307250977,-53.31129837036133,sede_municipal
4123105,Santa Amélia,PR,-23.26569938659668,-50.425899505615234,sede_municipal
4123204,Santa Cecília do Pavão,PR,-23.516199111938477,-50.784000396728516,sede_municipal
4123303,Santa Cruz de Monte Castelo,PR,-22.95709991455078,-53.29349899291992,sede_municipal
4123402,Santa Fé,PR,-23.04199981689453,-51.80839920043945,sede_municipal
4123501,Santa Helena,PR,-24.858999252319336,-54.33319854736328,sede_municipal
4123600,Santa Inês,PR,-22.640199661254883,-51.9015998840332,sede_municipal
4123709,Santa Isabel do Ivaí,PR,-23.001399993896484,-53.1968994140625,sede_municipal
4123808,Santa Izabel do Oeste,PR,-25.81800079345703,-53.48429870605469,sede_municipal
4123824,Santa Lúcia,PR,-25.408100128173828,-53.56740188598633,sede_municipal
4123857,Santa Maria do Oeste,PR,-24.940399169921875,-51.8656005859375,sede_municipal
4123907,Santa Mariana,PR,-23.146400451660156,-50.513301849365234,sede_municipal
4123956,Santa Mônica,PR,-23.109100341796875,-53.1083984375,sede_municipal
4124004,Santana do Itararé,PR,-23.756000518798828,-49.628299713134766,sede_municipal
4124020,Santa Tereza do Oeste,PR,-25.055599212646484,-53.622798919677734,sede_municipal
4124053,Santa Terezinha de Itaipu,PR,-25.44300079345703,-54.399600982666016,sede_municipal
4124103,Santo Antônio da Platina,PR,-23.292200088500977,-50.074100494384766,sede_municipal
4124202,Santo Antônio do Caiuá,PR,-22.734800338745117,-52.34370040893555,sede_municipal
4124301,Santo Antônio do Paraíso,PR,-23.493999481201172,-50.643699645996094,sede_municipal
4124400,Santo Antônio do Sudoeste,PR,-26.07159996032715,-53.72589874267578,sede_municipal
4124509,Santo Inácio,PR,-22.701799392700195,-51.794498443603516,sede_municipal
4124608,São Carlos do Ivaí,PR,-23.317699432373047,-52.47420120239258,sede_municipal
4124707,São Jerônimo da Serra,PR,-23.728700637817383,-50.74079895019531,sede_municipal
4124806,São João,PR,-25.82309913635254,-52.72880172729492,sede_municipal
4124905,São João do Caiuá,PR,-22.854000091552734,-52.339599609375,sede_municipal
4125001,São João do Ivaí,PR,-23.99139976501465,-51.81949996948242,sede_municipal
4125100,São João do Triunfo,PR,-25.681699752807617,-50.29679870605469,sede_municipal
4125209,São Jorge d'Oeste,PR,-25.710100173950195,-52.916500091552734,sede_municipal
4125308,São Jorge do Ivaí,PR,-23.433300018310547,-52.292701721191406,sede_municipal
4125357,São Jorge do Patrocínio,PR,-23.76420021057129,-53.88059997558594,sede_municipal
4125407,São José da Boa Vista,PR,-23.917600631713867,-49.65290069580078,sede_municipal
4125456,São José das Palmeiras,PR,-24.834699630737305,-54.064300537109375,sede_municipal
4125506,São José dos Pinhais,PR,-25.533899307250977,-49.207401275634766,sede_municipal
4125555,São Manoel do Paraná,PR,-23.39550018310547,-52.644500732421875,sede_municipal
4125605,São Mateus do Sul,PR,-25.873199462890625,-50.385501861572266,sede_municipal
4125704,São Miguel do Iguaçu,PR,-25.344499588012695,-54.23860168457031,sede_municipal
4125753,São Pedro do Iguaçu,PR,-24.93199920654297,-53.86309814453125,sede_municipal
4125803,São Pedro do Ivaí,PR,-23.866300582885742,-51.856201171875,sede_municipal
4125902,São Pedro do Paraná,PR,-22.82469940185547,-53.222198486328125,sede_municipal
4126009,São Sebastião da Amoreira,PR,-23.464000701904297,-50.76150131225586,sede_municipal
4126108,São Tomé,PR,-23.53499984741211,-52.58890151977539,sede_municipal
4126207,Sapopema,PR,-23.91069984436035,-50.57939910888672,sede_municipal
4126256,Sarandi,PR,-23.443099975585938,-51.872798919677734,sede_municipal
4126272,Saudade do Iguaçu,PR,-25.6914005279541,-52.61709976196289,sede_municipal
4126306,Sengés,PR,-24.11520004272461,-49.47140121459961,sede_municipal
4126355,Serranópolis do Iguaçu,PR,-25.40329933166504,-54.048099517822266,sede_municipal
4126405,Sertaneja,PR,-23.03730010986328,-50.81679916381836,sede_municipal
4126504,Sertanópolis,PR,-23.059600830078125,-51.03879928588867,sede_municipal
4126603,Siqueira Campos,PR,-23.689599990844727,-49.831600189208984,sede_municipal
4126652,Sulina,PR,-25.70159912109375,-52.721099853515625,sede_municipal
4126678,Tamarana,PR,-23.728300094604492,-51.09400177001953,sede_municipal
4126702,Tamboara,PR,-23.198400497436523,-52.5,sede_municipal
4126801,Tapejara,PR,-23.736400604248047,-52.86759948730469,sede_municipal
4126900,Tapira,PR,-23.32379913330078,-53.07389831542969,sede_municipal
4127007,Teixeira Soares,PR,-25.374300003051758,-50.461299896240234,sede_municipal
4127106,Telêmaco Borba,PR,-24.32939910888672,-50.621700286865234,sede_municipal
4127205,Terra Boa,PR,-23.766199111938477,-52.44649887084961,sede_municipal
4127304,Terra Rica,PR,-22.726299285888672,-52.62289810180664,sede_municipal
4127403,Terra Roxa,PR,-24.165000915527344,-54.0974006652832,sede_municipal
4127502,Tibagi,PR,-24.515300750732422,-50.40919876098633,sede_municipal
4127601,Tijucas do Sul,PR,-25.927600860595703,-49.179901123046875,sede_municipal
4127700,Toledo,PR,-24.722700119018555,-53.740299224853516,sede_municipal
4127809,Tomazina,PR,-23.779399871826172,-49.95690155029297,sede_municipal
4127858,Três Barras do Paraná,PR,-25.42259979248047,-53.189998626708984,sede_municipal
4127882,Tunas do Paraná,PR,-24.974000930786133,-49.08610153198242,sede_municipal
4127908,Tuneiras do Oeste,PR,-23.870500564575195,-52.87699890136719,sede_municipal
4127957,Tupãssi,PR,-24.585500717163086,-53.515499114990234,sede_municipal
4127965,Turvo,PR,-25.042999267578125,-51.539398193359375,sede_municipal
4128005,Ubiratã,PR,-24.5393009185791,-52.990501403808594,sede_municipal
4128104,Umuarama,PR,-23.75950050354004,-53.311798095703125,sede_municipal
4128203,União da Vitória,PR,-26.23069953918457,-51.088199615478516,sede_municipal
4128302,Uniflor,PR,-23.083200454711914,-52.157501220703125,sede_municipal
4128401,Uraí,PR,-23.201099395751953,-50.79600143432617,sede_municipal
4128500,Wenceslau Braz,PR,-23.877300262451172,-49.804100036621094,sede_municipal
4128534,Ventania,PR,-24.250099182128906,-50.24340057373047,sede_municipal
4128559,Vera Cruz do Oeste,PR,-25.0580997467041,-53.87710189819336,sede_municipal
4128609,Verê,PR,-25.87809944152832,-52.90520095825195,sede_municipal
4128625,Alto Paraíso,PR,-23.50589942932129,-53.72700119018555,sede_municipal
4128633,Doutor Ulysses,PR,-24.568599700927734,-49.42060089111328,sede_municipal
4128658,Virmond,PR,-25.38249969482422,-52.2047004699707,sede_municipal
4128708,Vitorino,PR,-26.267900466918945,-52.78239822387695,sede_municipal
4128807,Xambrê,PR,-23.732099533081055,-53.494598388671875,sede_municipal
4200051,Abdon Batista,SC,-27.611299514770508,-51.02220153808594,sede_municipal
4200101,Abelardo Luz,SC,-26.566299438476562,-52.32709884643555,sede_municipal
4200200,Agrolândia,SC,-27.411399841308594,-49.8297004699707,sede_municipal
4200309,Agronômica,SC,-27.269699096679688,-49.71770095825195,sede_municipal
4200408,Água Doce,SC,-26.997900009155273,-51.549400329589844,sede_municipal
4200507,Águas de Chapecó,SC,-27.074199676513672,-52.98789978027344,sede_municipal
4200556,Águas Frias,SC,-26.881900787353516,-52.859500885009766,sede_municipal
4200606,Águas Mornas,SC,-27.69969940185547,-48.817100524902344,sede_municipal
4200705,Alfredo Wagner,SC,-27.701099395751953,-49.33440017700195,sede_municipal
4200754,Alto Bela Vista,SC,-27.431800842285156,-51.906898498535156,sede_municipal
4200804,Anchieta,SC,-26.53510093688965,-53.33190155029297,sede_municipal
4200903,Angelina,SC,-27.5841007232666,-48.98270034790039,sede_municipal
4201000,Anita Garibaldi,SC,-27.686899185180664,-51.130001068115234,sede_municipal
4201109,Anitápolis,SC,-27.902700424194336,-49.128299713134766,sede_municipal
4201208,Antônio Carlos,SC,-27.51759910583496,-48.767799377441406,sede_municipal
4201257,Apiúna,SC,-27.032899856567383,-49.38600158691406,sede_municipal
4201273,Arabutã,SC,-27.159099578857422,-52.1432991027832,sede_municipal
4201307,Araquari,SC,-26.37030029296875,-48.72269821166992,sede_municipal
4201406,Araranguá,SC,-28.935199737548828,-49.48540115356445,sede_municipal
4201505,Armazém,SC,-28.26259994506836,-49.01649856567383,sede_municipal
4201604,Arroio Trinta,SC,-26.930999755859375,-51.335201263427734,sede_municipal
4201653,Arvoredo,SC,-27.074499130249023,-52.45750045776367,sede_municipal
4201703,Ascurra,SC,-26.956499099731445,-49.3765983581543,sede_municipal
4201802,Atalanta,SC,-27.420499801635742,-49.781700134277344,sede_municipal
4201901,Aurora,SC,-27.31599998474121,-49.637699127197266,sede_municipal
4201950,Balneário Arroio do Silva,SC,-28.987499237060547,-49.41320037841797,sede_municipal
4202008,Balneário Camboriú,SC,-26.990800857543945,-48.634300231933594,sede_municipal
4202057,Balneário Barra do Sul,SC,-26.459699630737305,-48.6068000793457,sede_municipal
4202073,Balneário Gaivota,SC,-29.15690040588379,-49.57929992675781,sede_municipal
4202081,Bandeirante,SC,-26.767799377441406,-53.63930130004883,sede_municipal
4202099,Barra Bonita,SC,-26.653099060058594,-53.43989944458008,sede_municipal
4202107,Barra Velha,SC,-26.63319969177246,-48.684600830078125,sede_municipal
4202131,Bela Vista do Toldo,SC,-26.273799896240234,-50.4651985168457,sede_municipal
4202156,Belmonte,SC,-26.842500686645508,-53.57609939575195,sede_municipal
4202206,Benedito Novo,SC,-26.781700134277344,-49.364601135253906,sede_municipal
4202305,Biguaçu,SC,-27.4955997467041,-48.65480041503906,sede_municipal
4202404,Blumenau,SC,-26.914400100708008,-49.06930160522461,sede_municipal
4202438,Bocaina do Sul,SC,-27.744199752807617,-49.944400787353516,sede_municipal
4202453,Bombinhas,SC,-27.15220069885254,-48.5010986328125,sede_municipal
4202503,Bom Jardim da Serra,SC,-28.337099075317383,-49.625701904296875,sede_municipal
4202537,Bom Jesus,SC,-26.73699951171875,-52.39509963989258,sede_municipal
4202578,Bom Jesus do Oeste,SC,-26.69300079345703,-53.09640121459961,sede_municipal
4202602,Bom Retiro,SC,-27.79669952392578,-49.49020004272461,sede_municipal
4202701,Botuverá,SC,-27.20009994506836,-49.074501037597656,sede_municipal
4202800,Braço do Norte,SC,-28.27630043029785,-49.16569900512695,sede_municipal
4202859,Braço do Trombudo,SC,-27.358400344848633,-49.883201599121094,sede_municipal
4202875,Brunópolis,SC,-27.31290054321289,-50.83689880371094,sede_municipal
4202909,Brusque,SC,-27.0935001373291,-48.9202995300293,sede_municipal
4203006,Caçador,SC,-26.774799346923828,-51.012901306152344,sede_municipal
4203105,Caibi,SC,-27.075000762939453,-53.2494010925293,sede_municipal
4203154,Calmon,SC,-26.6028995513916,-51.10110092163086,sede_municipal
4203204,Camboriú,SC,-27.022600173950195,-48.65190124511719,sede_municipal
4203253,Capão Alto,SC,-27.936800003051758,-50.51100158691406,sede_municipal
4203303,Campo Alegre,SC,-26.189899444580078,-49.2671012878418,sede_municipal
4203402,Campo Belo do Sul,SC,-27.899599075317383,-50.759498596191406,sede_municipal
4203501,Campo Erê,SC,-26.39940071105957,-53.08720016479492,sede_municipal
4203600,Campos Novos,SC,-27.401500701904297,-51.226600646972656,sede_municipal
4203709,Canelinha,SC,-27.266399383544922,-48.7671012878418,sede_municipal
4203808,Canoinhas,SC,-26.177499771118164,-50.390899658203125,sede_municipal
4203907,Capinzal,SC,-27.34269905090332,-51.61280059814453,sede_municipal
4203956,Capivari de Baixo,SC,-28.44770050048828,-48.955299377441406,sede_municipal
4204004,Catanduvas,SC,-27.069799423217773,-51.661399841308594,sede_municipal
4204103,Caxambu do Sul,SC,-27.161699295043945,-52.87900161743164,sede_municipal
4204152,Celso Ramos,SC,-27.63479995727539,-51.336299896240234,sede_municipal
4204178,Cerro Negro,SC,-27.79640007019043,-50.87480163574219,sede_municipal
4204194,Chapadão do Lageado,SC,-27.585399627685547,-49.54610061645508,sede_municipal
4204202,Chapecó,SC,-27.104299545288086,-52.61389923095703,sede_municipal
4204251,Cocal do Sul,SC,-28.60140037536621,-49.32550048828125,sede_municipal
4204301,Concórdia,SC,-27.231399536132812,-52.02299880981445,sede_municipal
4204350,Cordilheira Alta,SC,-26.98509979248047,-52.60329818725586,sede_municipal
4204400,Coronel Freitas,SC,-26.90959930419922,-52.70370101928711,sede_municipal
4204459,Coronel Martins,SC,-26.5132999420166,-52.667999267578125,sede_municipal
4204509,Corupá,SC,-26.425899505615234,-49.24359893798828,sede_municipal
4204558,Correia Pinto,SC,-27.59239959716797,-50.36029815673828,sede_municipal
4204608,Criciúma,SC,-28.677799224853516,-49.369300842285156,sede_municipal
4204707,Cunha Porã,SC,-26.892799377441406,-53.1708984375,sede_municipal
4204756,Cunhataí,SC,-26.97130012512207,-53.094398498535156,sede_municipal
4204806,Curitibanos,SC,-27.28339958190918,-50.58150100708008,sede_municipal
4204905,Descanso,SC,-26.8262996673584,-53.499900817871094,sede_municipal
4205001,Dionísio Cerqueira,SC,-26.25320053100586,-53.640098571777344,sede_municipal
4205100,Dona Emma,SC,-26.985700607299805,-49.72420120239258,sede_municipal
4205159,Doutor Pedrinho,SC,-26.71430015563965,-49.48550033569336,sede_municipal
4205175,Entre Rios,SC,-26.72410011291504,-52.56269836425781,sede_municipal
4205191,Ermo,SC,-28.986099243164062,-49.64289855957031,sede_municipal
4205209,Erval Velho,SC,-27.275400161743164,-51.44219970703125,sede_municipal
4205308,Faxinal dos Guedes,SC,-26.853099822998047,-52.26100158691406,sede_municipal
4205357,Flor do Sertão,SC,-26.778099060058594,-53.34859848022461,sede_municipal
4205407,Florianópolis,SC,-27.59749984741211,-48.54970169067383,sede_municipal
4205431,Formosa do Sul,SC,-26.647499084472656,-52.79330062866211,sede_municipal
4205456,Forquilhinha,SC,-28.74799919128418,-49.47269821166992,sede_municipal
4205506,Fraiburgo,SC,-27.02359962463379,-50.918399810791016,sede_municipal
4205555,Frei Rogério,SC,-27.17340087890625,-50.80630111694336,sede_municipal
4205605,Galvão,SC,-26.45509910583496,-52.69129943847656,sede_municipal
4205704,Garopaba,SC,-28.023700714111328,-48.61349868774414,sede_municipal
4205803,Garuva,SC,-26.02899932861328,-48.8557014465332,sede_municipal
4205902,Gaspar,SC,-26.92919921875,-48.95640182495117,sede_municipal
4206009,Governador Celso Ramos,SC,-27.316499710083008,-48.55849838256836,sede_municipal
4206108,Grão-Pará,SC,-28.187400817871094,-49.21310043334961,sede_municipal
4206207,Gravatal,SC,-28.33009910583496,-49.03609848022461,sede_municipal
4206306,Guabiruba,SC,-27.08639907836914,-48.97809982299805,sede_municipal
4206405,Guaraciaba,SC,-26.600000381469727,-53.52159881591797,sede_municipal
4206504,Guaramirim,SC,-26.47249984741211,-48.99470138549805,sede_municipal
4206603,Guarujá do Sul,SC,-26.385499954223633,-53.52880096435547,sede_municipal
4206652,Guatambú,SC,-27.13319969177246,-52.78779983520508,sede_municipal
4206702,Herval d'Oeste,SC,-27.172100067138672,-51.49689865112305,sede_municipal
4206751,Ibiam,SC,-27.179100036621094,-51.23809814453125,sede_municipal
4206801,Ibicaré,SC,-27.0939998626709,-51.367801666259766,sede_municipal
4206900,Ibirama,SC,-27.057899475097656,-49.51599884033203,sede_municipal
4207007,Içara,SC,-28.714099884033203,-49.29949951171875,sede_municipal
4207106,Ilhota,SC,-26.900999069213867,-48.827999114990234,sede_municipal
4207205,Imaruí,SC,-28.343799591064453,-48.814701080322266,sede_municipal
4207304,Imbituba,SC,-28.24139976501465,-48.664398193359375,sede_municipal
4207403,Imbuia,SC,-27.492000579833984,-49.42319869995117,sede_municipal
4207502,Indaial,SC,-26.89419937133789,-49.23320007324219,sede_municipal
4207577,Iomerê,SC,-27.005399703979492,-51.241600036621094,sede_municipal
4207601,Ipira,SC,-27.40489959716797,-51.77510070800781,sede_municipal
4207650,Iporã do Oeste,SC,-26.98940086364746,-53.535301208496094,sede_municipal
4207684,Ipuaçu,SC,-26.63479995727539,-52.456600189208984,sede_municipal
4207700,Ipumirim,SC,-27.075700759887695,-52.13420104980469,sede_municipal
4207759,Iraceminha,SC,-26.82390022277832,-53.27389907836914,sede_municipal
4207809,Irani,SC,-27.023399353027344,-51.9015998840332,sede_municipal
4207858,Irati,SC,-26.656700134277344,-52.89390182495117,sede_municipal
4207908,Irineópolis,SC,-26.239999771118164,-50.800899505615234,sede_municipal
4208005,Itá,SC,-27.274999618530273,-52.340599060058594,sede_municipal
4208104,Itaiópolis,SC,-26.33930015563965,-49.90639877319336,sede_municipal
4208203,Itajaí,SC,-26.904800415039062,-48.65549850463867,sede_municipal
4208302,Itapema,SC,-27.097700119018555,-48.61640167236328,sede_municipal
4208401,Itapiranga,SC,-27.17460060119629,-53.71269989013672,sede_municipal
4208450,Itapoá,SC,-26.081899642944336,-48.605499267578125,sede_municipal
4208500,Ituporanga,SC,-27.41550064086914,-49.60219955444336,sede_municipal
4208609,Jaborá,SC,-27.174699783325195,-51.73440170288086,sede_municipal
4208708,Jacinto Machado,SC,-28.99920082092285,-49.76259994506836,sede_municipal
4208807,Jaguaruna,SC,-28.615999221801758,-49.024600982666016,sede_municipal
4208906,Jaraguá do Sul,SC,-26.483600616455078,-49.08250045776367,sede_municipal
4208955,Jardinópolis,SC,-26.721399307250977,-52.86040115356445,sede_municipal
4209003,Joaçaba,SC,-27.173999786376953,-51.50469970703125,sede_municipal
4209102,Joinville,SC,-26.30120086669922,-48.840999603271484,sede_municipal
4209151,José Boiteux,SC,-26.959800720214844,-49.62770080566406,sede_municipal
4209177,Jupiá,SC,-26.399599075317383,-52.72650146484375,sede_municipal
4209201,Lacerdópolis,SC,-27.260799407958984,-51.55670166015625,sede_municipal
4209300,Lages,SC,-27.8169002532959,-50.325801849365234,sede_municipal
4209409,Laguna,SC,-28.483600616455078,-48.78139877319336,sede_municipal
4209458,Lajeado Grande,SC,-26.858999252319336,-52.567100524902344,sede_municipal
4209508,Laurentino,SC,-27.21809959411621,-49.733299255371094,sede_municipal
4209607,Lauro Müller,SC,-28.39539909362793,-49.39690017700195,sede_municipal
4209706,Lebon Régis,SC,-26.933900833129883,-50.69609832763672,sede_municipal
4209805,Leoberto Leal,SC,-27.50749969482422,-49.287498474121094,sede_municipal
4209854,Lindóia do Sul,SC,-27.052400588989258,-52.084598541259766,sede_municipal
4209904,Lontras,SC,-27.16990089416504,-49.54290008544922,sede_municipal
4210001,Luiz Alves,SC,-26.721399307250977,-48.933799743652344,sede_municipal
4210035,Luzerna,SC,-27.132999420166016,-51.46820068359375,sede_municipal
4210050,Macieira,SC,-26.856199264526367,-51.37580108642578,sede_municipal
4210100,Mafra,SC,-26.12299919128418,-49.806400299072266,sede_municipal
4210209,Major Gercino,SC,-27.417600631713867,-48.95289993286133,sede_municipal
4210308,Major Vieira,SC,-26.365299224853516,-50.327999114990234,sede_municipal
4210407,Maracajá,SC,-28.84670066833496,-49.45389938354492,sede_municipal
4210506,Maravilha,SC,-26.760400772094727,-53.17430114746094,sede_municipal
4210555,Marema,SC,-26.802900314331055,-52.6254997253418,sede_municipal
4210605,Massaranduba,SC,-26.617000579833984,-49.0088996887207,sede_municipal
4210704,Matos Costa,SC,-26.474700927734375,-51.15010070800781,sede_municipal
4210803,Meleiro,SC,-28.83060073852539,-49.63560104370117,sede_municipal
4210852,Mirim Doce,SC,-27.2012996673584,-50.06829833984375,sede_municipal
4210902,Modelo,SC,-26.775299072265625,-53.05289840698242,sede_municipal
4211009,Mondaí,SC,-27.1023006439209,-53.39950180053711,sede_municipal
4211058,Monte Carlo,SC,-27.22170066833496,-50.97930145263672,sede_municipal
4211108,Monte Castelo,SC,-26.459999084472656,-50.232601165771484,sede_municipal
4211207,Morro da Fumaça,SC,-28.652000427246094,-49.209800720214844,sede_municipal
4211256,Morro Grande,SC,-28.802799224853516,-49.72129821777344,sede_municipal
4211306,Navegantes,SC,-26.90049934387207,-48.65489959716797,sede_municipal
4211405,Nova Erechim,SC,-26.903499603271484,-52.906898498535156,sede_municipal
4211454,Nova Itaberaba,SC,-26.941099166870117,-52.813499450683594,sede_municipal
4211504,Nova Trento,SC,-27.286300659179688,-48.930301666259766,sede_municipal
4211603,Nova Veneza,SC,-28.63719940185547,-49.497501373291016,sede_municipal
4211652,Novo Horizonte,SC,-26.44569969177246,-52.83399963378906,sede_municipal
4211702,Orleans,SC,-28.35930061340332,-49.290401458740234,sede_municipal
4211751,Otacílio Costa,SC,-27.5049991607666,-50.11349868774414,sede_municipal
4211801,Ouro,SC,-27.342100143432617,-51.616798400878906,sede_municipal
4211850,Ouro Verde,SC,-26.694700241088867,-52.31159973144531,sede_municipal
4211876,Paial,SC,-27.256799697875977,-52.4994010925293,sede_municipal
4211892,Painel,SC,-27.920499801635742,-50.10319900512695,sede_municipal
4211900,Palhoça,SC,-27.645700454711914,-48.667598724365234,sede_municipal
4212007,Palma Sola,SC,-26.35140037536621,-53.27750015258789,sede_municipal
4212056,Palmeira,SC,-27.584299087524414,-50.1599006652832,sede_municipal
4212106,Palmitos,SC,-27.07159996032715,-53.159698486328125,sede_municipal
4212205,Papanduva,SC,-26.407499313354492,-50.14440155029297,sede_municipal
4212239,Paraíso,SC,-26.615100860595703,-53.67390060424805,sede_municipal
4212254,Passo de Torres,SC,-29.32509994506836,-49.7218017578125,sede_municipal
4212270,Passos Maia,SC,-26.779600143432617,-52.060001373291016,sede_municipal
4212304,Paulo Lopes,SC,-27.965200424194336,-48.68159866333008,sede_municipal
4212403,Pedras Grandes,SC,-28.43630027770996,-49.183998107910156,sede_municipal
4212502,Penha,SC,-26.771099090576172,-48.64690017700195,sede_municipal
4212601,Peritiba,SC,-27.37339973449707,-51.90530014038086,sede_municipal
4212650,Pescaria Brava,SC,-28.3843994140625,-48.86640167236328,sede_municipal
4212700,Petrolândia,SC,-27.532899856567383,-49.69929885864258,sede_municipal
4212809,Balneário Piçarras,SC,-26.765300750732422,-48.6713981628418,sede_municipal
4212908,Pinhalzinho,SC,-26.85110092163086,-52.98659896850586,sede_municipal
4213005,Pinheiro Preto,SC,-27.0447998046875,-51.22999954223633,sede_municipal
4213104,Piratuba,SC,-27.419700622558594,-51.777000427246094,sede_municipal
4213153,Planalto Alegre,SC,-27.0718994140625,-52.86589813232422,sede_municipal
4213203,Pomerode,SC,-26.741600036621094,-49.17539978027344,sede_municipal
4213302,Ponte Alta,SC,-27.482799530029297,-50.380699157714844,sede_municipal
4213351,Ponte Alta do Norte,SC,-27.162799835205078,-50.46730041503906,sede_municipal
4213401,Ponte Serrada,SC,-26.870500564575195,-52.015499114990234,sede_municipal
4213500,Porto Belo,SC,-27.154699325561523,-48.54209899902344,sede_municipal
4213609,Porto União,SC,-26.233200073242188,-51.080501556396484,sede_municipal
4213708,Pouso Redondo,SC,-27.258399963378906,-49.93450164794922,sede_municipal
4213807,Praia Grande,SC,-29.197500228881836,-49.95069885253906,sede_municipal
4213906,Presidente Castello Branco,SC,-27.222200393676758,-51.810001373291016,sede_municipal
4214003,Presidente Getúlio,SC,-27.04680061340332,-49.623199462890625,sede_municipal
4214102,Presidente Nereu,SC,-27.277599334716797,-49.39039993286133,sede_municipal
4214151,Princesa,SC,-26.444599151611328,-53.59989929199219,sede_municipal
4214201,Quilombo,SC,-26.726600646972656,-52.718299865722656,sede_municipal
4214300,Rancho Queimado,SC,-27.672800064086914,-49.01250076293945,sede_municipal
4214409,Rio das Antas,SC,-26.899499893188477,-51.07569885253906,sede_municipal
4214508,Rio do Campo,SC,-26.94930076599121,-50.1431999206543,sede_municipal
4214607,Rio do Oeste,SC,-27.18939971923828,-49.80799865722656,sede_municipal
4214706,Rio dos Cedros,SC,-26.740999221801758,-49.27190017700195,sede_municipal
4214805,Rio do Sul,SC,-27.215299606323242,-49.6431999206543,sede_municipal
4214904,Rio Fortuna,SC,-28.132200241088867,-49.10430145263672,sede_municipal
4215000,Rio Negrinho,SC,-26.251699447631836,-49.51850128173828,sede_municipal
4215059,Rio Rufino,SC,-27.864299774169922,-49.783199310302734,sede_municipal
4215075,Riqueza,SC,-27.06839942932129,-53.32320022583008,sede_municipal
4215109,Rodeio,SC,-26.923999786376953,-49.36869812011719,sede_municipal
4215208,Romelândia,SC,-26.679399490356445,-53.31760025024414,sede_municipal
4215307,Salete,SC,-26.975799560546875,-50.00230026245117,sede_municipal
4215356,Saltinho,SC,-26.60569953918457,-53.05849838256836,sede_municipal
4215406,Salto Veloso,SC,-26.90530014038086,-51.407501220703125,sede_municipal
4215455,Sangão,SC,-28.638500213623047,-49.128700256347656,sede_municipal
4215505,Santa Cecília,SC,-26.962200164794922,-50.42490005493164,sede_municipal
4215554,Santa Helena,SC,-26.939599990844727,-53.617801666259766,sede_municipal
4215604,Santa Rosa de Lima,SC,-28.039499282836914,-49.12590026855469,sede_municipal
4215653,Santa Rosa do Sul,SC,-29.135499954223633,-49.720298767089844,sede_municipal
4215679,Santa Terezinha,SC,-26.779199600219727,-50.006500244140625,sede_municipal
4215687,Santa Terezinha do Progresso,SC,-26.619800567626953,-53.199798583984375,sede_municipal
4215695,Santiago do Sul,SC,-26.63319969177246,-52.675899505615234,sede_municipal
4215703,Santo Amaro da Imperatriz,SC,-27.688899993896484,-48.77830123901367,sede_municipal
4215752,São Bernardino,SC,-26.47279930114746,-52.96670150756836,sede_municipal
4215802,São Bento do Sul,SC,-26.248199462890625,-49.38100051879883,sede_municipal
4215901,São Bonifácio,SC,-27.90089988708496,-48.930301666259766,sede_municipal
4216008,São Carlos,SC,-27.081300735473633,-53.005001068115234,sede_municipal
4216057,São Cristóvão do Sul,SC,-27.26740074157715,-50.441001892089844,sede_municipal
4216107,São Domingos,SC,-26.560400009155273,-52.53089904785156,sede_municipal
4216206,São Francisco do Sul,SC,-26.24340057373047,-48.63859939575195,sede_municipal
4216255,São João do Oeste,SC,-27.099300384521484,-53.59410095214844,sede_municipal
4216305,São João Batista,SC,-27.276100158691406,-48.8489990234375,sede_municipal
4216354,São João do Itaperiú,SC,-26.618499755859375,-48.7677001953125,sede_municipal
4216404,São João do Sul,SC,-29.22410011291504,-49.81039810180664,sede_municipal
4216503,São Joaquim,SC,-28.29450035095215,-49.93239974975586,sede_municipal
4216602,São José,SC,-27.61590003967285,-48.62779998779297,sede_municipal
4216701,São José do Cedro,SC,-26.454599380493164,-53.49829864501953,sede_municipal
4216800,São José do Cerrito,SC,-27.662399291992188,-50.5791015625,sede_municipal
4216909,São Lourenço do Oeste,SC,-26.35569953918457,-52.8484001159668,sede_municipal
4217006,São Ludgero,SC,-28.326400756835938,-49.17660140991211,sede_municipal
4217105,São Martinho,SC,-28.165000915527344,-48.97919845581055,sede_municipal
4217154,São Miguel da Boa Vista,SC,-26.691200256347656,-53.252201080322266,sede_municipal
4217204,São Miguel do Oeste,SC,-26.726600646972656,-53.51839828491211,sede_municipal
4217253,São Pedro de Alcântara,SC,-27.567399978637695,-48.804298400878906,sede_municipal
4217303,Saudades,SC,-26.927499771118164,-53.002601623535156,sede_municipal
4217402,Schroeder,SC,-26.411800384521484,-49.075801849365234,sede_municipal
4217501,Seara,SC,-27.150100708007812,-52.31079864501953,sede_municipal
4217550,Serra Alta,SC,-26.729799270629883,-53.04159927368164,sede_municipal
4217600,Siderópolis,SC,-28.598499298095703,-49.42509841918945,sede_municipal
4217709,Sombrio,SC,-29.114500045776367,-49.633201599121094,sede_municipal
4217758,Sul Brasil,SC,-26.7406005859375,-52.96889877319336,sede_municipal
4217808,Taió,SC,-27.117399215698242,-50.000099182128906,sede_municipal
4217907,Tangará,SC,-27.104000091552734,-51.24589920043945,sede_municipal
4217956,Tigrinhos,SC,-26.688499450683594,-53.152198791503906,sede_municipal
4218004,Tijucas,SC,-27.242799758911133,-48.631900787353516,sede_municipal
4218103,Timbé do Sul,SC,-28.832599639892578,-49.846900939941406,sede_municipal
4218202,Timbó,SC,-26.8218994140625,-49.27790069580078,sede_municipal
4218251,Timbó Grande,SC,-26.618600845336914,-50.67380142211914,sede_municipal
4218301,Três Barras,SC,-26.107799530029297,-50.31869888305664,sede_municipal
4218350,Treviso,SC,-28.51490020751953,-49.45759963989258,sede_municipal
4218400,Treze de Maio,SC,-28.559099197387695,-49.14799880981445,sede_municipal
4218509,Treze Tílias,SC,-26.999500274658203,-51.40729904174805,sede_municipal
4218608,Trombudo Central,SC,-27.30109977722168,-49.79199981689453,sede_municipal
4218707,Tubarão,SC,-28.483800888061523,-49.00640106201172,sede_municipal
4218756,Tunápolis,SC,-26.97089958190918,-53.63959884643555,sede_municipal
4218806,Turvo,SC,-28.927600860595703,-49.6781005859375,sede_municipal
4218855,União do Oeste,SC,-26.762500762939453,-52.85499954223633,sede_municipal
4218905,Urubici,SC,-28.015600204467773,-49.59239959716797,sede_municipal
4218954,Urupema,SC,-27.953399658203125,-49.8745002746582,sede_municipal
4219002,Urussanga,SC,-28.520299911499023,-49.32080078125,sede_municipal
4219101,Vargeão,SC,-26.861299514770508,-52.15510177612305,sede_municipal
4219150,Vargem,SC,-27.49139976501465,-50.976200103759766,sede_municipal
4219176,Vargem Bonita,SC,-27.004499435424805,-51.740699768066406,sede_municipal
4219200,Vidal Ramos,SC,-27.39259910583496,-49.36330032348633,sede_municipal
4219309,Videira,SC,-27.005800247192383,-51.15439987182617,sede_municipal
4219358,Vitor Meireles,SC,-26.881500244140625,-49.83319854736328,sede_municipal
4219408,Witmarsum,SC,-26.927200317382812,-49.79650115966797,sede_municipal
4219507,Xanxerê,SC,-26.87660026550293,-52.40489959716797,sede_municipal
4219606,Xavantina,SC,-27.06920051574707,-52.342201232910156,sede_municipal
4219705,Xaxim,SC,-26.96139907836914,-52.53340148925781,sede_municipal
4219853,Zortéa,SC,-27.453800201416016,-51.554100036621094,sede_municipal
4220000,Balneário Rincão,SC,-28.83099937438965,-49.23099899291992,sede_municipal
4300034,Aceguá,RS,-31.868099212646484,-54.165000915527344,sede_municipal
4300059,Água Santa,RS,-28.17639923095703,-52.03459930419922,sede_municipal
4300109,Agudo,RS,-29.64259910583496,-53.2495002746582,sede_municipal
4300208,Ajuricaba,RS,-28.239299774169922,-53.770599365234375,sede_municipal
4300307,Alecrim,RS,-27.65760040283203,-54.7672004699707,sede_municipal
4300406,Alegrete,RS,-29.801599502563477,-55.79690170288086,sede_municipal
4300455,Alegria,RS,-27.832199096679688,-54.05730056762695,sede_municipal
4300471,Almirante Tamandaré do Sul,RS,-28.111099243164062,-52.914798736572266,sede_municipal
4300505,Alpestre,RS,-27.251800537109375,-53.03450012207031,sede_municipal
4300554,Alto Alegre,RS,-28.77669906616211,-52.9911994934082,sede_municipal
4300570,Alto Feliz,RS,-29.384199142456055,-51.313499450683594,sede_municipal
4300604,Alvorada,RS,-29.998199462890625,-51.077301025390625,sede_municipal
4300638,Amaral Ferrador,RS,-30.876800537109375,-52.25379943847656,sede_municipal
4300646,Ametista do Sul,RS,-27.3617000579834,-53.18349838256836,sede_municipal
4300661,André da Rocha,RS,-28.631500244140625,-51.57419967651367,sede_municipal
4300703,Anta Gorda,RS,-28.970500946044922,-52.00550079345703,sede_municipal
4300802,Antônio Prado,RS,-28.85770034790039,-51.28300094604492,sede_municipal
4300851,Arambaré,RS,-30.905799865722656,-51.49440002441406,sede_municipal
4300877,Araricá,RS,-29.615800857543945,-50.92789840698242,sede_municipal
4300901,Aratiba,RS,-27.39349937438965,-52.30149841308594,sede_municipal
4301008,Arroio do Meio,RS,-29.40130043029785,-51.944801330566406,sede_municipal
4301057,Arroio do Sal,RS,-29.548799514770508,-49.88750076293945,sede_municipal
4301073,Arroio do Padre,RS,-31.441499710083008,-52.41910171508789,sede_municipal
4301107,Arroio dos Ratos,RS,-30.08930015563965,-51.72700119018555,sede_municipal
4301206,Arroio do Tigre,RS,-29.334999084472656,-53.08549880981445,sede_municipal
4301305,Arroio Grande,RS,-32.23849868774414,-53.08620071411133,sede_municipal
4301404,Arvorezinha,RS,-28.877099990844727,-52.180301666259766,sede_municipal
4301503,Augusto Pestana,RS,-28.514299392700195,-53.98970031738281,sede_municipal
4301552,Áurea,RS,-27.69849967956543,-52.052799224853516,sede_municipal
4301602,Bagé,RS,-31.331199645996094,-54.10710144042969,sede_municipal
4301636,Balneário Pinhal,RS,-30.257200241088867,-50.23899841308594,sede_municipal
4301651,Barão,RS,-29.37529945373535,-51.5005989074707,sede_municipal
4301701,Barão de Cotegipe,RS,-27.62220001220703,-52.37889862060547,sede_municipal
4301750,Barão do Triunfo,RS,-30.390100479125977,-51.735801696777344,sede_municipal
4301800,Barracão,RS,-27.679000854492188,-51.458099365234375,sede_municipal
4301859,Barra do Guarita,RS,-27.187599182128906,-53.71480178833008,sede_municipal
4301875,Barra do Quaraí,RS,-30.2106990814209,-57.55590057373047,sede_municipal
4301909,Barra do Ribeiro,RS,-30.30139923095703,-51.305599212646484,sede_municipal
4301925,Barra do Rio Azul,RS,-27.40999984741211,-52.415199279785156,sede_municipal
4301958,Barra Funda,RS,-27.923900604248047,-53.04209899902344,sede_municipal
4302006,Barros Cassal,RS,-29.092899322509766,-52.58290100097656,sede_municipal
4302055,Benjamin Constant do Sul,RS,-27.50979995727539,-52.60139846801758,sede_municipal
4302105,Bento Gonçalves,RS,-29.166799545288086,-51.51689910888672,sede_municipal
4302154,Boa Vista das Missões,RS,-27.665199279785156,-53.315101623535156,sede_municipal
4302204,Boa Vista do Buricá,RS,-27.66860008239746,-54.11199951171875,sede_municipal
4302220,Boa Vista do Cadeado,RS,-28.575899124145508,-53.81269836425781,sede_municipal
4302238,Boa Vista do Incra,RS,-28.82040023803711,-53.38349914550781,sede_municipal
4302253,Boa Vista do Sul,RS,-29.35070037841797,-51.67610168457031,sede_municipal
4302303,Bom Jesus,RS,-28.66950035095215,-50.43619918823242,sede_municipal
4302352,Bom Princípio,RS,-29.489700317382812,-51.35710144042969,sede_municipal
4302378,Bom Progresso,RS,-27.552799224853516,-53.86389923095703,sede_municipal
4302402,Bom Retiro do Sul,RS,-29.60930061340332,-51.944801330566406,sede_municipal
4302451,Boqueirão do Leão,RS,-29.30389976501465,-52.432498931884766,sede_municipal
4302501,Bossoroca,RS,-28.730300903320312,-54.91019821166992,sede_municipal
4302584,Bozano,RS,-28.36840057373047,-53.77170181274414,sede_municipal
4302600,Braga,RS,-27.614599227905273,-53.7401008605957,sede_municipal
4302659,Brochier,RS,-29.557600021362305,-51.59189987182617,sede_municipal
4302709,Butiá,RS,-30.117900848388672,-51.97010040283203,sede_municipal
4302808,Caçapava do Sul,RS,-30.514400482177734,-53.49209976196289,sede_municipal
4302907,Cacequi,RS,-29.8843994140625,-54.82659912109375,sede_municipal
4303004,Cachoeira do Sul,RS,-30.048500061035156,-52.888999938964844,sede_municipal
4303103,Cachoeirinha,RS,-29.947500228881836,-51.092201232910156,sede_municipal
4303202,Cacique Doble,RS,-27.76650047302246,-51.66460037231445,sede_municipal
4303301,Caibaté,RS,-28.289100646972656,-54.637001037597656,sede_municipal
4303400,Caiçara,RS,-27.276100158691406,-53.430198669433594,sede_municipal
4303509,Camaquã,RS,-30.85140037536621,-51.81290054321289,sede_municipal
4303558,Camargo,RS,-28.587200164794922,-52.207801818847656,sede_municipal
4303608,Cambará do Sul,RS,-29.048099517822266,-50.14550018310547,sede_municipal
4303673,Campestre da Serra,RS,-28.799299240112305,-51.09379959106445,sede_municipal
4303707,Campina das Missões,RS,-27.990100860595703,-54.839500427246094,sede_municipal
4303806,Campinas do Sul,RS,-27.715599060058594,-52.62670135498047,sede_municipal
4303905,Campo Bom,RS,-29.68199920654297,-51.05870056152344,sede_municipal
4304002,Campo Novo,RS,-27.67569923400879,-53.80550003051758,sede_municipal
4304101,Campos Borges,RS,-28.877399444580078,-52.99580001831055,sede_municipal
4304200,Candelária,RS,-29.673599243164062,-52.786399841308594,sede_municipal
4304309,Cândido Godói,RS,-27.952899932861328,-54.753299713134766,sede_municipal
4304358,Candiota,RS,-31.54680061340332,-53.714298248291016,sede_municipal
4304408,Canela,RS,-29.362499237060547,-50.811100006103516,sede_municipal
4304507,Canguçu,RS,-31.397600173950195,-52.67729949951172,sede_municipal
4304606,Canoas,RS,-29.92180061340332,-51.18000030517578,sede_municipal
4304614,Canudos do Vale,RS,-29.322999954223633,-52.23619842529297,sede_municipal
4304622,Capão Bonito do Sul,RS,-28.128000259399414,-51.395198822021484,sede_municipal
4304630,Capão da Canoa,RS,-29.75790023803711,-50.0181999206543,sede_municipal
4304655,Capão do Cipó,RS,-28.93239974975586,-54.55550003051758,sede_municipal
4304663,Capão do Leão,RS,-31.76420021057129,-52.49980163574219,sede_municipal
4304671,Capivari do Sul,RS,-30.14590072631836,-50.51300048828125,sede_municipal
4304689,Capela de Santana,RS,-29.686199188232422,-51.320499420166016,sede_municipal
4304697,Capitão,RS,-29.271400451660156,-51.98720169067383,sede_municipal
4304705,Carazinho,RS,-28.285600662231445,-52.787200927734375,sede_municipal
4304713,Caraá,RS,-29.784099578857422,-50.42879867553711,sede_municipal
4304804,Carlos Barbosa,RS,-29.2992000579834,-51.500701904296875,sede_municipal
4304853,Carlos Gomes,RS,-27.715900421142578,-51.91460037231445,sede_municipal
4304903,Casca,RS,-28.564699172973633,-51.976898193359375,sede_municipal
4304952,Caseiros,RS,-28.27359962463379,-51.69029998779297,sede_municipal
4305009,Catuípe,RS,-28.250900268554688,-54.01369857788086,sede_municipal
4305108,Caxias do Sul,RS,-29.173099517822266,-51.17679977416992,sede_municipal
4305116,Centenário,RS,-27.76110076904297,-51.99810028076172,sede_municipal
4305124,Cerrito,RS,-31.854000091552734,-52.81660079956055,sede_municipal
4305132,Cerro Branco,RS,-29.6658992767334,-52.93479919433594,sede_municipal
4305157,Cerro Grande,RS,-27.61009979248047,-53.16640090942383,sede_municipal
4305173,Cerro Grande do Sul,RS,-30.594200134277344,-51.749698638916016,sede_municipal
4305207,Cerro Largo,RS,-28.14699935913086,-54.73809814453125,sede_municipal
4305306,Chapada,RS,-28.05739974975586,-53.06760025024414,sede_municipal
4305355,Charqueadas,RS,-29.958799362182617,-51.62799835205078,sede_municipal
4305371,Charrua,RS,-27.953800201416016,-52.03229904174805,sede_municipal
4305405,Chiapetta,RS,-27.922800064086914,-53.941200256347656,sede_municipal
4305439,Chuí,RS,-33.689300537109375,-53.44390106201172,sede_municipal
4305447,Chuvisca,RS,-30.75749969482422,-51.97829818725586,sede_municipal
4305454,Cidreira,RS,-30.18400001525879,-50.20719909667969,sede_municipal
4305504,Ciríaco,RS,-28.34309959411621,-51.87620162963867,sede_municipal
4305587,Colinas,RS,-29.38920021057129,-51.86940002441406,sede_municipal
4305603,Colorado,RS,-28.52720069885254,-52.992698669433594,sede_municipal
4305702,Condor,RS,-28.208900451660156,-53.48419952392578,sede_municipal
4305801,Constantina,RS,-27.73310089111328,-52.994998931884766,sede_municipal
4305835,Coqueiro Baixo,RS,-29.177200317382812,-52.0989990234375,sede_municipal
4305850,Coqueiros do Sul,RS,-28.11870002746582,-52.78260040283203,sede_municipal
4305871,Coronel Barros,RS,-28.38249969482422,-54.07350158691406,sede_municipal
4305900,Coronel Bicaco,RS,-27.71809959411621,-53.70800018310547,sede_municipal
4305934,Coronel Pilar,RS,-29.273300170898438,-51.68579864501953,sede_municipal
4305959,Cotiporã,RS,-28.994199752807617,-51.69660186767578,sede_municipal
4305975,Coxilha,RS,-28.12660026550293,-52.30009841918945,sede_municipal
4306007,Crissiumal,RS,-27.497900009155273,-54.102500915527344,sede_municipal
4306056,Cristal,RS,-31.000999450683594,-52.04650115966797,sede_municipal
4306072,Cristal do Sul,RS,-27.454200744628906,-53.24800109863281,sede_municipal
4306106,Cruz Alta,RS,-28.645099639892578,-53.60580062866211,sede_municipal
4306130,Cruzaltense,RS,-27.668399810791016,-52.648799896240234,sede_municipal
4306205,Cruzeiro do Sul,RS,-29.513399124145508,-51.984500885009766,sede_municipal
4306304,David Canabarro,RS,-28.38680076599121,-51.8474006652832,sede_municipal
4306320,Derrubadas,RS,-27.266599655151367,-53.86130142211914,sede_municipal
4306353,Dezesseis de Novembro,RS,-28.22570037841797,-55.04679870605469,sede_municipal
4306379,Dilermando de Aguiar,RS,-29.706300735473633,-54.20840072631836,sede_municipal
4306403,Dois Irmãos,RS,-29.589500427246094,-51.09040069580078,sede_municipal
4306429,Dois Irmãos das Missões,RS,-27.65959930419922,-53.53269958496094,sede_municipal
4306452,Dois Lajeados,RS,-28.984500885009766,-51.83570098876953,sede_municipal
4306502,Dom Feliciano,RS,-30.702199935913086,-52.10900115966797,sede_municipal
4306551,Dom Pedro de Alcântara,RS,-29.368999481201172,-49.848201751708984,sede_municipal
4306601,Dom Pedrito,RS,-30.98349952697754,-54.67390060424805,sede_municipal
4306700,Dona Francisca,RS,-29.621999740600586,-53.35599899291992,sede_municipal
4306734,Doutor Maurício Cardoso,RS,-27.508899688720703,-54.36349868774414,sede_municipal
4306759,Doutor Ricardo,RS,-29.093299865722656,-51.98860168457031,sede_municipal
4306767,Eldorado do Sul,RS,-30.000999450683594,-51.312198638916016,sede_municipal
4306809,Encantado,RS,-29.236900329589844,-51.87229919433594,sede_municipal
4306908,Encruzilhada do Sul,RS,-30.541500091552734,-52.52119827270508,sede_municipal
4306924,Engenho Velho,RS,-27.71030044555664,-52.91320037841797,sede_municipal
4306932,Entre-Ijuís,RS,-28.359600067138672,-54.27190017700195,sede_municipal
4306957,Entre Rios do Sul,RS,-27.52989959716797,-52.731998443603516,sede_municipal
4306973,Erebango,RS,-27.852100372314453,-52.302799224853516,sede_municipal
4307005,Erechim,RS,-27.635299682617188,-52.27429962158203,sede_municipal
4307054,Ernestina,RS,-28.498600006103516,-52.572898864746094,sede_municipal
4307104,Herval,RS,-32.02669906616211,-53.39500045776367,sede_municipal
4307203,Erval Grande,RS,-27.38960075378418,-52.56990051269531,sede_municipal
4307302,Erval Seco,RS,-27.548799514770508,-53.5088005065918,sede_municipal
4307401,Esmeralda,RS,-28.053499221801758,-51.19020080566406,sede_municipal
4307450,Esperança do Sul,RS,-27.364999771118164,-53.98749923706055,sede_municipal
4307500,Espumoso,RS,-28.726299285888672,-52.844600677490234,sede_municipal
4307559,Estação,RS,-27.913700103759766,-52.262298583984375,sede_municipal
4307609,Estância Velha,RS,-29.648399353027344,-51.177101135253906,sede_municipal
4307708,Esteio,RS,-29.8533992767334,-51.17890167236328,sede_municipal
4307807,Estrela,RS,-29.502099990844727,-51.96739959716797,sede_municipal
4307815,Estrela Velha,RS,-29.177400588989258,-53.15610122680664,sede_municipal
4307831,Eugênio de Castro,RS,-28.526100158691406,-54.14830017089844,sede_municipal
4307864,Fagundes Varela,RS,-28.885099411010742,-51.7046012878418,sede_municipal
4307906,Farroupilha,RS,-29.223899841308594,-51.348201751708984,sede_municipal
4308003,Faxinal do Soturno,RS,-29.58099937438965,-53.44649887084961,sede_municipal
4308052,Faxinalzinho,RS,-27.421600341796875,-52.676300048828125,sede_municipal
4308078,Fazenda Vilanova,RS,-29.590599060058594,-51.827701568603516,sede_municipal
4308102,Feliz,RS,-29.453899383544922,-51.307498931884766,sede_municipal
4308201,Flores da Cunha,RS,-29.035200119018555,-51.18370056152344,sede_municipal
4308250,Floriano Peixoto,RS,-27.86009979248047,-52.08420181274414,sede_municipal
4308300,Fontoura Xavier,RS,-28.98349952697754,-52.34590148925781,sede_municipal
4308409,Formigueiro,RS,-30.00149917602539,-53.5010986328125,sede_municipal
4308433,Forquetinha,RS,-29.38479995727539,-52.0968017578125,sede_municipal
4308458,Fortaleza dos Valos,RS,-28.791400909423828,-53.22850036621094,sede_municipal
4308508,Frederico Westphalen,RS,-27.355600357055664,-53.39759826660156,sede_municipal
4308607,Garibaldi,RS,-29.254499435424805,-51.534000396728516,sede_municipal
4308656,Garruchos,RS,-28.183300018310547,-55.6416015625,sede_municipal
4308706,Gaurama,RS,-27.587099075317383,-52.09239959716797,sede_municipal
4308805,General Câmara,RS,-29.905799865722656,-51.76279830932617,sede_municipal
4308854,Gentil,RS,-28.43160057067871,-52.035099029541016,sede_municipal
4308904,Getúlio Vargas,RS,-27.891399383544922,-52.222599029541016,sede_municipal
4309001,Giruá,RS,-28.030000686645508,-54.34920120239258,sede_municipal
4309050,Glorinha,RS,-29.878999710083008,-50.78689956665039,sede_municipal
4309100,Gramado,RS,-29.378799438476562,-50.87099838256836,sede_municipal
4309126,Gramado dos Loureiros,RS,-27.444599151611328,-52.91709899902344,sede_municipal
4309159,Gramado Xavier,RS,-29.267499923706055,-52.57929992675781,sede_municipal
4309209,Gravataí,RS,-29.943300247192383,-50.99380111694336,sede_municipal
4309258,Guabiju,RS,-28.53730010986328,-51.69049835205078,sede_municipal
4309308,Guaíba,RS,-30.11400032043457,-51.32929992675781,sede_municipal
4309407,Guaporé,RS,-28.84819984436035,-51.89059829711914,sede_municipal
4309506,Guarani das Missões,RS,-28.142200469970703,-54.55929946899414,sede_municipal
4309555,Harmonia,RS,-29.552200317382812,-51.41680145263672,sede_municipal
4309571,Herveiras,RS,-29.453899383544922,-52.6525993347168,sede_municipal
4309605,Horizontina,RS,-27.627500534057617,-54.30849838256836,sede_municipal
4309654,Hulha Negra,RS,-31.40760040283203,-53.87089920043945,sede_municipal
4309704,Humaitá,RS,-27.564899444580078,-53.96849822998047,sede_municipal
4309753,Ibarama,RS,-29.4242000579834,-53.12689971923828,sede_municipal
4309803,Ibiaçá,RS,-28.05699920654297,-51.857200622558594,sede_municipal
4309902,Ibiraiaras,RS,-28.373300552368164,-51.638301849365234,sede_municipal
4309951,Ibirapuitã,RS,-28.62459945678711,-52.51129913330078,sede_municipal
4310009,Ibirubá,RS,-28.627500534057617,-53.09109878540039,sede_municipal
4310108,Igrejinha,RS,-29.586999893188477,-50.80400085449219,sede_municipal
4310207,Ijuí,RS,-28.388599395751953,-53.91600036621094,sede_municipal
4310306,Ilópolis,RS,-28.927900314331055,-52.12710189819336,sede_municipal
4310330,Imbé,RS,-29.97260093688965,-50.13370132446289,sede_municipal
4310363,Imigrante,RS,-29.35460090637207,-51.778099060058594,sede_municipal
4310405,Independência,RS,-27.850299835205078,-54.188499450683594,sede_municipal
4310413,Inhacorá,RS,-27.88279914855957,-54.023101806640625,sede_municipal
4310439,Ipê,RS,-28.81879997253418,-51.280399322509766,sede_municipal
4310462,Ipiranga do Sul,RS,-27.94029998779297,-52.42169952392578,sede_municipal
4310504,Iraí,RS,-27.19659996032715,-53.249000549316406,sede_municipal
4310538,Itaara,RS,-29.609699249267578,-53.762298583984375,sede_municipal
4310553,Itacurubi,RS,-28.79789924621582,-55.235801696777344,sede_municipal
4310579,Itapuca,RS,-28.77989959716797,-52.17319869995117,sede_municipal
4310603,Itaqui,RS,-29.121599197387695,-56.55720138549805,sede_municipal
4310652,Itati,RS,-29.491300582885742,-50.10089874267578,sede_municipal
4310702,Itatiba do Sul,RS,-27.382099151611328,-52.4552001953125,sede_municipal
4310751,Ivorá,RS,-29.521499633789062,-53.58150100708008,sede_municipal
4310801,Ivoti,RS,-29.592599868774414,-51.160701751708984,sede_municipal
4310850,Jaboticaba,RS,-27.63290023803711,-53.27880096435547,sede_municipal
4310876,Jacuizinho,RS,-29.035600662231445,-53.049598693847656,sede_municipal
4310900,Jacutinga,RS,-27.728900909423828,-52.536399841308594,sede_municipal
4311007,Jaguarão,RS,-32.56549835205078,-53.377899169921875,sede_municipal
4311106,Jaguari,RS,-29.50149917602539,-54.69049835205078,sede_municipal
4311122,Jaquirana,RS,-28.883499145507812,-50.36069869995117,sede_municipal
4311130,Jari,RS,-29.28969955444336,-54.22169876098633,sede_municipal
4311155,Jóia,RS,-28.647499084472656,-54.12179946899414,sede_municipal
4311205,Júlio de Castilhos,RS,-29.228700637817383,-53.68320083618164,sede_municipal
4311239,Lagoa Bonita do Sul,RS,-29.48979949951172,-53.01789855957031,sede_municipal
4311254,Lagoão,RS,-29.222999572753906,-52.774200439453125,sede_municipal
4311270,Lagoa dos Três Cantos,RS,-28.57159996032715,-52.85430145263672,sede_municipal
4311304,Lagoa Vermelha,RS,-28.20840072631836,-51.5275993347168,sede_municipal
4311403,Lajeado,RS,-29.46660041809082,-51.96329879760742,sede_municipal
4311429,Lajeado do Bugre,RS,-27.69179916381836,-53.179901123046875,sede_municipal
4311502,Lavras do Sul,RS,-30.81100082397461,-53.89799880981445,sede_municipal
4311601,Liberato Salzano,RS,-27.601299285888672,-53.06959915161133,sede_municipal
4311627,Lindolfo Collor,RS,-29.591800689697266,-51.21369934082031,sede_municipal
4311643,Linha Nova,RS,-29.468000411987305,-51.19710159301758,sede_municipal
4311700,Machadinho,RS,-27.569700241088867,-51.667198181152344,sede_municipal
4311718,Maçambará,RS,-29.147300720214844,-56.06740188598633,sede_municipal
4311734,Mampituba,RS,-29.21380043029785,-49.9364013671875,sede_municipal
4311759,Manoel Viana,RS,-29.593599319458008,-55.48149871826172,sede_municipal
4311775,Maquiné,RS,-29.677799224853516,-50.2052001953125,sede_municipal
4311791,Maratá,RS,-29.549100875854492,-51.55690002441406,sede_municipal
4311809,Marau,RS,-28.44890022277832,-52.20009994506836,sede_municipal
4311908,Marcelino Ramos,RS,-27.462600708007812,-51.90810012817383,sede_municipal
4311981,Mariana Pimentel,RS,-30.35379981994629,-51.58420181274414,sede_municipal
4312005,Mariano Moro,RS,-27.35580062866211,-52.14699935913086,sede_municipal
4312054,Marques de Souza,RS,-29.327800750732422,-52.095001220703125,sede_municipal
4312104,Mata,RS,-29.56450080871582,-54.4541015625,sede_municipal
4312138,Mato Castelhano,RS,-28.276899337768555,-52.196998596191406,sede_municipal
4312153,Mato Leitão,RS,-29.524799346923828,-52.127899169921875,sede_municipal
4312179,Mato Queimado,RS,-28.256000518798828,-54.61470031738281,sede_municipal
4312203,Maximiliano de Almeida,RS,-27.63249969482422,-51.80580139160156,sede_municipal
4312252,Minas do Leão,RS,-30.12649917602539,-52.047401428222656,sede_municipal
4312302,Miraguaí,RS,-27.49679946899414,-53.684898376464844,sede_municipal
4312351,Montauri,RS,-28.652999877929688,-52.07749938964844,sede_municipal
4312377,Monte Alegre dos Campos,RS,-28.685400009155273,-50.78340148925781,sede_municipal
4312385,Monte Belo do Sul,RS,-29.163299560546875,-51.635398864746094,sede_municipal
4312401,Montenegro,RS,-29.689199447631836,-51.460601806640625,sede_municipal
4312427,Mormaço,RS,-28.693199157714844,-52.69269943237305,sede_municipal
4312443,Morrinhos do Sul,RS,-29.36840057373047,-49.93320083618164,sede_municipal
4312450,Morro Redondo,RS,-31.59589958190918,-52.62670135498047,sede_municipal
4312476,Morro Reuter,RS,-29.540199279785156,-51.079200744628906,sede_municipal
4312500,Mostardas,RS,-31.107500076293945,-50.91630172729492,sede_municipal
4312609,Muçum,RS,-29.166500091552734,-51.87139892578125,sede_municipal
4312617,Muitos Capões,RS,-28.315799713134766,-51.184600830078125,sede_municipal
4312625,Muliterno,RS,-28.32830047607422,-51.768001556396484,sede_municipal
4312658,Não-Me-Toque,RS,-28.46269989013672,-52.81740188598633,sede_municipal
4312674,Nicolau Vergueiro,RS,-28.535900115966797,-52.46139907836914,sede_municipal
4312708,Nonoai,RS,-27.363300323486328,-52.77349853515625,sede_municipal
4312757,Nova Alvorada,RS,-28.677400588989258,-52.166099548339844,sede_municipal
4312807,Nova Araçá,RS,-28.660900115966797,-51.74449920654297,sede_municipal
4312906,Nova Bassano,RS,-28.740999221801758,-51.70109939575195,sede_municipal
4312955,Nova Boa Vista,RS,-27.991899490356445,-52.98030090332031,sede_municipal
4313003,Nova Bréscia,RS,-29.214599609375,-52.0275993347168,sede_municipal
4313011,Nova Candelária,RS,-27.608699798583984,-54.1068000793457,sede_municipal
4313037,Nova Esperança do Sul,RS,-29.409799575805664,-54.831199645996094,sede_municipal
4313060,Nova Hartz,RS,-29.58609962463379,-50.90510177612305,sede_municipal
4313086,Nova Pádua,RS,-29.030099868774414,-51.304500579833984,sede_municipal
4313102,Nova Palma,RS,-29.470699310302734,-53.46620178222656,sede_municipal
4313201,Nova Petrópolis,RS,-29.375900268554688,-51.11289978027344,sede_municipal
4313300,Nova Prata,RS,-28.78380012512207,-51.609798431396484,sede_municipal
4313334,Nova Ramada,RS,-28.082500457763672,-53.706600189208984,sede_municipal
4313359,Nova Roma do Sul,RS,-28.990400314331055,-51.40810012817383,sede_municipal
4313375,Nova Santa Rita,RS,-29.855300903320312,-51.27519989013672,sede_municipal
4313391,Novo Cabrais,RS,-29.73900032043457,-52.95349884033203,sede_municipal
4313409,Novo Hamburgo,RS,-29.694700241088867,-51.11589813232422,sede_municipal
4313425,Novo Machado,RS,-27.578100204467773,-54.500301361083984,sede_municipal
4313441,Novo Tiradentes,RS,-27.562999725341797,-53.18259811401367,sede_municipal
4313466,Novo Xingu,RS,-27.74799919128418,-53.061100006103516,sede_municipal
4313490,Novo Barreiro,RS,-27.909099578857422,-53.109901428222656,sede_municipal
4313508,Osório,RS,-29.88909912109375,-50.27299880981445,sede_municipal
4313607,Paim Filho,RS,-27.7101993560791,-51.75899887084961,sede_municipal
4313656,Palmares do Sul,RS,-30.26059913635254,-50.509700775146484,sede_municipal
4313706,Palmeira das Missões,RS,-27.901599884033203,-53.313201904296875,sede_municipal
4313805,Palmitinho,RS,-27.354999542236328,-53.559600830078125,sede_municipal
4313904,Panambi,RS,-28.306699752807617,-53.508399963378906,sede_municipal
4313953,Pantano Grande,RS,-30.189899444580078,-52.371299743652344,sede_municipal
4314001,Paraí,RS,-28.59749984741211,-51.78689956665039,sede_municipal
4314027,Paraíso do Sul,RS,-29.7322998046875,-53.179298400878906,sede_municipal
4314035,Pareci Novo,RS,-29.638999938964844,-51.39690017700195,sede_municipal
4314050,Parobé,RS,-29.626699447631836,-50.8291015625,sede_municipal
4314068,Passa Sete,RS,-29.452199935913086,-52.96500015258789,sede_municipal
4314076,Passo do Sobrado,RS,-29.75,-52.27640151977539,sede_municipal
4314100,Passo Fundo,RS,-28.25160026550293,-52.395599365234375,sede_municipal
4314134,Paulo Bento,RS,-27.70330047607422,-52.423301696777344,sede_municipal
4314159,Paverama,RS,-29.55120086669922,-51.73529815673828,sede_municipal
4314175,Pedras Altas,RS,-31.732500076293945,-53.58539962768555,sede_municipal
4314209,Pedro Osório,RS,-31.861600875854492,-52.8218994140625,sede_municipal
4314308,Pejuçara,RS,-28.4237003326416,-53.65719985961914,sede_municipal
4314407,Pelotas,RS,-31.719600677490234,-52.34239959716797,sede_municipal
4314423,Picada Café,RS,-29.45050048828125,-51.1328010559082,sede_municipal
4314456,Pinhal,RS,-27.50979995727539,-53.218299865722656,sede_municipal
4314464,Pinhal da Serra,RS,-27.875499725341797,-51.17150115966797,sede_municipal
4314472,Pinhal Grande,RS,-29.34939956665039,-53.33150100708008,sede_municipal
4314498,Pinheirinho do Vale,RS,-27.212600708007812,-53.613800048828125,sede_municipal
4314506,Pinheiro Machado,RS,-31.579700469970703,-53.381900787353516,sede_municipal
4314548,Pinto Bandeira,RS,-29.09819984436035,-51.450401306152344,sede_municipal
4314555,Pirapó,RS,-28.043800354003906,-55.199100494384766,sede_municipal
4314605,Piratini,RS,-31.44879913330078,-53.10430145263672,sede_municipal
4314704,Planalto,RS,-27.33449935913086,-53.0620002746582,sede_municipal
4314753,Poço das Antas,RS,-29.450300216674805,-51.669498443603516,sede_municipal
4314779,Pontão,RS,-28.058799743652344,-52.67879867553711,sede_municipal
4314787,Ponte Preta,RS,-27.65920066833496,-52.4900016784668,sede_municipal
4314803,Portão,RS,-29.6924991607666,-51.23529815673828,sede_municipal
4314902,Porto Alegre,RS,-30.028200149536133,-51.228599548339844,sede_municipal
4315008,Porto Lucena,RS,-27.8533992767334,-55.01900100708008,sede_municipal
4315057,Porto Mauá,RS,-27.57349967956543,-54.67210006713867,sede_municipal
4315073,Porto Vera Cruz,RS,-27.735200881958008,-54.901798248291016,sede_municipal
4315107,Porto Xavier,RS,-27.906999588012695,-55.13949966430664,sede_municipal
4315131,Pouso Novo,RS,-29.170499801635742,-52.208499908447266,sede_municipal
4315149,Presidente Lucena,RS,-29.523700714111328,-51.183998107910156,sede_municipal
4315156,Progresso,RS,-29.242300033569336,-52.31129837036133,sede_municipal
4315172,Protásio Alves,RS,-28.75979995727539,-51.47309875488281,sede_municipal
4315206,Putinga,RS,-29.000200271606445,-52.15589904785156,sede_municipal
4315305,Quaraí,RS,-30.38949966430664,-56.45280075073242,sede_municipal
4315313,Quatro Irmãos,RS,-27.819700241088867,-52.445701599121094,sede_municipal
4315321,Quevedos,RS,-29.35260009765625,-54.07210159301758,sede_municipal
4315354,Quinze de Novembro,RS,-28.741600036621094,-53.09410095214844,sede_municipal
4315404,Redentora,RS,-27.662399291992188,-53.6416015625,sede_municipal
4315453,Relvado,RS,-29.11319923400879,-52.070899963378906,sede_municipal
4315503,Restinga Sêca,RS,-29.815099716186523,-53.37049865722656,sede_municipal
4315552,Rio dos Índios,RS,-27.302499771118164,-52.84080123901367,sede_municipal
4315602,Rio Grande,RS,-32.030799865722656,-52.097801208496094,sede_municipal
4315701,Rio Pardo,RS,-29.985599517822266,-52.37889862060547,sede_municipal
4315750,Riozinho,RS,-29.640600204467773,-50.45940017700195,sede_municipal
4315800,Roca Sales,RS,-29.28459930419922,-51.86980056762695,sede_municipal
4315909,Rodeio Bonito,RS,-27.47480010986328,-53.16849899291992,sede_municipal
4315958,Rolador,RS,-28.257600784301758,-54.817298889160156,sede_municipal
4316006,Rolante,RS,-29.65239906311035,-50.57500076293945,sede_municipal
4316105,Ronda Alta,RS,-27.780399322509766,-52.807098388671875,sede_municipal
4316204,Rondinha,RS,-27.831300735473633,-52.907901763916016,sede_municipal
4316303,Roque Gonzales,RS,-28.13360023498535,-55.025901794433594,sede_municipal
4316402,Rosário do Sul,RS,-30.259199142456055,-54.91590118408203,sede_municipal
4316428,Sagrada Família,RS,-27.7091007232666,-53.13520050048828,sede_municipal
4316436,Saldanha Marinho,RS,-28.39590072631836,-53.095401763916016,sede_municipal
4316451,Salto do Jacuí,RS,-29.091999053955078,-53.207401275634766,sede_municipal
4316477,Salvador das Missões,RS,-28.12689971923828,-54.83599853515625,sede_municipal
4316501,Salvador do Sul,RS,-29.440900802612305,-51.511600494384766,sede_municipal
4316600,Sananduva,RS,-27.951200485229492,-51.80860137939453,sede_municipal
4316709,Santa Bárbara do Sul,RS,-28.373899459838867,-53.25170135498047,sede_municipal
4316733,Santa Cecília do Sul,RS,-28.163000106811523,-51.93149948120117,sede_municipal
4316758,Santa Clara do Sul,RS,-29.465499877929688,-52.08169937133789,sede_municipal
4316808,Santa Cruz do Sul,RS,-29.713699340820312,-52.4286003112793,sede_municipal
4316907,Santa Maria,RS,-29.685199737548828,-53.8036003112793,sede_municipal
4316956,Santa Maria do Herval,RS,-29.499500274658203,-50.99380111694336,sede_municipal
4316972,Santa Margarida do Sul,RS,-30.33489990234375,-54.081199645996094,sede_municipal
4317004,Santana da Boa Vista,RS,-30.871000289916992,-53.11360168457031,sede_municipal
4317103,Sant'ana do Livramento,RS,-30.889400482177734,-55.53239822387695,sede_municipal
4317202,Santa Rosa,RS,-27.860700607299805,-54.44620132446289,sede_municipal
4317251,Santa Tereza,RS,-29.171300888061523,-51.73590087890625,sede_municipal
4317301,Santa Vitória do Palmar,RS,-33.521400451660156,-53.36949920654297,sede_municipal
4317400,Santiago,RS,-29.190799713134766,-54.86579895019531,sede_municipal
4317509,Santo Ângelo,RS,-28.300399780273438,-54.26679992675781,sede_municipal
4317558,Santo Antônio do Palma,RS,-28.496599197387695,-52.02479934692383,sede_municipal
4317608,Santo Antônio da Patrulha,RS,-29.82029914855957,-50.51409912109375,sede_municipal
4317707,Santo Antônio das Missões,RS,-28.51099967956543,-55.229000091552734,sede_municipal
4317756,Santo Antônio do Planalto,RS,-28.39929962158203,-52.69169998168945,sede_municipal
4317806,Santo Augusto,RS,-27.85059928894043,-53.7775993347168,sede_municipal
4317905,Santo Cristo,RS,-27.8218994140625,-54.66780090332031,sede_municipal
4317954,Santo Expedito do Sul,RS,-27.909299850463867,-51.64540100097656,sede_municipal
4318002,São Borja,RS,-28.661100387573242,-56.005401611328125,sede_municipal
4318051,São Domingos do Sul,RS,-28.529600143432617,-51.88880157470703,sede_municipal
4318101,São Francisco de Assis,RS,-29.55069923400879,-55.13029861450195,sede_municipal
4318200,São Francisco de Paula,RS,-29.447200775146484,-50.58140182495117,sede_municipal
4318309,São Gabriel,RS,-30.339099884033203,-54.31919860839844,sede_municipal
4318408,São Jerônimo,RS,-29.9591007232666,-51.7234001159668,sede_municipal
4318424,São João da Urtiga,RS,-27.82029914855957,-51.82740020751953,sede_municipal
4318432,São João do Polêsine,RS,-29.61590003967285,-53.44449996948242,sede_municipal
4318440,São Jorge,RS,-28.5,-51.70429992675781,sede_municipal
4318457,São José das Missões,RS,-27.778600692749023,-53.118499755859375,sede_municipal
4318465,São José do Herval,RS,-29.046600341796875,-52.29100036621094,sede_municipal
4318481,São José do Hortêncio,RS,-29.524900436401367,-51.248199462890625,sede_municipal
4318499,São José do Inhacorá,RS,-27.72610092163086,-54.12969970703125,sede_municipal
4318507,São José do Norte,RS,-32.00699996948242,-52.03889846801758,sede_municipal
4318606,São José do Ouro,RS,-27.773500442504883,-51.590301513671875,sede_municipal
4318614,São José do Sul,RS,-29.537700653076172,-51.48419952392578,sede_municipal
4318622,São José dos Ausentes,RS,-28.74959945678711,-50.06290054321289,sede_municipal
4318705,São Leopoldo,RS,-29.76180076599121,-51.14929962158203,sede_municipal
4318804,São Lourenço do Sul,RS,-31.367300033569336,-51.97949981689453,sede_municipal
4318903,São Luiz Gonzaga,RS,-28.40839958190918,-54.96070098876953,sede_municipal
4319000,São Marcos,RS,-28.97010040283203,-51.06589889526367,sede_municipal
4319109,São Martinho,RS,-27.707700729370117,-53.96229934692383,sede_municipal
4319125,São Martinho da Serra,RS,-29.535200119018555,-53.854400634765625,sede_municipal
4319158,São Miguel das Missões,RS,-28.547100067138672,-54.550498962402344,sede_municipal
4319208,São Nicolau,RS,-28.18549919128418,-55.26580047607422,sede_municipal
4319307,São Paulo das Missões,RS,-28.022499084472656,-54.937599182128906,sede_municipal
4319356,São Pedro da Serra,RS,-29.419599533081055,-51.51250076293945,sede_municipal
4319364,São Pedro das Missões,RS,-27.773799896240234,-53.24610137939453,sede_municipal
4319372,São Pedro do Butiá,RS,-28.124099731445312,-54.897701263427734,sede_municipal
4319406,São Pedro do Sul,RS,-29.622400283813477,-54.174800872802734,sede_municipal
4319505,São Sebastião do Caí,RS,-29.589399337768555,-51.37580108642578,sede_municipal
4319604,São Sepé,RS,-30.167699813842773,-53.56769943237305,sede_municipal
4319703,São Valentim,RS,-27.555299758911133,-52.52619934082031,sede_municipal
4319711,São Valentim do Sul,RS,-29.04960060119629,-51.76430130004883,sede_municipal
4319737,São Valério do Sul,RS,-27.786399841308594,-53.93439865112305,sede_municipal
4319752,São Vendelino,RS,-29.367900848388672,-51.37839889526367,sede_municipal
4319802,São Vicente do Sul,RS,-29.69230079650879,-54.67850112915039,sede_municipal
4319901,Sapiranga,RS,-29.638500213623047,-51.00389862060547,sede_municipal
4320008,Sapucaia do Sul,RS,-29.826900482177734,-51.15629959106445,sede_municipal
4320107,Sarandi,RS,-27.943500518798828,-52.921600341796875,sede_municipal
4320206,Seberi,RS,-27.482900619506836,-53.401798248291016,sede_municipal
4320230,Sede Nova,RS,-27.632299423217773,-53.946800231933594,sede_municipal
4320263,Segredo,RS,-29.341800689697266,-52.97949981689453,sede_municipal
4320305,Selbach,RS,-28.63010025024414,-52.952598571777344,sede_municipal
4320321,Senador Salgado Filho,RS,-28.027999877929688,-54.54249954223633,sede_municipal
4320354,Sentinela do Sul,RS,-30.611900329589844,-51.58039855957031,sede_municipal
4320404,Serafina Corrêa,RS,-28.711000442504883,-51.933101654052734,sede_municipal
4320453,Sério,RS,-29.38759994506836,-52.26689910888672,sede_municipal
4320503,Sertão,RS,-27.983600616455078,-52.25680160522461,sede_municipal
4320552,Sertão Santana,RS,-30.461299896240234,-51.60340118408203,sede_municipal
4320578,Sete de Setembro,RS,-28.13249969482422,-54.4630012512207,sede_municipal
4320602,Severiano de Almeida,RS,-27.433300018310547,-52.11439895629883,sede_municipal
4320651,Silveira Martins,RS,-29.641599655151367,-53.58879852294922,sede_municipal
4320677,Sinimbu,RS,-29.53809928894043,-52.51969909667969,sede_municipal
4320701,Sobradinho,RS,-29.416799545288086,-53.0265998840332,sede_municipal
4320800,Soledade,RS,-28.830400466918945,-52.510501861572266,sede_municipal
4320859,Tabaí,RS,-29.685300827026367,-51.71670150756836,sede_municipal
4320909,Tapejara,RS,-28.067100524902344,-52.01100158691406,sede_municipal
4321006,Tapera,RS,-28.633399963378906,-52.87350082397461,sede_municipal
4321105,Tapes,RS,-30.672000885009766,-51.394901275634766,sede_municipal
4321204,Taquara,RS,-29.646099090576172,-50.78110122680664,sede_municipal
4321303,Taquari,RS,-29.800399780273438,-51.864898681640625,sede_municipal
4321329,Taquaruçu do Sul,RS,-27.399799346923828,-53.469600677490234,sede_municipal
4321352,Tavares,RS,-31.289400100708008,-51.09080123901367,sede_municipal
4321402,Tenente Portela,RS,-27.371299743652344,-53.75619888305664,sede_municipal
4321436,Terra de Areia,RS,-29.587099075317383,-50.06650161743164,sede_municipal
4321451,Teutônia,RS,-29.48240089416504,-51.81639862060547,sede_municipal
4321469,Tio Hugo,RS,-28.566999435424805,-52.594398498535156,sede_municipal
4321477,Tiradentes do Sul,RS,-27.393800735473633,-54.08829879760742,sede_municipal
4321493,Toropi,RS,-29.47800064086914,-54.227699279785156,sede_municipal
4321501,Torres,RS,-29.339799880981445,-49.72560119628906,sede_municipal
4321600,Tramandaí,RS,-29.986000061035156,-50.131500244140625,sede_municipal
4321626,Travesseiro,RS,-29.297300338745117,-52.05609893798828,sede_municipal
4321634,Três Arroios,RS,-27.50079917907715,-52.151798248291016,sede_municipal
4321667,Três Cachoeiras,RS,-29.454999923706055,-49.919898986816406,sede_municipal
4321709,Três Coroas,RS,-29.515300750732422,-50.77980041503906,sede_municipal
4321808,Três de Maio,RS,-27.77829933166504,-54.23500061035156,sede_municipal
4321832,Três Forquilhas,RS,-29.537500381469727,-50.06340026855469,sede_municipal
4321857,Três Palmeiras,RS,-27.61639976501465,-52.84130096435547,sede_municipal
4321907,Três Passos,RS,-27.457300186157227,-53.92879867553711,sede_municipal
4321956,Trindade do Sul,RS,-27.521400451660156,-52.89979934692383,sede_municipal
4322004,Triunfo,RS,-29.945499420166016,-51.719398498535156,sede_municipal
4322103,Tucunduva,RS,-27.659700393676758,-54.442298889160156,sede_municipal
4322152,Tunas,RS,-29.101600646972656,-52.95949935913086,sede_municipal
4322186,Tupanci do Sul,RS,-27.923799514770508,-51.53730010986328,sede_municipal
4322202,Tupanciretã,RS,-29.08489990234375,-53.83649826049805,sede_municipal
4322251,Tupandi,RS,-29.481800079345703,-51.41910171508789,sede_municipal
4322301,Tuparendi,RS,-27.759899139404297,-54.47890090942383,sede_municipal
4322327,Turuçu,RS,-31.42140007019043,-52.1776008605957,sede_municipal
4322343,Ubiretama,RS,-28.046100616455078,-54.680999755859375,sede_municipal
4322350,União da Serra,RS,-28.754600524902344,-52.01499938964844,sede_municipal
4322376,Unistalda,RS,-29.046199798583984,-55.150001525878906,sede_municipal
4322400,Uruguaiana,RS,-29.756399154663086,-57.08810043334961,sede_municipal
4322509,Vacaria,RS,-28.502300262451172,-50.93790054321289,sede_municipal
4322525,Vale Verde,RS,-29.784099578857422,-52.183998107910156,sede_municipal
4322533,Vale do Sol,RS,-29.60420036315918,-52.68669891357422,sede_municipal
4322541,Vale Real,RS,-29.395999908447266,-51.24620056152344,sede_municipal
4322558,Vanini,RS,-28.475299835205078,-51.84640121459961,sede_municipal
4322608,Venâncio Aires,RS,-29.60569953918457,-52.19200134277344,sede_municipal
4322707,Vera Cruz,RS,-29.715099334716797,-52.5015983581543,sede_municipal
4322806,Veranópolis,RS,-28.938800811767578,-51.549198150634766,sede_municipal
4322855,Vespasiano Corrêa,RS,-29.06920051574707,-51.860198974609375,sede_municipal
4322905,Viadutos,RS,-27.567399978637695,-52.02009963989258,sede_municipal
4323002,Viamão,RS,-30.082199096679688,-51.02579879760742,sede_municipal
4323101,Vicente Dutra,RS,-27.1658992767334,-53.40480041503906,sede_municipal
4323200,Victor Graeff,RS,-28.559099197387695,-52.74620056152344,sede_municipal
4323309,Vila Flores,RS,-28.860200881958008,-51.5536003112793,sede_municipal
4323358,Vila Lângaro,RS,-28.10890007019043,-52.14289855957031,sede_municipal
4323408,Vila Maria,RS,-28.534099578857422,-52.152000427246094,sede_municipal
4323457,Vila Nova do Sul,RS,-30.34480094909668,-53.88119888305664,sede_municipal
4323507,Vista Alegre,RS,-27.369400024414062,-53.492801666259766,sede_municipal
4323606,Vista Alegre do Prata,RS,-28.80699920654297,-51.78499984741211,sede_municipal
4323705,Vista Gaúcha,RS,-27.290300369262695,-53.70240020751953,sede_municipal
4323754,Vitória das Missões,RS,-28.346200942993164,-54.502201080322266,sede_municipal
4323770,Westfália,RS,-29.432100296020508,-51.77050018310547,sede_municipal
4323804,Xangri-Lá,RS,-29.801300048828125,-50.04460144042969,sede_municipal
