codigo,nome,pais,decolagens,meses_com_servico,meses_lista
KDFW,"DALLAS & FORT WORTH, TEXAS",ESTADOS UNIDOS DA AMÉRICA,451,12,2025-07;2025-08;2025-09;2025-10;2025-11;2025-12;2026-01;2026-02;2026-03;2026-04;2026-05;2026-06
KJFK,"NEW YORK, NEW YORK",ESTADOS UNIDOS DA AMÉRICA,1286,12,2025-07;2025-08;2025-09;2025-10;2025-11;2025-12;2026-01;2026-02;2026-03;2026-04;2026-05;2026-06
KMIA,"MIAMI, FLORIDA",ESTADOS UNIDOS DA AMÉRICA,2610,12,2025-07;2025-08;2025-09;2025-10;2025-11;2025-12;2026-01;2026-02;2026-03;2026-04;2026-05;2026-06
CYUL,"MONTREAL, QUEBEC",CANADÁ,257,12,2025-07;2025-08;2025-09;2025-10;2025-11;2025-12;2026-01;2026-02;2026-03;2026-04;2026-05;2026-06
CYYZ,TORONTO,CANADÁ,430,12,2025-07;2025-08;2025-09;2025-10;2025-11;2025-12;2026-01;2026-02;2026-03;2026-04;2026-05;2026-06
SAEZ,"EZEIZA, BUENOS AIRES PROVINCE",ARGENTINA,5514,12,2025-07;2025-08;2025-09;2025-10;2025-11;2025-12;2026-01;2026-02;2026-03;2026-04;2026-05;2026-06
LEMD,MADRID,ESPANHA,2908,12,2025-07;2025-08;2025-09;2025-10;2025-11;2025-12;2026-01;2026-02;2026-03;2026-04;2026-05;2026-06
SGAS,ASUNCIÓN,PARAGUAI,1299,12,2025-07;2025-08;2025-09;2025-10;2025-11;2025-12;2026-01;2026-02;2026-03;2026-04;2026-05;2026-06
LFPG,PARIS,FRANÇA,1869,12,2025-07;2025-08;2025-09;2025-10;2025-11;2025-12;2026-01;2026-02;2026-03;2026-04;2026-05;2026-06
SOCA,CAYENNE,GUIANA FRANCESA,107,12,2025-07;2025-08;2025-09;2025-10;2025-11;2025-12;2026-01;2026-02;2026-03;2026-04;2026-05;2026-06
GOBD,DAKAR,SENEGAL,2,2,2025-08;2025-11
LPPT,LISBOA,PORTUGAL,5833,12,2025-07;2025-08;2025-09;2025-10;2025-11;2025-12;2026-01;2026-02;2026-03;2026-04;2026-05;2026-06
MMMX,MEXICO,MÉXICO,727,12,2025-07;2025-08;2025-09;2025-10;2025-11;2025-12;2026-01;2026-02;2026-03;2026-04;2026-05;2026-06
SKBO,BOGOTÁ,COLÔMBIA,3602,12,2025-07;2025-08;2025-09;2025-10;2025-11;2025-12;2026-01;2026-02;2026-03;2026-04;2026-05;2026-06
SAAR,"ROSARIO, SANTA FE PROVINCE",ARGENTINA,434,10,2025-07;2025-08;2025-09;2025-12;2026-01;2026-02;2026-03;2026-04;2026-05;2026-06
SABE,BUENOS AIRES,ARGENTINA,10676,12,2025-07;2025-08;2025-09;2025-10;2025-11;2025-12;2026-01;2026-02;2026-03;2026-04;2026-05;2026-06
SACO,"CÓRDOBA, CÓRDOBA PROVINCE",ARGENTINA,1143,12,2025-07;2025-08;2025-09;2025-10;2025-11;2025-12;2026-01;2026-02;2026-03;2026-04;2026-05;2026-06
SASA,"SALTA, SALTA PROVINCE",ARGENTINA,30,5,2025-07;2025-08;2025-09;2026-01;2026-02
SAZS,"SAN CARLOS DE BARILOCHE, RÍO NEGRO PROVINCE",ARGENTINA,242,4,2025-07;2025-08;2025-09;2026-06
LIRF,ROME,ITÁLIA,1339,12,2025-07;2025-08;2025-09;2025-10;2025-11;2025-12;2026-01;2026-02;2026-03;2026-04;2026-05;2026-06
MTCH,CAP-HAÏTIEN,HAITI,1,1,2025-10
SKBG,LEBRIJA (NEAR BUCARAMANGA),COLÔMBIA,1,1,2025-10
SKCC,CÚCUTA,COLÔMBIA,1,1,2025-10
SKCL,CALI,COLÔMBIA,3,2,2025-10;2026-04
KFLL,"FORT LAUDERDALE/HOLLYWOOD, FLORIDA",ESTADOS UNIDOS DA AMÉRICA,542,12,2025-07;2025-08;2025-09;2025-10;2025-11;2025-12;2026-01;2026-02;2026-03;2026-04;2026-05;2026-06
KMCO,"ORLANDO, FLORIDA",ESTADOS UNIDOS DA AMÉRICA,1692,12,2025-07;2025-08;2025-09;2025-10;2025-11;2025-12;2026-01;2026-02;2026-03;2026-04;2026-05;2026-06
LFPO,ORLY (NEAR PARIS),FRANÇA,117,4,2025-07;2025-08;2025-09;2025-10
LPPR,PORTO,PORTUGAL,548,12,2025-07;2025-08;2025-09;2025-10;2025-11;2025-12;2026-01;2026-02;2026-03;2026-04;2026-05;2026-06
SAME,"MENDOZA, MENDOZA PROVINCE",ARGENTINA,710,12,2025-07;2025-08;2025-09;2025-10;2025-11;2025-12;2026-01;2026-02;2026-03;2026-04;2026-05;2026-06
SULS,"MALDONADO/PUNTA DEL ESTE, MALDONADO",URUGUAI,143,12,2025-07;2025-08;2025-09;2025-10;2025-11;2025-12;2026-01;2026-02;2026-03;2026-04;2026-05;2026-06
SUMU,"MONTEVIDEO, MONTEVIDEO",URUGUAI,3438,12,2025-07;2025-08;2025-09;2025-10;2025-11;2025-12;2026-01;2026-02;2026-03;2026-04;2026-05;2026-06
TNCC,WILLEMSTAD,CURAÇAO,102,6,2025-07;2025-08;2025-09;2025-12;2026-01;2026-02
GVAC,ILHA DO SAL,CABO VERDE,11,5,2025-11;2026-02;2026-04;2026-05;2026-06
EGLL,"LONDON, ENGLAND",REINO UNIDO,1087,12,2025-07;2025-08;2025-09;2025-10;2025-11;2025-12;2026-01;2026-02;2026-03;2026-04;2026-05;2026-06
SLVR,SANTA CRUZ,BOLÍVIA,859,12,2025-07;2025-08;2025-09;2025-10;2025-11;2025-12;2026-01;2026-02;2026-03;2026-04;2026-05;2026-06
ZBAA,BEIJING,CHINA,159,12,2025-07;2025-08;2025-09;2025-10;2025-11;2025-12;2026-01;2026-02;2026-03;2026-04;2026-05;2026-06
MPTO,PANAMA,PANAMÁ,4543,12,2025-07;2025-08;2025-09;2025-10;2025-11;2025-12;2026-01;2026-02;2026-03;2026-04;2026-05;2026-06
SYCJ,GEORGETOWN,GUIANA,4,3,2025-10;2026-05;2026-06
KATL,ATLANTA,ESTADOS UNIDOS DA AMÉRICA,859,12,2025-07;2025-08;2025-09;2025-10;2025-11;2025-12;2026-01;2026-02;2026-03;2026-04;2026-05;2026-06
EDDF,FRANKFURT AM MAIN,ALEMANHA,957,12,2025-07;2025-08;2025-09;2025-10;2025-11;2025-12;2026-01;2026-02;2026-03;2026-04;2026-05;2026-06
EDDM,MUNICH,ALEMANHA,104,9,2025-10;2025-11;2025-12;2026-01;2026-02;2026-03;2026-04;2026-05;2026-06
FNLU,LUANDA,ANGOLA,62,4,2025-07;2025-08;2025-09;2025-10
FNBJ,LUANDA,ANGOLA,145,9,2025-10;2025-11;2025-12;2026-01;2026-02;2026-03;2026-04;2026-05;2026-06
MDPC,PUNTA CANA,REPÚBLICA DOMINICANA,545,12,2025-07;2025-08;2025-09;2025-10;2025-11;2025-12;2026-01;2026-02;2026-03;2026-04;2026-05;2026-06
HAAB,ADDIS ABABA,ETIÓPIA,365,12,2025-07;2025-08;2025-09;2025-10;2025-11;2025-12;2026-01;2026-02;2026-03;2026-04;2026-05;2026-06
MMUN,CANCUN/INTL,MÉXICO,110,10,2025-07;2025-08;2025-09;2025-10;2025-11;2025-12;2026-01;2026-02;2026-03;2026-06
MROC,SAN JOSE/JUAN SANTAMARIA,COSTA RICA,57,5,2025-07;2025-08;2025-09;2025-10;2025-11
SMJP,ZANDERIJ,SURINAME,182,12,2025-07;2025-08;2025-09;2025-10;2025-11;2025-12;2026-01;2026-02;2026-03;2026-04;2026-05;2026-06
TNCA,"ORANJESTAD, ARUBA",ARUBA,115,12,2025-07;2025-08;2025-09;2025-10;2025-11;2025-12;2026-01;2026-02;2026-03;2026-04;2026-05;2026-06
SVMI,"MAIQUETÍA, VARGAS (NEAR CARACAS)",VENEZUELA,91,7,2025-09;2025-10;2025-11;2026-03;2026-04;2026-05;2026-06
SCEL,SANTIAGO,CHILE,11016,12,2025-07;2025-08;2025-09;2025-10;2025-11;2025-12;2026-01;2026-02;2026-03;2026-04;2026-05;2026-06
EHAM,"HAARLEMMERMEER, NEAR AMSTERDAM",HOLANDA,826,12,2025-07;2025-08;2025-09;2025-10;2025-11;2025-12;2026-01;2026-02;2026-03;2026-04;2026-05;2026-06
SPJC,"CALLAO/LIMA, LIMA METROPOLITAN AREA",PERU,3267,12,2025-07;2025-08;2025-09;2025-10;2025-11;2025-12;2026-01;2026-02;2026-03;2026-04;2026-05;2026-06
SPZO,"CUSCO, CUSCO REGION",PERU,1,1,2025-12
OTHH,DOHA,QATAR,823,12,2025-07;2025-08;2025-09;2025-10;2025-11;2025-12;2026-01;2026-02;2026-03;2026-04;2026-05;2026-06
GMMN,CASABLANCA,MARROCOS,174,11,2025-08;2025-09;2025-10;2025-11;2025-12;2026-01;2026-02;2026-03;2026-04;2026-05;2026-06
FACT,CAPE TOWN,ÁFRICA DO SUL,105,12,2025-07;2025-08;2025-09;2025-10;2025-11;2025-12;2026-01;2026-02;2026-03;2026-04;2026-05;2026-06
FAOR,JOHANNESBURG,ÁFRICA DO SUL,344,12,2025-07;2025-08;2025-09;2025-10;2025-11;2025-12;2026-01;2026-02;2026-03;2026-04;2026-05;2026-06
LSZH,ZÜRICH/KLOTEN,SUÍÇA,350,12,2025-07;2025-08;2025-09;2025-10;2025-11;2025-12;2026-01;2026-02;2026-03;2026-04;2026-05;2026-06
KBOS,"BOSTON, MASSACHUSETTS",ESTADOS UNIDOS DA AMÉRICA,183,12,2025-07;2025-08;2025-09;2025-10;2025-11;2025-12;2026-01;2026-02;2026-03;2026-04;2026-05;2026-06
KLAX,"LOS ANGELES, CALIFORNIA",ESTADOS UNIDOS DA AMÉRICA,212,12,2025-07;2025-08;2025-09;2025-10;2025-11;2025-12;2026-01;2026-02;2026-03;2026-04;2026-05;2026-06
LEBL,BARCELONA,ESPANHA,281,12,2025-07;2025-08;2025-09;2025-10;2025-11;2025-12;2026-01;2026-02;2026-03;2026-04;2026-05;2026-06
LIMC,MILAN,ITÁLIA,367,12,2025-07;2025-08;2025-09;2025-10;2025-11;2025-12;2026-01;2026-02;2026-03;2026-04;2026-05;2026-06
GVPR,PRAIA,CABO VERDE,2,1,2025-07
LPFR,FARO / MADEIRA AND ACORES,PORTUGAL,3,2,2025-07;2026-01
GCLP,LAS PALMAS,ILHAS CANÁRIAS,11,2,2025-08;2025-09
GCTS,TENERIFE,ESPANHA,7,2,2025-10;2025-11
LTFM,ISTANBUL,TURQUIA,634,12,2025-07;2025-08;2025-09;2025-10;2025-11;2025-12;2026-01;2026-02;2026-03;2026-04;2026-05;2026-06
OMDB,DUBAI INTERNATIONAL,EMIRADOS ÁRABES UNIDOS,641,12,2025-07;2025-08;2025-09;2025-10;2025-11;2025-12;2026-01;2026-02;2026-03;2026-04;2026-05;2026-06
DGAA,ACCRA,GANA,2,2,2025-10;2026-01
OMDW,JEBEL ALI,EMIRADOS ÁRABES UNIDOS,1,1,2025-12
KEWR,"NEWARK & ELIZABETH, NEW JERSEY",ESTADOS UNIDOS DA AMÉRICA,362,12,2025-07;2025-08;2025-09;2025-10;2025-11;2025-12;2026-01;2026-02;2026-03;2026-04;2026-05;2026-06
KIAD,"WASHINGTON, DC",ESTADOS UNIDOS DA AMÉRICA,330,12,2025-07;2025-08;2025-09;2025-10;2025-11;2025-12;2026-01;2026-02;2026-03;2026-04;2026-05;2026-06
KIAH,"HOUSTON, TEXAS",ESTADOS UNIDOS DA AMÉRICA,724,12,2025-07;2025-08;2025-09;2025-10;2025-11;2025-12;2026-01;2026-02;2026-03;2026-04;2026-05;2026-06
KORD,"CHICAGO, ILLINOIS",ESTADOS UNIDOS DA AMÉRICA,364,12,2025-07;2025-08;2025-09;2025-10;2025-11;2025-12;2026-01;2026-02;2026-03;2026-04;2026-05;2026-06
SKRG,MEDELLÍN/RIONEGRO,COLÔMBIA,1,1,2026-04
SANT,"TUCUMÁN, TUCUMÁN PROVINCE",ARGENTINA,17,2,2026-01;2026-02
SANU,"SAN JUAN, SAN JUAN PROVINCE",ARGENTINA,1,1,2026-02
SKPE,PEREIRA,COLÔMBIA,1,1,2026-01
SLCB,COCHABAMBA,BOLÍVIA,2,2,2026-02;2026-04
HUEN,ENTEBBE (NEAR KAMPALA),UGANDA,38,4,2026-02;2026-03;2026-04;2026-05
FZAA,KINSHASA,REPÚBLICA DEMOCRÁTICA DO CONGO,38,2,2026-04;2026-05
FKYS,YAOUNDÉ,CAMARÕES,34,2,2026-05;2026-06
KTPA,"TAMPA, FLORIDA",ESTADOS UNIDOS DA AMÉRICA,1,1,2026-06
SARE,"RESISTENCIA, CHACO PROVINCE",ARGENTINA,1,1,2026-04
SPQU,"AREQUIPA, AREQUIPA REGION",PERU,2,1,2026-01
EBBR,BRUSSELS/ZAVENTEM,BÉLGICA,13,1,2026-06
KAUS,"AUSTIN, TEXAS",ESTADOS UNIDOS DA AMÉRICA,1,1,2026-05
