municipio_id,municipio_nome,uf_sigla,uf_codigo,regiao_nome,mesorregiao,microrregiao,regiao_intermediaria,regiao_imediata,vigencia_inicio,vigencia_fim,ativo_edicao
4100103,Abatiá,PR,41,Sul,,,Londrina,Santo Antônio da Platina,2025-01-01,,true
4100202,Adrianópolis,PR,41,Sul,,,Curitiba,Curitiba,2025-01-01,,true
4100301,Agudos do Sul,PR,41,Sul,,,Curitiba,Curitiba,2025-01-01,,true
4100400,Almirante Tamandaré,PR,41,Sul,,,Curitiba,Curitiba,2025-01-01,,true
4100459,Altamira do Paraná,PR,41,Sul,,,Maringá,Campo Mourão,2025-01-01,,true
4100509,Altônia,PR,41,Sul,,,Maringá,Umuarama,2025-01-01,,true
4100608,Alto Paraná,PR,41,Sul,,,Maringá,Paranavaí,2025-01-01,,true
4100707,Alto Piquiri,PR,41,Sul,,,Maringá,Umuarama,2025-01-01,,true
4100806,Alvorada do Sul,PR,41,Sul,,,Londrina,Londrina,2025-01-01,,true
4100905,Amaporã,PR,41,Sul,,,Maringá,Paranavaí,2025-01-01,,true
4101002,Ampére,PR,41,Sul,,,Cascavel,Francisco Beltrão,2025-01-01,,true
4101051,Anahy,PR,41,Sul,,,Cascavel,Cascavel,2025-01-01,,true
4101101,Andirá,PR,41,Sul,,,Londrina,Santo Antônio da Platina,2025-01-01,,true
4101150,Ângulo,PR,41,Sul,,,Maringá,Maringá,2025-01-01,,true
4101200,Antonina,PR,41,Sul,,,Curitiba,Paranaguá,2025-01-01,,true
4101309,Antônio Olinto,PR,41,Sul,,,Curitiba,União da Vitória,2025-01-01,,true
4101408,Apucarana,PR,41,Sul,,,Londrina,Apucarana,2025-01-01,,true
4101507,Arapongas,PR,41,Sul,,,Londrina,Londrina,2025-01-01,,true
4101606,Arapoti,PR,41,Sul,,,Ponta Grossa,Ponta Grossa,2025-01-01,,true
4101655,Arapuã,PR,41,Sul,,,Londrina,Ivaiporã,2025-01-01,,true
4101705,Araruna,PR,41,Sul,,,Maringá,Campo Mourão,2025-01-01,,true
4101804,Araucária,PR,41,Sul,,,Curitiba,Curitiba,2025-01-01,,true
4101853,Ariranha do Ivaí,PR,41,Sul,,,Londrina,Ivaiporã,2025-01-01,,true
4101903,Assaí,PR,41,Sul,,,Londrina,Londrina,2025-01-01,,true
4102000,Assis Chateaubriand,PR,41,Sul,,,Cascavel,Toledo,2025-01-01,,true
4102109,Astorga,PR,41,Sul,,,Maringá,Maringá,2025-01-01,,true
4102208,Atalaia,PR,41,Sul,,,Maringá,Maringá,2025-01-01,,true
4102307,Balsa Nova,PR,41,Sul,,,Curitiba,Curitiba,2025-01-01,,true
4102406,Bandeirantes,PR,41,Sul,,,Londrina,Cornélio Procópio - Bandeirantes,2025-01-01,,true
4102505,Barbosa Ferraz,PR,41,Sul,,,Maringá,Campo Mourão,2025-01-01,,true
4102604,Barracão,PR,41,Sul,,,Cascavel,Francisco Beltrão,2025-01-01,,true
4102703,Barra do Jacaré,PR,41,Sul,,,Londrina,Santo Antônio da Platina,2025-01-01,,true
4102752,Bela Vista da Caroba,PR,41,Sul,,,Cascavel,Francisco Beltrão,2025-01-01,,true
4102802,Bela Vista do Paraíso,PR,41,Sul,,,Londrina,Londrina,2025-01-01,,true
4102901,Bituruna,PR,41,Sul,,,Curitiba,União da Vitória,2025-01-01,,true
4103008,Boa Esperança,PR,41,Sul,,,Maringá,Campo Mourão,2025-01-01,,true
4103024,Boa Esperança do Iguaçu,PR,41,Sul,,,Cascavel,Dois Vizinhos,2025-01-01,,true
4103040,Boa Ventura de São Roque,PR,41,Sul,,,Guarapuava,Pitanga,2025-01-01,,true
4103057,Boa Vista da Aparecida,PR,41,Sul,,,Cascavel,Cascavel,2025-01-01,,true
4103107,Bocaiúva do Sul,PR,41,Sul,,,Curitiba,Curitiba,2025-01-01,,true
4103156,Bom Jesus do Sul,PR,41,Sul,,,Cascavel,Francisco Beltrão,2025-01-01,,true
4103206,Bom Sucesso,PR,41,Sul,,,Londrina,Apucarana,2025-01-01,,true
4103222,Bom Sucesso do Sul,PR,41,Sul,,,Cascavel,Pato Branco,2025-01-01,,true
4103305,Borrazópolis,PR,41,Sul,,,Londrina,Apucarana,2025-01-01,,true
4103354,Braganey,PR,41,Sul,,,Cascavel,Cascavel,2025-01-01,,true
4103370,Brasilândia do Sul,PR,41,Sul,,,Maringá,Umuarama,2025-01-01,,true
4103404,Cafeara,PR,41,Sul,,,Londrina,Londrina,2025-01-01,,true
4103453,Cafelândia,PR,41,Sul,,,Cascavel,Cascavel,2025-01-01,,true
4103479,Cafezal do Sul,PR,41,Sul,,,Maringá,Umuarama,2025-01-01,,true
4103503,Califórnia,PR,41,Sul,,,Londrina,Apucarana,2025-01-01,,true
4103602,Cambará,PR,41,Sul,,,Londrina,Santo Antônio da Platina,2025-01-01,,true
4103701,Cambé,PR,41,Sul,,,Londrina,Londrina,2025-01-01,,true
4103800,Cambira,PR,41,Sul,,,Londrina,Apucarana,2025-01-01,,true
4103909,Campina da Lagoa,PR,41,Sul,,,Maringá,Campo Mourão,2025-01-01,,true
4103958,Campina do Simão,PR,41,Sul,,,Guarapuava,Guarapuava,2025-01-01,,true
4104006,Campina Grande do Sul,PR,41,Sul,,,Curitiba,Curitiba,2025-01-01,,true
4104055,Campo Bonito,PR,41,Sul,,,Cascavel,Cascavel,2025-01-01,,true
4104105,Campo do Tenente,PR,41,Sul,,,Curitiba,Curitiba,2025-01-01,,true
4104204,Campo Largo,PR,41,Sul,,,Curitiba,Curitiba,2025-01-01,,true
4104253,Campo Magro,PR,41,Sul,,,Curitiba,Curitiba,2025-01-01,,true
4104303,Campo Mourão,PR,41,Sul,,,Maringá,Campo Mourão,2025-01-01,,true
4104402,Cândido de Abreu,PR,41,Sul,,,Londrina,Ivaiporã,2025-01-01,,true
4104428,Candói,PR,41,Sul,,,Guarapuava,Guarapuava,2025-01-01,,true
4104451,Cantagalo,PR,41,Sul,,,Guarapuava,Guarapuava,2025-01-01,,true
4104501,Capanema,PR,41,Sul,,,Cascavel,Francisco Beltrão,2025-01-01,,true
4104600,Capitão Leônidas Marques,PR,41,Sul,,,Cascavel,Cascavel,2025-01-01,,true
4104659,Carambeí,PR,41,Sul,,,Ponta Grossa,Ponta Grossa,2025-01-01,,true
4104709,Carlópolis,PR,41,Sul,,,Londrina,Santo Antônio da Platina,2025-01-01,,true
4104808,Cascavel,PR,41,Sul,,,Cascavel,Cascavel,2025-01-01,,true
4104907,Castro,PR,41,Sul,,,Ponta Grossa,Ponta Grossa,2025-01-01,,true
4105003,Catanduvas,PR,41,Sul,,,Cascavel,Cascavel,2025-01-01,,true
4105102,Centenário do Sul,PR,41,Sul,,,Londrina,Londrina,2025-01-01,,true
4105201,Cerro Azul,PR,41,Sul,,,Curitiba,Curitiba,2025-01-01,,true
4105300,Céu Azul,PR,41,Sul,,,Cascavel,Cascavel,2025-01-01,,true
4105409,Chopinzinho,PR,41,Sul,,,Cascavel,Pato Branco,2025-01-01,,true
4105508,Cianorte,PR,41,Sul,,,Maringá,Cianorte,2025-01-01,,true
4105607,Cidade Gaúcha,PR,41,Sul,,,Maringá,Umuarama,2025-01-01,,true
4105706,Clevelândia,PR,41,Sul,,,Cascavel,Pato Branco,2025-01-01,,true
4105805,Colombo,PR,41,Sul,,,Curitiba,Curitiba,2025-01-01,,true
4105904,Colorado,PR,41,Sul,,,Maringá,Paranacity - Colorado,2025-01-01,,true
4106001,Congonhinhas,PR,41,Sul,,,Londrina,Cornélio Procópio - Bandeirantes,2025-01-01,,true
4106100,Conselheiro Mairinck,PR,41,Sul,,,Londrina,Ibaiti,2025-01-01,,true
4106209,Contenda,PR,41,Sul,,,Curitiba,Curitiba,2025-01-01,,true
4106308,Corbélia,PR,41,Sul,,,Cascavel,Cascavel,2025-01-01,,true
4106407,Cornélio Procópio,PR,41,Sul,,,Londrina,Cornélio Procópio - Bandeirantes,2025-01-01,,true
4106456,Coronel Domingos Soares,PR,41,Sul,,,Cascavel,Pato Branco,2025-01-01,,true
4106506,Coronel Vivida,PR,41,Sul,,,Cascavel,Pato Branco,2025-01-01,,true
4106555,Corumbataí do Sul,PR,41,Sul,,,Maringá,Campo Mourão,2025-01-01,,true
4106571,Cruzeiro do Iguaçu,PR,41,Sul,,,Cascavel,Dois Vizinhos,2025-01-01,,true
4106605,Cruzeiro do Oeste,PR,41,Sul,,,Maringá,Umuarama,2025-01-01,,true
4106704,Cruzeiro do Sul,PR,41,Sul,,,Maringá,Paranacity - Colorado,2025-01-01,,true
4106803,Cruz Machado,PR,41,Sul,,,Curitiba,União da Vitória,2025-01-01,,true
4106852,Cruzmaltina,PR,41,Sul,,,Londrina,Ivaiporã,2025-01-01,,true
4106902,Curitiba,PR,41,Sul,,,Curitiba,Curitiba,2025-01-01,,true
4107009,Curiúva,PR,41,Sul,,,Ponta Grossa,Telêmaco Borba,2025-01-01,,true
4107108,Diamante do Norte,PR,41,Sul,,,Maringá,Paranavaí,2025-01-01,,true
4107124,Diamante do Sul,PR,41,Sul,,,Cascavel,Cascavel,2025-01-01,,true
4107157,Diamante d'Oeste,PR,41,Sul,,,Cascavel,Cascavel,2025-01-01,,true
4107207,Dois Vizinhos,PR,41,Sul,,,Cascavel,Dois Vizinhos,2025-01-01,,true
4107256,Douradina,PR,41,Sul,,,Maringá,Umuarama,2025-01-01,,true
4107306,Doutor Camargo,PR,41,Sul,,,Maringá,Maringá,2025-01-01,,true
4107405,Enéas Marques,PR,41,Sul,,,Cascavel,Francisco Beltrão,2025-01-01,,true
4107504,Engenheiro Beltrão,PR,41,Sul,,,Maringá,Campo Mourão,2025-01-01,,true
4107520,Esperança Nova,PR,41,Sul,,,Maringá,Umuarama,2025-01-01,,true
4107538,Entre Rios do Oeste,PR,41,Sul,,,Cascavel,Marechal Cândido Rondon,2025-01-01,,true
4107546,Espigão Alto do Iguaçu,PR,41,Sul,,,Cascavel,Laranjeiras do Sul - Quedas do Iguaçu,2025-01-01,,true
4107553,Farol,PR,41,Sul,,,Maringá,Campo Mourão,2025-01-01,,true
4107603,Faxinal,PR,41,Sul,,,Londrina,Ivaiporã,2025-01-01,,true
4107652,Fazenda Rio Grande,PR,41,Sul,,,Curitiba,Curitiba,2025-01-01,,true
4107702,Fênix,PR,41,Sul,,,Maringá,Campo Mourão,2025-01-01,,true
4107736,Fernandes Pinheiro,PR,41,Sul,,,Ponta Grossa,Irati,2025-01-01,,true
4107751,Figueira,PR,41,Sul,,,Londrina,Ibaiti,2025-01-01,,true
4107801,Floraí,PR,41,Sul,,,Maringá,Maringá,2025-01-01,,true
4107850,Flor da Serra do Sul,PR,41,Sul,,,Cascavel,Francisco Beltrão,2025-01-01,,true
4107900,Floresta,PR,41,Sul,,,Maringá,Maringá,2025-01-01,,true
4108007,Florestópolis,PR,41,Sul,,,Londrina,Londrina,2025-01-01,,true
4108106,Flórida,PR,41,Sul,,,Maringá,Maringá,2025-01-01,,true
4108205,Formosa do Oeste,PR,41,Sul,,,Cascavel,Toledo,2025-01-01,,true
4108304,Foz do Iguaçu,PR,41,Sul,,,Cascavel,Foz do Iguaçu,2025-01-01,,true
4108320,Francisco Alves,PR,41,Sul,,,Maringá,Umuarama,2025-01-01,,true
4108403,Francisco Beltrão,PR,41,Sul,,,Cascavel,Francisco Beltrão,2025-01-01,,true
4108452,Foz do Jordão,PR,41,Sul,,,Guarapuava,Guarapuava,2025-01-01,,true
4108502,General Carneiro,PR,41,Sul,,,Curitiba,União da Vitória,2025-01-01,,true
4108551,Godoy Moreira,PR,41,Sul,,,Londrina,Ivaiporã,2025-01-01,,true
4108601,Goioerê,PR,41,Sul,,,Maringá,Campo Mourão,2025-01-01,,true
4108650,Goioxim,PR,41,Sul,,,Guarapuava,Guarapuava,2025-01-01,,true
4108700,Grandes Rios,PR,41,Sul,,,Londrina,Ivaiporã,2025-01-01,,true
4108809,Guaíra,PR,41,Sul,,,Cascavel,Toledo,2025-01-01,,true
4108908,Guairaçá,PR,41,Sul,,,Maringá,Paranavaí,2025-01-01,,true
4108957,Guamiranga,PR,41,Sul,,,Guarapuava,Guarapuava,2025-01-01,,true
4109005,Guapirama,PR,41,Sul,,,Londrina,Santo Antônio da Platina,2025-01-01,,true
4109104,Guaporema,PR,41,Sul,,,Maringá,Cianorte,2025-01-01,,true
4109203,Guaraci,PR,41,Sul,,,Londrina,Londrina,2025-01-01,,true
4109302,Guaraniaçu,PR,41,Sul,,,Cascavel,Cascavel,2025-01-01,,true
4109401,Guarapuava,PR,41,Sul,,,Guarapuava,Guarapuava,2025-01-01,,true
4109500,Guaraqueçaba,PR,41,Sul,,,Curitiba,Paranaguá,2025-01-01,,true
4109609,Guaratuba,PR,41,Sul,,,Curitiba,Paranaguá,2025-01-01,,true
4109658,Honório Serpa,PR,41,Sul,,,Cascavel,Pato Branco,2025-01-01,,true
4109708,Ibaiti,PR,41,Sul,,,Londrina,Ibaiti,2025-01-01,,true
4109757,Ibema,PR,41,Sul,,,Cascavel,Cascavel,2025-01-01,,true
4109807,Ibiporã,PR,41,Sul,,,Londrina,Londrina,2025-01-01,,true
4109906,Icaraíma,PR,41,Sul,,,Maringá,Umuarama,2025-01-01,,true
4110003,Iguaraçu,PR,41,Sul,,,Maringá,Maringá,2025-01-01,,true
4110052,Iguatu,PR,41,Sul,,,Cascavel,Cascavel,2025-01-01,,true
4110078,Imbaú,PR,41,Sul,,,Ponta Grossa,Telêmaco Borba,2025-01-01,,true
4110102,Imbituva,PR,41,Sul,,,Ponta Grossa,Irati,2025-01-01,,true
4110201,Inácio Martins,PR,41,Sul,,,Guarapuava,Guarapuava,2025-01-01,,true
4110300,Inajá,PR,41,Sul,,,Maringá,Paranacity - Colorado,2025-01-01,,true
4110409,Indianópolis,PR,41,Sul,,,Maringá,Cianorte,2025-01-01,,true
4110508,Ipiranga,PR,41,Sul,,,Ponta Grossa,Ponta Grossa,2025-01-01,,true
4110607,Iporã,PR,41,Sul,,,Maringá,Umuarama,2025-01-01,,true
4110656,Iracema do Oeste,PR,41,Sul,,,Cascavel,Toledo,2025-01-01,,true
4110706,Irati,PR,41,Sul,,,Ponta Grossa,Irati,2025-01-01,,true
4110805,Iretama,PR,41,Sul,,,Maringá,Campo Mourão,2025-01-01,,true
4110904,Itaguajé,PR,41,Sul,,,Maringá,Paranacity - Colorado,2025-01-01,,true
4110953,Itaipulândia,PR,41,Sul,,,Cascavel,Foz do Iguaçu,2025-01-01,,true
4111001,Itambaracá,PR,41,Sul,,,Londrina,Cornélio Procópio - Bandeirantes,2025-01-01,,true
4111100,Itambé,PR,41,Sul,,,Maringá,Maringá,2025-01-01,,true
4111209,Itapejara d'Oeste,PR,41,Sul,,,Cascavel,Pato Branco,2025-01-01,,true
4111258,Itaperuçu,PR,41,Sul,,,Curitiba,Curitiba,2025-01-01,,true
4111308,Itaúna do Sul,PR,41,Sul,,,Maringá,Paranavaí,2025-01-01,,true
4111407,Ivaí,PR,41,Sul,,,Ponta Grossa,Ponta Grossa,2025-01-01,,true
4111506,Ivaiporã,PR,41,Sul,,,Londrina,Ivaiporã,2025-01-01,,true
4111555,Ivaté,PR,41,Sul,,,Maringá,Umuarama,2025-01-01,,true
4111605,Ivatuba,PR,41,Sul,,,Maringá,Maringá,2025-01-01,,true
4111704,Jaboti,PR,41,Sul,,,Londrina,Ibaiti,2025-01-01,,true
4111803,Jacarezinho,PR,41,Sul,,,Londrina,Santo Antônio da Platina,2025-01-01,,true
4111902,Jaguapitã,PR,41,Sul,,,Londrina,Londrina,2025-01-01,,true
4112009,Jaguariaíva,PR,41,Sul,,,Ponta Grossa,Ponta Grossa,2025-01-01,,true
4112108,Jandaia do Sul,PR,41,Sul,,,Londrina,Apucarana,2025-01-01,,true
4112207,Janiópolis,PR,41,Sul,,,Maringá,Campo Mourão,2025-01-01,,true
4112306,Japira,PR,41,Sul,,,Londrina,Ibaiti,2025-01-01,,true
4112405,Japurá,PR,41,Sul,,,Maringá,Cianorte,2025-01-01,,true
4112504,Jardim Alegre,PR,41,Sul,,,Londrina,Ivaiporã,2025-01-01,,true
4112603,Jardim Olinda,PR,41,Sul,,,Maringá,Paranacity - Colorado,2025-01-01,,true
4112702,Jataizinho,PR,41,Sul,,,Londrina,Londrina,2025-01-01,,true
4112751,Jesuítas,PR,41,Sul,,,Cascavel,Toledo,2025-01-01,,true
4112801,Joaquim Távora,PR,41,Sul,,,Londrina,Santo Antônio da Platina,2025-01-01,,true
4112900,Jundiaí do Sul,PR,41,Sul,,,Londrina,Santo Antônio da Platina,2025-01-01,,true
4112959,Juranda,PR,41,Sul,,,Maringá,Campo Mourão,2025-01-01,,true
4113007,Jussara,PR,41,Sul,,,Maringá,Cianorte,2025-01-01,,true
4113106,Kaloré,PR,41,Sul,,,Londrina,Apucarana,2025-01-01,,true
4113205,Lapa,PR,41,Sul,,,Curitiba,Curitiba,2025-01-01,,true
4113254,Laranjal,PR,41,Sul,,,Guarapuava,Pitanga,2025-01-01,,true
4113304,Laranjeiras do Sul,PR,41,Sul,,,Cascavel,Laranjeiras do Sul - Quedas do Iguaçu,2025-01-01,,true
4113403,Leópolis,PR,41,Sul,,,Londrina,Cornélio Procópio - Bandeirantes,2025-01-01,,true
4113429,Lidianópolis,PR,41,Sul,,,Londrina,Ivaiporã,2025-01-01,,true
4113452,Lindoeste,PR,41,Sul,,,Cascavel,Cascavel,2025-01-01,,true
4113502,Loanda,PR,41,Sul,,,Maringá,Loanda,2025-01-01,,true
4113601,Lobato,PR,41,Sul,,,Maringá,Paranacity - Colorado,2025-01-01,,true
4113700,Londrina,PR,41,Sul,,,Londrina,Londrina,2025-01-01,,true
4113734,Luiziana,PR,41,Sul,,,Maringá,Campo Mourão,2025-01-01,,true
4113759,Lunardelli,PR,41,Sul,,,Londrina,Ivaiporã,2025-01-01,,true
4113809,Lupionópolis,PR,41,Sul,,,Londrina,Londrina,2025-01-01,,true
4113908,Mallet,PR,41,Sul,,,Ponta Grossa,Irati,2025-01-01,,true
4114005,Mamborê,PR,41,Sul,,,Maringá,Campo Mourão,2025-01-01,,true
4114104,Mandaguaçu,PR,41,Sul,,,Maringá,Maringá,2025-01-01,,true
4114203,Mandaguari,PR,41,Sul,,,Maringá,Maringá,2025-01-01,,true
4114302,Mandirituba,PR,41,Sul,,,Curitiba,Curitiba,2025-01-01,,true
4114351,Manfrinópolis,PR,41,Sul,,,Cascavel,Francisco Beltrão,2025-01-01,,true
4114401,Mangueirinha,PR,41,Sul,,,Cascavel,Pato Branco,2025-01-01,,true
4114500,Manoel Ribas,PR,41,Sul,,,Londrina,Ivaiporã,2025-01-01,,true
4114609,Marechal Cândido Rondon,PR,41,Sul,,,Cascavel,Marechal Cândido Rondon,2025-01-01,,true
4114708,Maria Helena,PR,41,Sul,,,Maringá,Umuarama,2025-01-01,,true
4114807,Marialva,PR,41,Sul,,,Maringá,Maringá,2025-01-01,,true
4114906,Marilândia do Sul,PR,41,Sul,,,Londrina,Apucarana,2025-01-01,,true
4115002,Marilena,PR,41,Sul,,,Maringá,Paranavaí,2025-01-01,,true
4115101,Mariluz,PR,41,Sul,,,Maringá,Umuarama,2025-01-01,,true
4115200,Maringá,PR,41,Sul,,,Maringá,Maringá,2025-01-01,,true
4115309,Mariópolis,PR,41,Sul,,,Cascavel,Pato Branco,2025-01-01,,true
4115358,Maripá,PR,41,Sul,,,Cascavel,Toledo,2025-01-01,,true
4115408,Marmeleiro,PR,41,Sul,,,Cascavel,Francisco Beltrão,2025-01-01,,true
4115457,Marquinho,PR,41,Sul,,,Cascavel,Laranjeiras do Sul - Quedas do Iguaçu,2025-01-01,,true
4115507,Marumbi,PR,41,Sul,,,Londrina,Apucarana,2025-01-01,,true
4115606,Matelândia,PR,41,Sul,,,Cascavel,Cascavel,2025-01-01,,true
4115705,Matinhos,PR,41,Sul,,,Curitiba,Paranaguá,2025-01-01,,true
4115739,Mato Rico,PR,41,Sul,,,Guarapuava,Pitanga,2025-01-01,,true
4115754,Mauá da Serra,PR,41,Sul,,,Londrina,Apucarana,2025-01-01,,true
4115804,Medianeira,PR,41,Sul,,,Cascavel,Foz do Iguaçu,2025-01-01,,true
4115853,Mercedes,PR,41,Sul,,,Cascavel,Marechal Cândido Rondon,2025-01-01,,true
4115903,Mirador,PR,41,Sul,,,Maringá,Paranavaí,2025-01-01,,true
4116000,Miraselva,PR,41,Sul,,,Londrina,Londrina,2025-01-01,,true
4116059,Missal,PR,41,Sul,,,Cascavel,Foz do Iguaçu,2025-01-01,,true
4116109,Moreira Sales,PR,41,Sul,,,Maringá,Campo Mourão,2025-01-01,,true
4116208,Morretes,PR,41,Sul,,,Curitiba,Paranaguá,2025-01-01,,true
4116307,Munhoz de Melo,PR,41,Sul,,,Maringá,Maringá,2025-01-01,,true
4116406,Nossa Senhora das Graças,PR,41,Sul,,,Maringá,Paranacity - Colorado,2025-01-01,,true
4116505,Nova Aliança do Ivaí,PR,41,Sul,,,Maringá,Paranavaí,2025-01-01,,true
4116604,Nova América da Colina,PR,41,Sul,,,Londrina,Cornélio Procópio - Bandeirantes,2025-01-01,,true
4116703,Nova Aurora,PR,41,Sul,,,Cascavel,Cascavel,2025-01-01,,true
4116802,Nova Cantu,PR,41,Sul,,,Maringá,Campo Mourão,2025-01-01,,true
4116901,Nova Esperança,PR,41,Sul,,,Maringá,Maringá,2025-01-01,,true
4116950,Nova Esperança do Sudoeste,PR,41,Sul,,,Cascavel,Francisco Beltrão,2025-01-01,,true
4117008,Nova Fátima,PR,41,Sul,,,Londrina,Cornélio Procópio - Bandeirantes,2025-01-01,,true
4117057,Nova Laranjeiras,PR,41,Sul,,,Cascavel,Laranjeiras do Sul - Quedas do Iguaçu,2025-01-01,,true
4117107,Nova Londrina,PR,41,Sul,,,Maringá,Paranavaí,2025-01-01,,true
4117206,Nova Olímpia,PR,41,Sul,,,Maringá,Umuarama,2025-01-01,,true
4117214,Nova Santa Bárbara,PR,41,Sul,,,Londrina,Cornélio Procópio - Bandeirantes,2025-01-01,,true
4117222,Nova Santa Rosa,PR,41,Sul,,,Cascavel,Marechal Cândido Rondon,2025-01-01,,true
4117255,Nova Prata do Iguaçu,PR,41,Sul,,,Cascavel,Dois Vizinhos,2025-01-01,,true
4117271,Nova Tebas,PR,41,Sul,,,Guarapuava,Pitanga,2025-01-01,,true
4117297,Novo Itacolomi,PR,41,Sul,,,Londrina,Apucarana,2025-01-01,,true
4117305,Ortigueira,PR,41,Sul,,,Ponta Grossa,Telêmaco Borba,2025-01-01,,true
4117404,Ourizona,PR,41,Sul,,,Maringá,Maringá,2025-01-01,,true
4117453,Ouro Verde do Oeste,PR,41,Sul,,,Cascavel,Toledo,2025-01-01,,true
4117503,Paiçandu,PR,41,Sul,,,Maringá,Maringá,2025-01-01,,true
4117602,Palmas,PR,41,Sul,,,Cascavel,Pato Branco,2025-01-01,,true
4117701,Palmeira,PR,41,Sul,,,Ponta Grossa,Ponta Grossa,2025-01-01,,true
4117800,Palmital,PR,41,Sul,,,Guarapuava,Pitanga,2025-01-01,,true
4117909,Palotina,PR,41,Sul,,,Cascavel,Toledo,2025-01-01,,true
4118006,Paraíso do Norte,PR,41,Sul,,,Maringá,Paranavaí,2025-01-01,,true
4118105,Paranacity,PR,41,Sul,,,Maringá,Paranacity - Colorado,2025-01-01,,true
4118204,Paranaguá,PR,41,Sul,,,Curitiba,Paranaguá,2025-01-01,,true
4118303,Paranapoema,PR,41,Sul,,,Maringá,Paranacity - Colorado,2025-01-01,,true
4118402,Paranavaí,PR,41,Sul,,,Maringá,Paranavaí,2025-01-01,,true
4118451,Pato Bragado,PR,41,Sul,,,Cascavel,Marechal Cândido Rondon,2025-01-01,,true
4118501,Pato Branco,PR,41,Sul,,,Cascavel,Pato Branco,2025-01-01,,true
4118600,Paula Freitas,PR,41,Sul,,,Curitiba,União da Vitória,2025-01-01,,true
4118709,Paulo Frontin,PR,41,Sul,,,Curitiba,União da Vitória,2025-01-01,,true
4118808,Peabiru,PR,41,Sul,,,Maringá,Campo Mourão,2025-01-01,,true
4118857,Perobal,PR,41,Sul,,,Maringá,Umuarama,2025-01-01,,true
4118907,Pérola,PR,41,Sul,,,Maringá,Umuarama,2025-01-01,,true
4119004,Pérola d'Oeste,PR,41,Sul,,,Cascavel,Francisco Beltrão,2025-01-01,,true
4119103,Piên,PR,41,Sul,,,Curitiba,Curitiba,2025-01-01,,true
4119152,Pinhais,PR,41,Sul,,,Curitiba,Curitiba,2025-01-01,,true
4119202,Pinhalão,PR,41,Sul,,,Londrina,Ibaiti,2025-01-01,,true
4119251,Pinhal de São Bento,PR,41,Sul,,,Cascavel,Francisco Beltrão,2025-01-01,,true
4119301,Pinhão,PR,41,Sul,,,Guarapuava,Guarapuava,2025-01-01,,true
4119400,Piraí do Sul,PR,41,Sul,,,Ponta Grossa,Ponta Grossa,2025-01-01,,true
4119509,Piraquara,PR,41,Sul,,,Curitiba,Curitiba,2025-01-01,,true
4119608,Pitanga,PR,41,Sul,,,Guarapuava,Pitanga,2025-01-01,,true
4119657,Pitangueiras,PR,41,Sul,,,Londrina,Londrina,2025-01-01,,true
4119707,Planaltina do Paraná,PR,41,Sul,,,Maringá,Paranavaí,2025-01-01,,true
4119806,Planalto,PR,41,Sul,,,Cascavel,Francisco Beltrão,2025-01-01,,true
4119905,Ponta Grossa,PR,41,Sul,,,Ponta Grossa,Ponta Grossa,2025-01-01,,true
4119954,Pontal do Paraná,PR,41,Sul,,,Curitiba,Paranaguá,2025-01-01,,true
4120002,Porecatu,PR,41,Sul,,,Londrina,Londrina,2025-01-01,,true
4120101,Porto Amazonas,PR,41,Sul,,,Ponta Grossa,Ponta Grossa,2025-01-01,,true
4120150,Porto Barreiro,PR,41,Sul,,,Cascavel,Laranjeiras do Sul - Quedas do Iguaçu,2025-01-01,,true
4120200,Porto Rico,PR,41,Sul,,,Maringá,Loanda,2025-01-01,,true
4120309,Porto Vitória,PR,41,Sul,,,Curitiba,União da Vitória,2025-01-01,,true
4120333,Prado Ferreira,PR,41,Sul,,,Londrina,Londrina,2025-01-01,,true
4120358,Pranchita,PR,41,Sul,,,Cascavel,Francisco Beltrão,2025-01-01,,true
4120408,Presidente Castelo Branco,PR,41,Sul,,,Maringá,Maringá,2025-01-01,,true
4120507,Primeiro de Maio,PR,41,Sul,,,Londrina,Londrina,2025-01-01,,true
4120606,Prudentópolis,PR,41,Sul,,,Guarapuava,Guarapuava,2025-01-01,,true
4120655,Quarto Centenário,PR,41,Sul,,,Maringá,Campo Mourão,2025-01-01,,true
4120705,Quatiguá,PR,41,Sul,,,Londrina,Santo Antônio da Platina,2025-01-01,,true
4120804,Quatro Barras,PR,41,Sul,,,Curitiba,Curitiba,2025-01-01,,true
4120853,Quatro Pontes,PR,41,Sul,,,Cascavel,Marechal Cândido Rondon,2025-01-01,,true
4120903,Quedas do Iguaçu,PR,41,Sul,,,Cascavel,Laranjeiras do Sul - Quedas do Iguaçu,2025-01-01,,true
4121000,Querência do Norte,PR,41,Sul,,,Maringá,Loanda,2025-01-01,,true
4121109,Quinta do Sol,PR,41,Sul,,,Maringá,Campo Mourão,2025-01-01,,true
4121208,Quitandinha,PR,41,Sul,,,Curitiba,Curitiba,2025-01-01,,true
4121257,Ramilândia,PR,41,Sul,,,Cascavel,Cascavel,2025-01-01,,true
4121307,Rancho Alegre,PR,41,Sul,,,Londrina,Cornélio Procópio - Bandeirantes,2025-01-01,,true
4121356,Rancho Alegre d'Oeste,PR,41,Sul,,,Maringá,Campo Mourão,2025-01-01,,true
4121406,Realeza,PR,41,Sul,,,Cascavel,Francisco Beltrão,2025-01-01,,true
4121505,Rebouças,PR,41,Sul,,,Ponta Grossa,Irati,2025-01-01,,true
4121604,Renascença,PR,41,Sul,,,Cascavel,Francisco Beltrão,2025-01-01,,true
4121703,Reserva,PR,41,Sul,,,Ponta Grossa,Telêmaco Borba,2025-01-01,,true
4121752,Reserva do Iguaçu,PR,41,Sul,,,Guarapuava,Guarapuava,2025-01-01,,true
4121802,Ribeirão Claro,PR,41,Sul,,,Londrina,Santo Antônio da Platina,2025-01-01,,true
4121901,Ribeirão do Pinhal,PR,41,Sul,,,Londrina,Santo Antônio da Platina,2025-01-01,,true
4122008,Rio Azul,PR,41,Sul,,,Ponta Grossa,Irati,2025-01-01,,true
4122107,Rio Bom,PR,41,Sul,,,Londrina,Apucarana,2025-01-01,,true
4122156,Rio Bonito do Iguaçu,PR,41,Sul,,,Cascavel,Laranjeiras do Sul - Quedas do Iguaçu,2025-01-01,,true
4122172,Rio Branco do Ivaí,PR,41,Sul,,,Londrina,Ivaiporã,2025-01-01,,true
4122206,Rio Branco do Sul,PR,41,Sul,,,Curitiba,Curitiba,2025-01-01,,true
4122305,Rio Negro,PR,41,Sul,,,Curitiba,Curitiba,2025-01-01,,true
4122404,Rolândia,PR,41,Sul,,,Londrina,Londrina,2025-01-01,,true
4122503,Roncador,PR,41,Sul,,,Maringá,Campo Mourão,2025-01-01,,true
4122602,Rondon,PR,41,Sul,,,Maringá,Cianorte,2025-01-01,,true
4122651,Rosário do Ivaí,PR,41,Sul,,,Londrina,Ivaiporã,2025-01-01,,true
4122701,Sabáudia,PR,41,Sul,,,Londrina,Londrina,2025-01-01,,true
4122800,Salgado Filho,PR,41,Sul,,,Cascavel,Francisco Beltrão,2025-01-01,,true
4122909,Salto do Itararé,PR,41,Sul,,,Londrina,Santo Antônio da Platina,2025-01-01,,true
4123006,Salto do Lontra,PR,41,Sul,,,Cascavel,Dois Vizinhos,2025-01-01,,true
4123105,Santa Amélia,PR,41,Sul,,,Londrina,Cornélio Procópio - Bandeirantes,2025-01-01,,true
4123204,Santa Cecília do Pavão,PR,41,Sul,,,Londrina,Cornélio Procópio - Bandeirantes,2025-01-01,,true
4123303,Santa Cruz de Monte Castelo,PR,41,Sul,,,Maringá,Loanda,2025-01-01,,true
4123402,Santa Fé,PR,41,Sul,,,Maringá,Maringá,2025-01-01,,true
4123501,Santa Helena,PR,41,Sul,,,Cascavel,Toledo,2025-01-01,,true
4123600,Santa Inês,PR,41,Sul,,,Maringá,Paranacity - Colorado,2025-01-01,,true
4123709,Santa Isabel do Ivaí,PR,41,Sul,,,Maringá,Loanda,2025-01-01,,true
4123808,Santa Izabel do Oeste,PR,41,Sul,,,Cascavel,Francisco Beltrão,2025-01-01,,true
4123824,Santa Lúcia,PR,41,Sul,,,Cascavel,Cascavel,2025-01-01,,true
4123857,Santa Maria do Oeste,PR,41,Sul,,,Guarapuava,Pitanga,2025-01-01,,true
4123907,Santa Mariana,PR,41,Sul,,,Londrina,Cornélio Procópio - Bandeirantes,2025-01-01,,true
4123956,Santa Mônica,PR,41,Sul,,,Maringá,Loanda,2025-01-01,,true
4124004,Santana do Itararé,PR,41,Sul,,,Londrina,Santo Antônio da Platina,2025-01-01,,true
4124020,Santa Tereza do Oeste,PR,41,Sul,,,Cascavel,Cascavel,2025-01-01,,true
4124053,Santa Terezinha de Itaipu,PR,41,Sul,,,Cascavel,Foz do Iguaçu,2025-01-01,,true
4124103,Santo Antônio da Platina,PR,41,Sul,,,Londrina,Santo Antônio da Platina,2025-01-01,,true
4124202,Santo Antônio do Caiuá,PR,41,Sul,,,Maringá,Paranavaí,2025-01-01,,true
4124301,Santo Antônio do Paraíso,PR,41,Sul,,,Londrina,Cornélio Procópio - Bandeirantes,2025-01-01,,true
4124400,Santo Antônio do Sudoeste,PR,41,Sul,,,Cascavel,Francisco Beltrão,2025-01-01,,true
4124509,Santo Inácio,PR,41,Sul,,,Maringá,Paranacity - Colorado,2025-01-01,,true
4124608,São Carlos do Ivaí,PR,41,Sul,,,Maringá,Paranavaí,2025-01-01,,true
4124707,São Jerônimo da Serra,PR,41,Sul,,,Londrina,Cornélio Procópio - Bandeirantes,2025-01-01,,true
4124806,São João,PR,41,Sul,,,Cascavel,Pato Branco,2025-01-01,,true
4124905,São João do Caiuá,PR,41,Sul,,,Maringá,Paranavaí,2025-01-01,,true
4125001,São João do Ivaí,PR,41,Sul,,,Londrina,Ivaiporã,2025-01-01,,true
4125100,São João do Triunfo,PR,41,Sul,,,Ponta Grossa,Ponta Grossa,2025-01-01,,true
4125209,São Jorge d'Oeste,PR,41,Sul,,,Cascavel,Dois Vizinhos,2025-01-01,,true
4125308,São Jorge do Ivaí,PR,41,Sul,,,Maringá,Maringá,2025-01-01,,true
4125357,São Jorge do Patrocínio,PR,41,Sul,,,Maringá,Umuarama,2025-01-01,,true
4125407,São José da Boa Vista,PR,41,Sul,,,Londrina,Santo Antônio da Platina,2025-01-01,,true
4125456,São José das Palmeiras,PR,41,Sul,,,Cascavel,Toledo,2025-01-01,,true
4125506,São José dos Pinhais,PR,41,Sul,,,Curitiba,Curitiba,2025-01-01,,true
4125555,São Manoel do Paraná,PR,41,Sul,,,Maringá,Cianorte,2025-01-01,,true
4125605,São Mateus do Sul,PR,41,Sul,,,Curitiba,União da Vitória,2025-01-01,,true
4125704,São Miguel do Iguaçu,PR,41,Sul,,,Cascavel,Foz do Iguaçu,2025-01-01,,true
4125753,São Pedro do Iguaçu,PR,41,Sul,,,Cascavel,Toledo,2025-01-01,,true
4125803,São Pedro do Ivaí,PR,41,Sul,,,Londrina,Apucarana,2025-01-01,,true
4125902,São Pedro do Paraná,PR,41,Sul,,,Maringá,Loanda,2025-01-01,,true
4126009,São Sebastião da Amoreira,PR,41,Sul,,,Londrina,Cornélio Procópio - Bandeirantes,2025-01-01,,true
4126108,São Tomé,PR,41,Sul,,,Maringá,Cianorte,2025-01-01,,true
4126207,Sapopema,PR,41,Sul,,,Londrina,Cornélio Procópio - Bandeirantes,2025-01-01,,true
4126256,Sarandi,PR,41,Sul,,,Maringá,Maringá,2025-01-01,,true
4126272,Saudade do Iguaçu,PR,41,Sul,,,Cascavel,Pato Branco,2025-01-01,,true
4126306,Sengés,PR,41,Sul,,,Ponta Grossa,Ponta Grossa,2025-01-01,,true
4126355,Serranópolis do Iguaçu,PR,41,Sul,,,Cascavel,Foz do Iguaçu,2025-01-01,,true
4126405,Sertaneja,PR,41,Sul,,,Londrina,Cornélio Procópio - Bandeirantes,2025-01-01,,true
4126504,Sertanópolis,PR,41,Sul,,,Londrina,Londrina,2025-01-01,,true
4126603,Siqueira Campos,PR,41,Sul,,,Londrina,Santo Antônio da Platina,2025-01-01,,true
4126652,Sulina,PR,41,Sul,,,Cascavel,Pato Branco,2025-01-01,,true
4126678,Tamarana,PR,41,Sul,,,Londrina,Londrina,2025-01-01,,true
4126702,Tamboara,PR,41,Sul,,,Maringá,Paranavaí,2025-01-01,,true
4126801,Tapejara,PR,41,Sul,,,Maringá,Cianorte,2025-01-01,,true
4126900,Tapira,PR,41,Sul,,,Maringá,Umuarama,2025-01-01,,true
4127007,Teixeira Soares,PR,41,Sul,,,Ponta Grossa,Irati,2025-01-01,,true
4127106,Telêmaco Borba,PR,41,Sul,,,Ponta Grossa,Telêmaco Borba,2025-01-01,,true
4127205,Terra Boa,PR,41,Sul,,,Maringá,Cianorte,2025-01-01,,true
4127304,Terra Rica,PR,41,Sul,,,Maringá,Paranavaí,2025-01-01,,true
4127403,Terra Roxa,PR,41,Sul,,,Cascavel,Toledo,2025-01-01,,true
4127502,Tibagi,PR,41,Sul,,,Ponta Grossa,Telêmaco Borba,2025-01-01,,true
4127601,Tijucas do Sul,PR,41,Sul,,,Curitiba,Curitiba,2025-01-01,,true
4127700,Toledo,PR,41,Sul,,,Cascavel,Toledo,2025-01-01,,true
4127809,Tomazina,PR,41,Sul,,,Londrina,Santo Antônio da Platina,2025-01-01,,true
4127858,Três Barras do Paraná,PR,41,Sul,,,Cascavel,Cascavel,2025-01-01,,true
4127882,Tunas do Paraná,PR,41,Sul,,,Curitiba,Curitiba,2025-01-01,,true
4127908,Tuneiras do Oeste,PR,41,Sul,,,Maringá,Cianorte,2025-01-01,,true
4127957,Tupãssi,PR,41,Sul,,,Cascavel,Toledo,2025-01-01,,true
4127965,Turvo,PR,41,Sul,,,Guarapuava,Guarapuava,2025-01-01,,true
4128005,Ubiratã,PR,41,Sul,,,Maringá,Campo Mourão,2025-01-01,,true
4128104,Umuarama,PR,41,Sul,,,Maringá,Umuarama,2025-01-01,,true
4128203,União da Vitória,PR,41,Sul,,,Curitiba,União da Vitória,2025-01-01,,true
4128302,Uniflor,PR,41,Sul,,,Maringá,Maringá,2025-01-01,,true
4128401,Uraí,PR,41,Sul,,,Londrina,Cornélio Procópio - Bandeirantes,2025-01-01,,true
4128500,Wenceslau Braz,PR,41,Sul,,,Londrina,Santo Antônio da Platina,2025-01-01,,true
4128534,Ventania,PR,41,Sul,,,Ponta Grossa,Telêmaco Borba,2025-01-01,,true
4128559,Vera Cruz do Oeste,PR,41,Sul,,,Cascavel,Cascavel,2025-01-01,,true
4128609,Verê,PR,41,Sul,,,Cascavel,Francisco Beltrão,2025-01-01,,true
4128625,Alto Paraíso,PR,41,Sul,,,Maringá,Umuarama,2025-01-01,,true
4128633,Doutor Ulysses,PR,41,Sul,,,Curitiba,Curitiba,2025-01-01,,true
4128658,Virmond,PR,41,Sul,,,Cascavel,Laranjeiras do Sul - Quedas do Iguaçu,2025-01-01,,true
4128708,Vitorino,PR,41,Sul,,,Cascavel,Pato Branco,2025-01-01,,true
4128807,Xambrê,PR,41,Sul,,,Maringá,Umuarama,2025-01-01,,true
4200051,Abdon Batista,SC,42,Sul,,,Chapecó,Joaçaba - Herval d'Oeste,2025-01-01,,true
4200101,Abelardo Luz,SC,42,Sul,,,Chapecó,Xanxerê,2025-01-01,,true
4200200,Agrolândia,SC,42,Sul,,,Blumenau,Rio do Sul,2025-01-01,,true
4200309,Agronômica,SC,42,Sul,,,Blumenau,Rio do Sul,2025-01-01,,true
4200408,Água Doce,SC,42,Sul,,,Chapecó,Joaçaba - Herval d'Oeste,2025-01-01,,true
4200507,Águas de Chapecó,SC,42,Sul,,,Chapecó,Chapecó,2025-01-01,,true
4200556,Águas Frias,SC,42,Sul,,,Chapecó,Chapecó,2025-01-01,,true
4200606,Águas Mornas,SC,42,Sul,,,Florianópolis,Florianópolis,2025-01-01,,true
4200705,Alfredo Wagner,SC,42,Sul,,,Florianópolis,Florianópolis,2025-01-01,,true
4200754,Alto Bela Vista,SC,42,Sul,,,Chapecó,Concórdia,2025-01-01,,true
4200804,Anchieta,SC,42,Sul,,,Chapecó,São Miguel do Oeste,2025-01-01,,true
4200903,Angelina,SC,42,Sul,,,Florianópolis,Florianópolis,2025-01-01,,true
4201000,Anita Garibaldi,SC,42,Sul,,,Lages,Lages,2025-01-01,,true
4201109,Anitápolis,SC,42,Sul,,,Florianópolis,Florianópolis,2025-01-01,,true
4201208,Antônio Carlos,SC,42,Sul,,,Florianópolis,Florianópolis,2025-01-01,,true
4201257,Apiúna,SC,42,Sul,,,Blumenau,Blumenau,2025-01-01,,true
4201273,Arabutã,SC,42,Sul,,,Chapecó,Concórdia,2025-01-01,,true
4201307,Araquari,SC,42,Sul,,,Joinville,Joinville,2025-01-01,,true
4201406,Araranguá,SC,42,Sul,,,Criciúma,Araranguá,2025-01-01,,true
4201505,Armazém,SC,42,Sul,,,Criciúma,Tubarão,2025-01-01,,true
4201604,Arroio Trinta,SC,42,Sul,,,Caçador,Videira,2025-01-01,,true
4201653,Arvoredo,SC,42,Sul,,,Chapecó,Chapecó,2025-01-01,,true
4201703,Ascurra,SC,42,Sul,,,Blumenau,Blumenau,2025-01-01,,true
4201802,Atalanta,SC,42,Sul,,,Blumenau,Rio do Sul,2025-01-01,,true
4201901,Aurora,SC,42,Sul,,,Blumenau,Rio do Sul,2025-01-01,,true
4201950,Balneário Arroio do Silva,SC,42,Sul,,,Criciúma,Araranguá,2025-01-01,,true
4202008,Balneário Camboriú,SC,42,Sul,,,Blumenau,Itajaí,2025-01-01,,true
4202057,Balneário Barra do Sul,SC,42,Sul,,,Joinville,Joinville,2025-01-01,,true
4202073,Balneário Gaivota,SC,42,Sul,,,Criciúma,Araranguá,2025-01-01,,true
4202081,Bandeirante,SC,42,Sul,,,Chapecó,São Miguel do Oeste,2025-01-01,,true
4202099,Barra Bonita,SC,42,Sul,,,Chapecó,São Miguel do Oeste,2025-01-01,,true
4202107,Barra Velha,SC,42,Sul,,,Blumenau,Itajaí,2025-01-01,,true
4202131,Bela Vista do Toldo,SC,42,Sul,,,Joinville,Mafra,2025-01-01,,true
4202156,Belmonte,SC,42,Sul,,,Chapecó,São Miguel do Oeste,2025-01-01,,true
4202206,Benedito Novo,SC,42,Sul,,,Blumenau,Blumenau,2025-01-01,,true
4202305,Biguaçu,SC,42,Sul,,,Florianópolis,Florianópolis,2025-01-01,,true
4202404,Blumenau,SC,42,Sul,,,Blumenau,Blumenau,2025-01-01,,true
4202438,Bocaina do Sul,SC,42,Sul,,,Lages,Lages,2025-01-01,,true
4202453,Bombinhas,SC,42,Sul,,,Blumenau,Itajaí,2025-01-01,,true
4202503,Bom Jardim da Serra,SC,42,Sul,,,Lages,Lages,2025-01-01,,true
4202537,Bom Jesus,SC,42,Sul,,,Chapecó,Xanxerê,2025-01-01,,true
4202578,Bom Jesus do Oeste,SC,42,Sul,,,Chapecó,Maravilha,2025-01-01,,true
4202602,Bom Retiro,SC,42,Sul,,,Lages,Lages,2025-01-01,,true
4202701,Botuverá,SC,42,Sul,,,Blumenau,Brusque,2025-01-01,,true
4202800,Braço do Norte,SC,42,Sul,,,Criciúma,Tubarão,2025-01-01,,true
4202859,Braço do Trombudo,SC,42,Sul,,,Blumenau,Rio do Sul,2025-01-01,,true
4202875,Brunópolis,SC,42,Sul,,,Lages,Curitibanos,2025-01-01,,true
4202909,Brusque,SC,42,Sul,,,Blumenau,Brusque,2025-01-01,,true
4203006,Caçador,SC,42,Sul,,,Caçador,Caçador,2025-01-01,,true
4203105,Caibi,SC,42,Sul,,,Chapecó,Chapecó,2025-01-01,,true
4203154,Calmon,SC,42,Sul,,,Caçador,Caçador,2025-01-01,,true
4203204,Camboriú,SC,42,Sul,,,Blumenau,Itajaí,2025-01-01,,true
4203253,Capão Alto,SC,42,Sul,,,Lages,Lages,2025-01-01,,true
4203303,Campo Alegre,SC,42,Sul,,,Joinville,São Bento do Sul - Rio Negrinho,2025-01-01,,true
4203402,Campo Belo do Sul,SC,42,Sul,,,Lages,Lages,2025-01-01,,true
4203501,Campo Erê,SC,42,Sul,,,Chapecó,São Lourenço do Oeste,2025-01-01,,true
4203600,Campos Novos,SC,42,Sul,,,Chapecó,Joaçaba - Herval d'Oeste,2025-01-01,,true
4203709,Canelinha,SC,42,Sul,,,Blumenau,Brusque,2025-01-01,,true
4203808,Canoinhas,SC,42,Sul,,,Joinville,Mafra,2025-01-01,,true
4203907,Capinzal,SC,42,Sul,,,Chapecó,Joaçaba - Herval d'Oeste,2025-01-01,,true
4203956,Capivari de Baixo,SC,42,Sul,,,Criciúma,Tubarão,2025-01-01,,true
4204004,Catanduvas,SC,42,Sul,,,Chapecó,Joaçaba - Herval d'Oeste,2025-01-01,,true
4204103,Caxambu do Sul,SC,42,Sul,,,Chapecó,Chapecó,2025-01-01,,true
4204152,Celso Ramos,SC,42,Sul,,,Chapecó,Joaçaba - Herval d'Oeste,2025-01-01,,true
4204178,Cerro Negro,SC,42,Sul,,,Lages,Lages,2025-01-01,,true
4204194,Chapadão do Lageado,SC,42,Sul,,,Blumenau,Ituporanga,2025-01-01,,true
4204202,Chapecó,SC,42,Sul,,,Chapecó,Chapecó,2025-01-01,,true
4204251,Cocal do Sul,SC,42,Sul,,,Criciúma,Criciúma,2025-01-01,,true
4204301,Concórdia,SC,42,Sul,,,Chapecó,Concórdia,2025-01-01,,true
4204350,Cordilheira Alta,SC,42,Sul,,,Chapecó,Chapecó,2025-01-01,,true
4204400,Coronel Freitas,SC,42,Sul,,,Chapecó,Chapecó,2025-01-01,,true
4204459,Coronel Martins,SC,42,Sul,,,Chapecó,Xanxerê,2025-01-01,,true
4204509,Corupá,SC,42,Sul,,,Joinville,Joinville,2025-01-01,,true
4204558,Correia Pinto,SC,42,Sul,,,Lages,Lages,2025-01-01,,true
4204608,Criciúma,SC,42,Sul,,,Criciúma,Criciúma,2025-01-01,,true
4204707,Cunha Porã,SC,42,Sul,,,Chapecó,Maravilha,2025-01-01,,true
4204756,Cunhataí,SC,42,Sul,,,Chapecó,Chapecó,2025-01-01,,true
4204806,Curitibanos,SC,42,Sul,,,Lages,Curitibanos,2025-01-01,,true
4204905,Descanso,SC,42,Sul,,,Chapecó,São Miguel do Oeste,2025-01-01,,true
4205001,Dionísio Cerqueira,SC,42,Sul,,,Chapecó,São Miguel do Oeste,2025-01-01,,true
4205100,Dona Emma,SC,42,Sul,,,Blumenau,Ibirama - Presidente Getúlio,2025-01-01,,true
4205159,Doutor Pedrinho,SC,42,Sul,,,Blumenau,Blumenau,2025-01-01,,true
4205175,Entre Rios,SC,42,Sul,,,Chapecó,Xanxerê,2025-01-01,,true
4205191,Ermo,SC,42,Sul,,,Criciúma,Araranguá,2025-01-01,,true
4205209,Erval Velho,SC,42,Sul,,,Chapecó,Joaçaba - Herval d'Oeste,2025-01-01,,true
4205308,Faxinal dos Guedes,SC,42,Sul,,,Chapecó,Xanxerê,2025-01-01,,true
4205357,Flor do Sertão,SC,42,Sul,,,Chapecó,São Miguel do Oeste,2025-01-01,,true
4205407,Florianópolis,SC,42,Sul,,,Florianópolis,Florianópolis,2025-01-01,,true
4205431,Formosa do Sul,SC,42,Sul,,,Chapecó,Chapecó,2025-01-01,,true
4205456,Forquilhinha,SC,42,Sul,,,Criciúma,Criciúma,2025-01-01,,true
4205506,Fraiburgo,SC,42,Sul,,,Caçador,Videira,2025-01-01,,true
4205555,Frei Rogério,SC,42,Sul,,,Lages,Curitibanos,2025-01-01,,true
4205605,Galvão,SC,42,Sul,,,Chapecó,São Lourenço do Oeste,2025-01-01,,true
4205704,Garopaba,SC,42,Sul,,,Florianópolis,Florianópolis,2025-01-01,,true
4205803,Garuva,SC,42,Sul,,,Joinville,Joinville,2025-01-01,,true
4205902,Gaspar,SC,42,Sul,,,Blumenau,Blumenau,2025-01-01,,true
4206009,Governador Celso Ramos,SC,42,Sul,,,Florianópolis,Florianópolis,2025-01-01,,true
4206108,Grão-Pará,SC,42,Sul,,,Criciúma,Tubarão,2025-01-01,,true
4206207,Gravatal,SC,42,Sul,,,Criciúma,Tubarão,2025-01-01,,true
4206306,Guabiruba,SC,42,Sul,,,Blumenau,Brusque,2025-01-01,,true
4206405,Guaraciaba,SC,42,Sul,,,Chapecó,São Miguel do Oeste,2025-01-01,,true
4206504,Guaramirim,SC,42,Sul,,,Joinville,Joinville,2025-01-01,,true
4206603,Guarujá do Sul,SC,42,Sul,,,Chapecó,São Miguel do Oeste,2025-01-01,,true
4206652,Guatambú,SC,42,Sul,,,Chapecó,Chapecó,2025-01-01,,true
4206702,Herval d'Oeste,SC,42,Sul,,,Chapecó,Joaçaba - Herval d'Oeste,2025-01-01,,true
4206751,Ibiam,SC,42,Sul,,,Caçador,Videira,2025-01-01,,true
4206801,Ibicaré,SC,42,Sul,,,Chapecó,Joaçaba - Herval d'Oeste,2025-01-01,,true
4206900,Ibirama,SC,42,Sul,,,Blumenau,Ibirama - Presidente Getúlio,2025-01-01,,true
4207007,Içara,SC,42,Sul,,,Criciúma,Criciúma,2025-01-01,,true
4207106,Ilhota,SC,42,Sul,,,Blumenau,Blumenau,2025-01-01,,true
4207205,Imaruí,SC,42,Sul,,,Criciúma,Tubarão,2025-01-01,,true
4207304,Imbituba,SC,42,Sul,,,Florianópolis,Florianópolis,2025-01-01,,true
4207403,Imbuia,SC,42,Sul,,,Blumenau,Ituporanga,2025-01-01,,true
4207502,Indaial,SC,42,Sul,,,Blumenau,Blumenau,2025-01-01,,true
4207577,Iomerê,SC,42,Sul,,,Caçador,Videira,2025-01-01,,true
4207601,Ipira,SC,42,Sul,,,Chapecó,Concórdia,2025-01-01,,true
4207650,Iporã do Oeste,SC,42,Sul,,,Chapecó,São Miguel do Oeste,2025-01-01,,true
4207684,Ipuaçu,SC,42,Sul,,,Chapecó,Xanxerê,2025-01-01,,true
4207700,Ipumirim,SC,42,Sul,,,Chapecó,Concórdia,2025-01-01,,true
4207759,Iraceminha,SC,42,Sul,,,Chapecó,Maravilha,2025-01-01,,true
4207809,Irani,SC,42,Sul,,,Chapecó,Concórdia,2025-01-01,,true
4207858,Irati,SC,42,Sul,,,Chapecó,Chapecó,2025-01-01,,true
4207908,Irineópolis,SC,42,Sul,,,Joinville,Mafra,2025-01-01,,true
4208005,Itá,SC,42,Sul,,,Chapecó,Concórdia,2025-01-01,,true
4208104,Itaiópolis,SC,42,Sul,,,Joinville,Mafra,2025-01-01,,true
4208203,Itajaí,SC,42,Sul,,,Blumenau,Itajaí,2025-01-01,,true
4208302,Itapema,SC,42,Sul,,,Blumenau,Itajaí,2025-01-01,,true
4208401,Itapiranga,SC,42,Sul,,,Chapecó,São Miguel do Oeste,2025-01-01,,true
4208450,Itapoá,SC,42,Sul,,,Joinville,Joinville,2025-01-01,,true
4208500,Ituporanga,SC,42,Sul,,,Blumenau,Ituporanga,2025-01-01,,true
4208609,Jaborá,SC,42,Sul,,,Chapecó,Joaçaba - Herval d'Oeste,2025-01-01,,true
4208708,Jacinto Machado,SC,42,Sul,,,Criciúma,Araranguá,2025-01-01,,true
4208807,Jaguaruna,SC,42,Sul,,,Criciúma,Tubarão,2025-01-01,,true
4208906,Jaraguá do Sul,SC,42,Sul,,,Joinville,Joinville,2025-01-01,,true
4208955,Jardinópolis,SC,42,Sul,,,Chapecó,Chapecó,2025-01-01,,true
4209003,Joaçaba,SC,42,Sul,,,Chapecó,Joaçaba - Herval d'Oeste,2025-01-01,,true
4209102,Joinville,SC,42,Sul,,,Joinville,Joinville,2025-01-01,,true
4209151,José Boiteux,SC,42,Sul,,,Blumenau,Ibirama - Presidente Getúlio,2025-01-01,,true
4209177,Jupiá,SC,42,Sul,,,Chapecó,São Lourenço do Oeste,2025-01-01,,true
4209201,Lacerdópolis,SC,42,Sul,,,Chapecó,Joaçaba - Herval d'Oeste,2025-01-01,,true
4209300,Lages,SC,42,Sul,,,Lages,Lages,2025-01-01,,true
4209409,Laguna,SC,42,Sul,,,Criciúma,Tubarão,2025-01-01,,true
4209458,Lajeado Grande,SC,42,Sul,,,Chapecó,Chapecó,2025-01-01,,true
4209508,Laurentino,SC,42,Sul,,,Blumenau,Rio do Sul,2025-01-01,,true
4209607,Lauro Müller,SC,42,Sul,,,Criciúma,Criciúma,2025-01-01,,true
4209706,Lebon Régis,SC,42,Sul,,,Caçador,Caçador,2025-01-01,,true
4209805,Leoberto Leal,SC,42,Sul,,,Blumenau,Ituporanga,2025-01-01,,true
4209854,Lindóia do Sul,SC,42,Sul,,,Chapecó,Concórdia,2025-01-01,,true
4209904,Lontras,SC,42,Sul,,,Blumenau,Rio do Sul,2025-01-01,,true
4210001,Luiz Alves,SC,42,Sul,,,Blumenau,Itajaí,2025-01-01,,true
4210035,Luzerna,SC,42,Sul,,,Chapecó,Joaçaba - Herval d'Oeste,2025-01-01,,true
4210050,Macieira,SC,42,Sul,,,Caçador,Caçador,2025-01-01,,true
4210100,Mafra,SC,42,Sul,,,Joinville,Mafra,2025-01-01,,true
4210209,Major Gercino,SC,42,Sul,,,Blumenau,Brusque,2025-01-01,,true
4210308,Major Vieira,SC,42,Sul,,,Joinville,Mafra,2025-01-01,,true
4210407,Maracajá,SC,42,Sul,,,Criciúma,Araranguá,2025-01-01,,true
4210506,Maravilha,SC,42,Sul,,,Chapecó,Maravilha,2025-01-01,,true
4210555,Marema,SC,42,Sul,,,Chapecó,Chapecó,2025-01-01,,true
4210605,Massaranduba,SC,42,Sul,,,Joinville,Joinville,2025-01-01,,true
4210704,Matos Costa,SC,42,Sul,,,Caçador,Caçador,2025-01-01,,true
4210803,Meleiro,SC,42,Sul,,,Criciúma,Araranguá,2025-01-01,,true
4210852,Mirim Doce,SC,42,Sul,,,Blumenau,Rio do Sul,2025-01-01,,true
4210902,Modelo,SC,42,Sul,,,Chapecó,Chapecó,2025-01-01,,true
4211009,Mondaí,SC,42,Sul,,,Chapecó,Chapecó,2025-01-01,,true
4211058,Monte Carlo,SC,42,Sul,,,Caçador,Videira,2025-01-01,,true
4211108,Monte Castelo,SC,42,Sul,,,Joinville,Mafra,2025-01-01,,true
4211207,Morro da Fumaça,SC,42,Sul,,,Criciúma,Criciúma,2025-01-01,,true
4211256,Morro Grande,SC,42,Sul,,,Criciúma,Criciúma,2025-01-01,,true
4211306,Navegantes,SC,42,Sul,,,Blumenau,Itajaí,2025-01-01,,true
4211405,Nova Erechim,SC,42,Sul,,,Chapecó,Chapecó,2025-01-01,,true
4211454,Nova Itaberaba,SC,42,Sul,,,Chapecó,Chapecó,2025-01-01,,true
4211504,Nova Trento,SC,42,Sul,,,Blumenau,Brusque,2025-01-01,,true
4211603,Nova Veneza,SC,42,Sul,,,Criciúma,Criciúma,2025-01-01,,true
4211652,Novo Horizonte,SC,42,Sul,,,Chapecó,São Lourenço do Oeste,2025-01-01,,true
4211702,Orleans,SC,42,Sul,,,Criciúma,Criciúma,2025-01-01,,true
4211751,Otacílio Costa,SC,42,Sul,,,Lages,Lages,2025-01-01,,true
4211801,Ouro,SC,42,Sul,,,Chapecó,Joaçaba - Herval d'Oeste,2025-01-01,,true
4211850,Ouro Verde,SC,42,Sul,,,Chapecó,Xanxerê,2025-01-01,,true
4211876,Paial,SC,42,Sul,,,Chapecó,Chapecó,2025-01-01,,true
4211892,Painel,SC,42,Sul,,,Lages,Lages,2025-01-01,,true
4211900,Palhoça,SC,42,Sul,,,Florianópolis,Florianópolis,2025-01-01,,true
4212007,Palma Sola,SC,42,Sul,,,Chapecó,São Miguel do Oeste,2025-01-01,,true
4212056,Palmeira,SC,42,Sul,,,Lages,Lages,2025-01-01,,true
4212106,Palmitos,SC,42,Sul,,,Chapecó,Chapecó,2025-01-01,,true
4212205,Papanduva,SC,42,Sul,,,Joinville,Mafra,2025-01-01,,true
4212239,Paraíso,SC,42,Sul,,,Chapecó,São Miguel do Oeste,2025-01-01,,true
4212254,Passo de Torres,SC,42,Sul,,,Criciúma,Araranguá,2025-01-01,,true
4212270,Passos Maia,SC,42,Sul,,,Chapecó,Xanxerê,2025-01-01,,true
4212304,Paulo Lopes,SC,42,Sul,,,Florianópolis,Florianópolis,2025-01-01,,true
4212403,Pedras Grandes,SC,42,Sul,,,Criciúma,Tubarão,2025-01-01,,true
4212502,Penha,SC,42,Sul,,,Blumenau,Itajaí,2025-01-01,,true
4212601,Peritiba,SC,42,Sul,,,Chapecó,Concórdia,2025-01-01,,true
4212650,Pescaria Brava,SC,42,Sul,,,Criciúma,Tubarão,2025-01-01,,true
4212700,Petrolândia,SC,42,Sul,,,Blumenau,Ituporanga,2025-01-01,,true
4212809,Balneário Piçarras,SC,42,Sul,,,Blumenau,Itajaí,2025-01-01,,true
4212908,Pinhalzinho,SC,42,Sul,,,Chapecó,Chapecó,2025-01-01,,true
4213005,Pinheiro Preto,SC,42,Sul,,,Caçador,Videira,2025-01-01,,true
4213104,Piratuba,SC,42,Sul,,,Chapecó,Concórdia,2025-01-01,,true
4213153,Planalto Alegre,SC,42,Sul,,,Chapecó,Chapecó,2025-01-01,,true
4213203,Pomerode,SC,42,Sul,,,Blumenau,Blumenau,2025-01-01,,true
4213302,Ponte Alta,SC,42,Sul,,,Lages,Lages,2025-01-01,,true
4213351,Ponte Alta do Norte,SC,42,Sul,,,Lages,Curitibanos,2025-01-01,,true
4213401,Ponte Serrada,SC,42,Sul,,,Chapecó,Xanxerê,2025-01-01,,true
4213500,Porto Belo,SC,42,Sul,,,Blumenau,Itajaí,2025-01-01,,true
4213609,Porto União,SC,42,Sul,,,Joinville,Mafra,2025-01-01,,true
4213708,Pouso Redondo,SC,42,Sul,,,Blumenau,Rio do Sul,2025-01-01,,true
4213807,Praia Grande,SC,42,Sul,,,Criciúma,Araranguá,2025-01-01,,true
4213906,Presidente Castello Branco,SC,42,Sul,,,Chapecó,Concórdia,2025-01-01,,true
4214003,Presidente Getúlio,SC,42,Sul,,,Blumenau,Ibirama - Presidente Getúlio,2025-01-01,,true
4214102,Presidente Nereu,SC,42,Sul,,,Blumenau,Rio do Sul,2025-01-01,,true
4214151,Princesa,SC,42,Sul,,,Chapecó,São Miguel do Oeste,2025-01-01,,true
4214201,Quilombo,SC,42,Sul,,,Chapecó,Chapecó,2025-01-01,,true
4214300,Rancho Queimado,SC,42,Sul,,,Florianópolis,Florianópolis,2025-01-01,,true
4214409,Rio das Antas,SC,42,Sul,,,Caçador,Videira,2025-01-01,,true
4214508,Rio do Campo,SC,42,Sul,,,Blumenau,Rio do Sul,2025-01-01,,true
4214607,Rio do Oeste,SC,42,Sul,,,Blumenau,Rio do Sul,2025-01-01,,true
4214706,Rio dos Cedros,SC,42,Sul,,,Blumenau,Blumenau,2025-01-01,,true
4214805,Rio do Sul,SC,42,Sul,,,Blumenau,Rio do Sul,2025-01-01,,true
4214904,Rio Fortuna,SC,42,Sul,,,Criciúma,Tubarão,2025-01-01,,true
4215000,Rio Negrinho,SC,42,Sul,,,Joinville,São Bento do Sul - Rio Negrinho,2025-01-01,,true
4215059,Rio Rufino,SC,42,Sul,,,Lages,Lages,2025-01-01,,true
4215075,Riqueza,SC,42,Sul,,,Chapecó,Chapecó,2025-01-01,,true
4215109,Rodeio,SC,42,Sul,,,Blumenau,Blumenau,2025-01-01,,true
4215208,Romelândia,SC,42,Sul,,,Chapecó,São Miguel do Oeste,2025-01-01,,true
4215307,Salete,SC,42,Sul,,,Blumenau,Rio do Sul,2025-01-01,,true
4215356,Saltinho,SC,42,Sul,,,Chapecó,Maravilha,2025-01-01,,true
4215406,Salto Veloso,SC,42,Sul,,,Caçador,Videira,2025-01-01,,true
4215455,Sangão,SC,42,Sul,,,Criciúma,Tubarão,2025-01-01,,true
4215505,Santa Cecília,SC,42,Sul,,,Lages,Curitibanos,2025-01-01,,true
4215554,Santa Helena,SC,42,Sul,,,Chapecó,São Miguel do Oeste,2025-01-01,,true
4215604,Santa Rosa de Lima,SC,42,Sul,,,Criciúma,Tubarão,2025-01-01,,true
4215653,Santa Rosa do Sul,SC,42,Sul,,,Criciúma,Araranguá,2025-01-01,,true
4215679,Santa Terezinha,SC,42,Sul,,,Blumenau,Rio do Sul,2025-01-01,,true
4215687,Santa Terezinha do Progresso,SC,42,Sul,,,Chapecó,Maravilha,2025-01-01,,true
4215695,Santiago do Sul,SC,42,Sul,,,Chapecó,Chapecó,2025-01-01,,true
4215703,Santo Amaro da Imperatriz,SC,42,Sul,,,Florianópolis,Florianópolis,2025-01-01,,true
4215752,São Bernardino,SC,42,Sul,,,Chapecó,São Lourenço do Oeste,2025-01-01,,true
4215802,São Bento do Sul,SC,42,Sul,,,Joinville,São Bento do Sul - Rio Negrinho,2025-01-01,,true
4215901,São Bonifácio,SC,42,Sul,,,Florianópolis,Florianópolis,2025-01-01,,true
4216008,São Carlos,SC,42,Sul,,,Chapecó,Chapecó,2025-01-01,,true
4216057,São Cristóvão do Sul,SC,42,Sul,,,Lages,Curitibanos,2025-01-01,,true
4216107,São Domingos,SC,42,Sul,,,Chapecó,Xanxerê,2025-01-01,,true
4216206,São Francisco do Sul,SC,42,Sul,,,Joinville,Joinville,2025-01-01,,true
4216255,São João do Oeste,SC,42,Sul,,,Chapecó,São Miguel do Oeste,2025-01-01,,true
4216305,São João Batista,SC,42,Sul,,,Blumenau,Brusque,2025-01-01,,true
4216354,São João do Itaperiú,SC,42,Sul,,,Joinville,Joinville,2025-01-01,,true
4216404,São João do Sul,SC,42,Sul,,,Criciúma,Araranguá,2025-01-01,,true
4216503,São Joaquim,SC,42,Sul,,,Lages,Lages,2025-01-01,,true
4216602,São José,SC,42,Sul,,,Florianópolis,Florianópolis,2025-01-01,,true
4216701,São José do Cedro,SC,42,Sul,,,Chapecó,São Miguel do Oeste,2025-01-01,,true
4216800,São José do Cerrito,SC,42,Sul,,,Lages,Lages,2025-01-01,,true
4216909,São Lourenço do Oeste,SC,42,Sul,,,Chapecó,São Lourenço do Oeste,2025-01-01,,true
4217006,São Ludgero,SC,42,Sul,,,Criciúma,Tubarão,2025-01-01,,true
4217105,São Martinho,SC,42,Sul,,,Criciúma,Tubarão,2025-01-01,,true
4217154,São Miguel da Boa Vista,SC,42,Sul,,,Chapecó,Maravilha,2025-01-01,,true
4217204,São Miguel do Oeste,SC,42,Sul,,,Chapecó,São Miguel do Oeste,2025-01-01,,true
4217253,São Pedro de Alcântara,SC,42,Sul,,,Florianópolis,Florianópolis,2025-01-01,,true
4217303,Saudades,SC,42,Sul,,,Chapecó,Chapecó,2025-01-01,,true
4217402,Schroeder,SC,42,Sul,,,Joinville,Joinville,2025-01-01,,true
4217501,Seara,SC,42,Sul,,,Chapecó,Concórdia,2025-01-01,,true
4217550,Serra Alta,SC,42,Sul,,,Chapecó,Chapecó,2025-01-01,,true
4217600,Siderópolis,SC,42,Sul,,,Criciúma,Criciúma,2025-01-01,,true
4217709,Sombrio,SC,42,Sul,,,Criciúma,Araranguá,2025-01-01,,true
4217758,Sul Brasil,SC,42,Sul,,,Chapecó,Chapecó,2025-01-01,,true
4217808,Taió,SC,42,Sul,,,Blumenau,Rio do Sul,2025-01-01,,true
4217907,Tangará,SC,42,Sul,,,Caçador,Videira,2025-01-01,,true
4217956,Tigrinhos,SC,42,Sul,,,Chapecó,Maravilha,2025-01-01,,true
4218004,Tijucas,SC,42,Sul,,,Blumenau,Itajaí,2025-01-01,,true
4218103,Timbé do Sul,SC,42,Sul,,,Criciúma,Araranguá,2025-01-01,,true
4218202,Timbó,SC,42,Sul,,,Blumenau,Blumenau,2025-01-01,,true
4218251,Timbó Grande,SC,42,Sul,,,Caçador,Caçador,2025-01-01,,true
4218301,Três Barras,SC,42,Sul,,,Joinville,Mafra,2025-01-01,,true
4218350,Treviso,SC,42,Sul,,,Criciúma,Criciúma,2025-01-01,,true
4218400,Treze de Maio,SC,42,Sul,,,Criciúma,Tubarão,2025-01-01,,true
4218509,Treze Tílias,SC,42,Sul,,,Chapecó,Joaçaba - Herval d'Oeste,2025-01-01,,true
4218608,Trombudo Central,SC,42,Sul,,,Blumenau,Rio do Sul,2025-01-01,,true
4218707,Tubarão,SC,42,Sul,,,Criciúma,Tubarão,2025-01-01,,true
4218756,Tunápolis,SC,42,Sul,,,Chapecó,São Miguel do Oeste,2025-01-01,,true
4218806,Turvo,SC,42,Sul,,,Criciúma,Araranguá,2025-01-01,,true
4218855,União do Oeste,SC,42,Sul,,,Chapecó,Chapecó,2025-01-01,,true
4218905,Urubici,SC,42,Sul,,,Lages,Lages,2025-01-01,,true
4218954,Urupema,SC,42,Sul,,,Lages,Lages,2025-01-01,,true
4219002,Urussanga,SC,42,Sul,,,Criciúma,Criciúma,2025-01-01,,true
4219101,Vargeão,SC,42,Sul,,,Chapecó,Xanxerê,2025-01-01,,true
4219150,Vargem,SC,42,Sul,,,Chapecó,Joaçaba - Herval d'Oeste,2025-01-01,,true
4219176,Vargem Bonita,SC,42,Sul,,,Chapecó,Joaçaba - Herval d'Oeste,2025-01-01,,true
4219200,Vidal Ramos,SC,42,Sul,,,Blumenau,Ituporanga,2025-01-01,,true
4219309,Videira,SC,42,Sul,,,Caçador,Videira,2025-01-01,,true
4219358,Vitor Meireles,SC,42,Sul,,,Blumenau,Ibirama - Presidente Getúlio,2025-01-01,,true
4219408,Witmarsum,SC,42,Sul,,,Blumenau,Ibirama - Presidente Getúlio,2025-01-01,,true
4219507,Xanxerê,SC,42,Sul,,,Chapecó,Xanxerê,2025-01-01,,true
4219606,Xavantina,SC,42,Sul,,,Chapecó,Xanxerê,2025-01-01,,true
4219705,Xaxim,SC,42,Sul,,,Chapecó,Chapecó,2025-01-01,,true
4219853,Zortéa,SC,42,Sul,,,Chapecó,Joaçaba - Herval d'Oeste,2025-01-01,,true
4220000,Balneário Rincão,SC,42,Sul,,,Criciúma,Criciúma,2025-01-01,,true
4300034,Aceguá,RS,43,Sul,,,Pelotas,Bagé,2025-01-01,,true
4300059,Água Santa,RS,43,Sul,,,Passo Fundo,Tapejara - Sananduva,2025-01-01,,true
4300109,Agudo,RS,43,Sul,,,Santa Maria,Santa Maria,2025-01-01,,true
4300208,Ajuricaba,RS,43,Sul,,,Ijuí,Ijuí,2025-01-01,,true
4300307,Alecrim,RS,43,Sul,,,Ijuí,Santa Rosa,2025-01-01,,true
4300406,Alegrete,RS,43,Sul,,,Uruguaiana,Uruguaiana,2025-01-01,,true
4300455,Alegria,RS,43,Sul,,,Ijuí,Três de Maio,2025-01-01,,true
4300471,Almirante Tamandaré do Sul,RS,43,Sul,,,Passo Fundo,Carazinho,2025-01-01,,true
4300505,Alpestre,RS,43,Sul,,,Passo Fundo,Nonoai,2025-01-01,,true
4300554,Alto Alegre,RS,43,Sul,,,Passo Fundo,Passo Fundo,2025-01-01,,true
4300570,Alto Feliz,RS,43,Sul,,,Caxias do Sul,Caxias do Sul,2025-01-01,,true
4300604,Alvorada,RS,43,Sul,,,Porto Alegre,Porto Alegre,2025-01-01,,true
4300638,Amaral Ferrador,RS,43,Sul,,,Porto Alegre,Camaquã,2025-01-01,,true
4300646,Ametista do Sul,RS,43,Sul,,,Passo Fundo,Frederico Westphalen,2025-01-01,,true
4300661,André da Rocha,RS,43,Sul,,,Caxias do Sul,Nova Prata - Guaporé,2025-01-01,,true
4300703,Anta Gorda,RS,43,Sul,,,Santa Cruz do Sul - Lajeado,Encantado,2025-01-01,,true
4300802,Antônio Prado,RS,43,Sul,,,Caxias do Sul,Caxias do Sul,2025-01-01,,true
4300851,Arambaré,RS,43,Sul,,,Porto Alegre,Camaquã,2025-01-01,,true
4300877,Araricá,RS,43,Sul,,,Porto Alegre,Novo Hamburgo - São Leopoldo,2025-01-01,,true
4300901,Aratiba,RS,43,Sul,,,Passo Fundo,Erechim,2025-01-01,,true
4301008,Arroio do Meio,RS,43,Sul,,,Santa Cruz do Sul - Lajeado,Lajeado,2025-01-01,,true
4301057,Arroio do Sal,RS,43,Sul,,,Porto Alegre,Torres,2025-01-01,,true
4301073,Arroio do Padre,RS,43,Sul,,,Pelotas,Pelotas,2025-01-01,,true
4301107,Arroio dos Ratos,RS,43,Sul,,,Porto Alegre,Porto Alegre,2025-01-01,,true
4301206,Arroio do Tigre,RS,43,Sul,,,Santa Cruz do Sul - Lajeado,Sobradinho,2025-01-01,,true
4301305,Arroio Grande,RS,43,Sul,,,Pelotas,Pelotas,2025-01-01,,true
4301404,Arvorezinha,RS,43,Sul,,,Passo Fundo,Soledade,2025-01-01,,true
4301503,Augusto Pestana,RS,43,Sul,,,Ijuí,Ijuí,2025-01-01,,true
4301552,Áurea,RS,43,Sul,,,Passo Fundo,Erechim,2025-01-01,,true
4301602,Bagé,RS,43,Sul,,,Pelotas,Bagé,2025-01-01,,true
4301636,Balneário Pinhal,RS,43,Sul,,,Porto Alegre,Tramandaí - Osório,2025-01-01,,true
4301651,Barão,RS,43,Sul,,,Caxias do Sul,Bento Gonçalves,2025-01-01,,true
4301701,Barão de Cotegipe,RS,43,Sul,,,Passo Fundo,Erechim,2025-01-01,,true
4301750,Barão do Triunfo,RS,43,Sul,,,Porto Alegre,Porto Alegre,2025-01-01,,true
4301800,Barracão,RS,43,Sul,,,Passo Fundo,Lagoa Vermelha,2025-01-01,,true
4301859,Barra do Guarita,RS,43,Sul,,,Ijuí,Três Passos,2025-01-01,,true
4301875,Barra do Quaraí,RS,43,Sul,,,Uruguaiana,Uruguaiana,2025-01-01,,true
4301909,Barra do Ribeiro,RS,43,Sul,,,Porto Alegre,Porto Alegre,2025-01-01,,true
4301925,Barra do Rio Azul,RS,43,Sul,,,Passo Fundo,Erechim,2025-01-01,,true
4301958,Barra Funda,RS,43,Sul,,,Passo Fundo,Carazinho,2025-01-01,,true
4302006,Barros Cassal,RS,43,Sul,,,Passo Fundo,Soledade,2025-01-01,,true
4302055,Benjamin Constant do Sul,RS,43,Sul,,,Passo Fundo,Erechim,2025-01-01,,true
4302105,Bento Gonçalves,RS,43,Sul,,,Caxias do Sul,Bento Gonçalves,2025-01-01,,true
4302154,Boa Vista das Missões,RS,43,Sul,,,Passo Fundo,Frederico Westphalen,2025-01-01,,true
4302204,Boa Vista do Buricá,RS,43,Sul,,,Ijuí,Três de Maio,2025-01-01,,true
4302220,Boa Vista do Cadeado,RS,43,Sul,,,Passo Fundo,Cruz Alta,2025-01-01,,true
4302238,Boa Vista do Incra,RS,43,Sul,,,Passo Fundo,Cruz Alta,2025-01-01,,true
4302253,Boa Vista do Sul,RS,43,Sul,,,Caxias do Sul,Bento Gonçalves,2025-01-01,,true
4302303,Bom Jesus,RS,43,Sul,,,Caxias do Sul,Vacaria,2025-01-01,,true
4302352,Bom Princípio,RS,43,Sul,,,Porto Alegre,Novo Hamburgo - São Leopoldo,2025-01-01,,true
4302378,Bom Progresso,RS,43,Sul,,,Ijuí,Três Passos,2025-01-01,,true
4302402,Bom Retiro do Sul,RS,43,Sul,,,Santa Cruz do Sul - Lajeado,Lajeado,2025-01-01,,true
4302451,Boqueirão do Leão,RS,43,Sul,,,Santa Cruz do Sul - Lajeado,Lajeado,2025-01-01,,true
4302501,Bossoroca,RS,43,Sul,,,Ijuí,São Luiz Gonzaga,2025-01-01,,true
4302584,Bozano,RS,43,Sul,,,Ijuí,Ijuí,2025-01-01,,true
4302600,Braga,RS,43,Sul,,,Ijuí,Três Passos,2025-01-01,,true
4302659,Brochier,RS,43,Sul,,,Porto Alegre,Montenegro,2025-01-01,,true
4302709,Butiá,RS,43,Sul,,,Porto Alegre,Charqueadas - Triunfo - São Jerônimo,2025-01-01,,true
4302808,Caçapava do Sul,RS,43,Sul,,,Santa Maria,São Gabriel - Caçapava do Sul,2025-01-01,,true
4302907,Cacequi,RS,43,Sul,,,Santa Maria,Santa Maria,2025-01-01,,true
4303004,Cachoeira do Sul,RS,43,Sul,,,Santa Maria,Cachoeira do Sul,2025-01-01,,true
4303103,Cachoeirinha,RS,43,Sul,,,Porto Alegre,Porto Alegre,2025-01-01,,true
4303202,Cacique Doble,RS,43,Sul,,,Passo Fundo,Lagoa Vermelha,2025-01-01,,true
4303301,Caibaté,RS,43,Sul,,,Ijuí,São Luiz Gonzaga,2025-01-01,,true
4303400,Caiçara,RS,43,Sul,,,Passo Fundo,Frederico Westphalen,2025-01-01,,true
4303509,Camaquã,RS,43,Sul,,,Porto Alegre,Camaquã,2025-01-01,,true
4303558,Camargo,RS,43,Sul,,,Passo Fundo,Marau,2025-01-01,,true
4303608,Cambará do Sul,RS,43,Sul,,,Caxias do Sul,Caxias do Sul,2025-01-01,,true
4303673,Campestre da Serra,RS,43,Sul,,,Caxias do Sul,Caxias do Sul,2025-01-01,,true
4303707,Campina das Missões,RS,43,Sul,,,Ijuí,Santa Rosa,2025-01-01,,true
4303806,Campinas do Sul,RS,43,Sul,,,Passo Fundo,Erechim,2025-01-01,,true
4303905,Campo Bom,RS,43,Sul,,,Porto Alegre,Novo Hamburgo - São Leopoldo,2025-01-01,,true
4304002,Campo Novo,RS,43,Sul,,,Ijuí,Três Passos,2025-01-01,,true
4304101,Campos Borges,RS,43,Sul,,,Passo Fundo,Passo Fundo,2025-01-01,,true
4304200,Candelária,RS,43,Sul,,,Santa Cruz do Sul - Lajeado,Santa Cruz do Sul,2025-01-01,,true
4304309,Cândido Godói,RS,43,Sul,,,Ijuí,Santa Rosa,2025-01-01,,true
4304358,Candiota,RS,43,Sul,,,Pelotas,Bagé,2025-01-01,,true
4304408,Canela,RS,43,Sul,,,Caxias do Sul,Caxias do Sul,2025-01-01,,true
4304507,Canguçu,RS,43,Sul,,,Pelotas,Pelotas,2025-01-01,,true
4304606,Canoas,RS,43,Sul,,,Porto Alegre,Porto Alegre,2025-01-01,,true
4304614,Canudos do Vale,RS,43,Sul,,,Santa Cruz do Sul - Lajeado,Lajeado,2025-01-01,,true
4304622,Capão Bonito do Sul,RS,43,Sul,,,Passo Fundo,Lagoa Vermelha,2025-01-01,,true
4304630,Capão da Canoa,RS,43,Sul,,,Porto Alegre,Tramandaí - Osório,2025-01-01,,true
4304655,Capão do Cipó,RS,43,Sul,,,Santa Maria,Santiago,2025-01-01,,true
4304663,Capão do Leão,RS,43,Sul,,,Pelotas,Pelotas,2025-01-01,,true
4304671,Capivari do Sul,RS,43,Sul,,,Porto Alegre,Porto Alegre,2025-01-01,,true
4304689,Capela de Santana,RS,43,Sul,,,Porto Alegre,Novo Hamburgo - São Leopoldo,2025-01-01,,true
4304697,Capitão,RS,43,Sul,,,Santa Cruz do Sul - Lajeado,Lajeado,2025-01-01,,true
4304705,Carazinho,RS,43,Sul,,,Passo Fundo,Carazinho,2025-01-01,,true
4304713,Caraá,RS,43,Sul,,,Porto Alegre,Porto Alegre,2025-01-01,,true
4304804,Carlos Barbosa,RS,43,Sul,,,Caxias do Sul,Bento Gonçalves,2025-01-01,,true
4304853,Carlos Gomes,RS,43,Sul,,,Passo Fundo,Erechim,2025-01-01,,true
4304903,Casca,RS,43,Sul,,,Passo Fundo,Marau,2025-01-01,,true
4304952,Caseiros,RS,43,Sul,,,Passo Fundo,Lagoa Vermelha,2025-01-01,,true
4305009,Catuípe,RS,43,Sul,,,Ijuí,Ijuí,2025-01-01,,true
4305108,Caxias do Sul,RS,43,Sul,,,Caxias do Sul,Caxias do Sul,2025-01-01,,true
4305116,Centenário,RS,43,Sul,,,Passo Fundo,Erechim,2025-01-01,,true
4305124,Cerrito,RS,43,Sul,,,Pelotas,Pelotas,2025-01-01,,true
4305132,Cerro Branco,RS,43,Sul,,,Santa Maria,Cachoeira do Sul,2025-01-01,,true
4305157,Cerro Grande,RS,43,Sul,,,Passo Fundo,Palmeira das Missões,2025-01-01,,true
4305173,Cerro Grande do Sul,RS,43,Sul,,,Porto Alegre,Camaquã,2025-01-01,,true
4305207,Cerro Largo,RS,43,Sul,,,Ijuí,Cerro Largo,2025-01-01,,true
4305306,Chapada,RS,43,Sul,,,Passo Fundo,Carazinho,2025-01-01,,true
4305355,Charqueadas,RS,43,Sul,,,Porto Alegre,Charqueadas - Triunfo - São Jerônimo,2025-01-01,,true
4305371,Charrua,RS,43,Sul,,,Passo Fundo,Tapejara - Sananduva,2025-01-01,,true
4305405,Chiapetta,RS,43,Sul,,,Ijuí,Ijuí,2025-01-01,,true
4305439,Chuí,RS,43,Sul,,,Pelotas,Pelotas,2025-01-01,,true
4305447,Chuvisca,RS,43,Sul,,,Porto Alegre,Camaquã,2025-01-01,,true
4305454,Cidreira,RS,43,Sul,,,Porto Alegre,Tramandaí - Osório,2025-01-01,,true
4305504,Ciríaco,RS,43,Sul,,,Passo Fundo,Marau,2025-01-01,,true
4305587,Colinas,RS,43,Sul,,,Santa Cruz do Sul - Lajeado,Lajeado,2025-01-01,,true
4305603,Colorado,RS,43,Sul,,,Passo Fundo,Carazinho,2025-01-01,,true
4305702,Condor,RS,43,Sul,,,Ijuí,Ijuí,2025-01-01,,true
4305801,Constantina,RS,43,Sul,,,Passo Fundo,Carazinho,2025-01-01,,true
4305835,Coqueiro Baixo,RS,43,Sul,,,Santa Cruz do Sul - Lajeado,Lajeado,2025-01-01,,true
4305850,Coqueiros do Sul,RS,43,Sul,,,Passo Fundo,Carazinho,2025-01-01,,true
4305871,Coronel Barros,RS,43,Sul,,,Ijuí,Ijuí,2025-01-01,,true
4305900,Coronel Bicaco,RS,43,Sul,,,Ijuí,Ijuí,2025-01-01,,true
4305934,Coronel Pilar,RS,43,Sul,,,Caxias do Sul,Bento Gonçalves,2025-01-01,,true
4305959,Cotiporã,RS,43,Sul,,,Caxias do Sul,Bento Gonçalves,2025-01-01,,true
4305975,Coxilha,RS,43,Sul,,,Passo Fundo,Passo Fundo,2025-01-01,,true
4306007,Crissiumal,RS,43,Sul,,,Ijuí,Três Passos,2025-01-01,,true
4306056,Cristal,RS,43,Sul,,,Porto Alegre,Camaquã,2025-01-01,,true
4306072,Cristal do Sul,RS,43,Sul,,,Passo Fundo,Frederico Westphalen,2025-01-01,,true
4306106,Cruz Alta,RS,43,Sul,,,Passo Fundo,Cruz Alta,2025-01-01,,true
4306130,Cruzaltense,RS,43,Sul,,,Passo Fundo,Erechim,2025-01-01,,true
4306205,Cruzeiro do Sul,RS,43,Sul,,,Santa Cruz do Sul - Lajeado,Lajeado,2025-01-01,,true
4306304,David Canabarro,RS,43,Sul,,,Passo Fundo,Marau,2025-01-01,,true
4306320,Derrubadas,RS,43,Sul,,,Ijuí,Três Passos,2025-01-01,,true
4306353,Dezesseis de Novembro,RS,43,Sul,,,Ijuí,São Luiz Gonzaga,2025-01-01,,true
4306379,Dilermando de Aguiar,RS,43,Sul,,,Santa Maria,Santa Maria,2025-01-01,,true
4306403,Dois Irmãos,RS,43,Sul,,,Porto Alegre,Novo Hamburgo - São Leopoldo,2025-01-01,,true
4306429,Dois Irmãos das Missões,RS,43,Sul,,,Passo Fundo,Palmeira das Missões,2025-01-01,,true
4306452,Dois Lajeados,RS,43,Sul,,,Caxias do Sul,Nova Prata - Guaporé,2025-01-01,,true
4306502,Dom Feliciano,RS,43,Sul,,,Porto Alegre,Camaquã,2025-01-01,,true
4306551,Dom Pedro de Alcântara,RS,43,Sul,,,Porto Alegre,Torres,2025-01-01,,true
4306601,Dom Pedrito,RS,43,Sul,,,Pelotas,Bagé,2025-01-01,,true
4306700,Dona Francisca,RS,43,Sul,,,Santa Maria,Santa Maria,2025-01-01,,true
4306734,Doutor Maurício Cardoso,RS,43,Sul,,,Ijuí,Três de Maio,2025-01-01,,true
4306759,Doutor Ricardo,RS,43,Sul,,,Santa Cruz do Sul - Lajeado,Encantado,2025-01-01,,true
4306767,Eldorado do Sul,RS,43,Sul,,,Porto Alegre,Porto Alegre,2025-01-01,,true
4306809,Encantado,RS,43,Sul,,,Santa Cruz do Sul - Lajeado,Encantado,2025-01-01,,true
4306908,Encruzilhada do Sul,RS,43,Sul,,,Santa Cruz do Sul - Lajeado,Santa Cruz do Sul,2025-01-01,,true
4306924,Engenho Velho,RS,43,Sul,,,Passo Fundo,Carazinho,2025-01-01,,true
4306932,Entre-Ijuís,RS,43,Sul,,,Ijuí,Santo Ângelo,2025-01-01,,true
4306957,Entre Rios do Sul,RS,43,Sul,,,Passo Fundo,Erechim,2025-01-01,,true
4306973,Erebango,RS,43,Sul,,,Passo Fundo,Erechim,2025-01-01,,true
4307005,Erechim,RS,43,Sul,,,Passo Fundo,Erechim,2025-01-01,,true
4307054,Ernestina,RS,43,Sul,,,Passo Fundo,Passo Fundo,2025-01-01,,true
4307104,Herval,RS,43,Sul,,,Pelotas,Pelotas,2025-01-01,,true
4307203,Erval Grande,RS,43,Sul,,,Passo Fundo,Erechim,2025-01-01,,true
4307302,Erval Seco,RS,43,Sul,,,Passo Fundo,Frederico Westphalen,2025-01-01,,true
4307401,Esmeralda,RS,43,Sul,,,Caxias do Sul,Vacaria,2025-01-01,,true
4307450,Esperança do Sul,RS,43,Sul,,,Ijuí,Três Passos,2025-01-01,,true
4307500,Espumoso,RS,43,Sul,,,Passo Fundo,Passo Fundo,2025-01-01,,true
4307559,Estação,RS,43,Sul,,,Passo Fundo,Erechim,2025-01-01,,true
4307609,Estância Velha,RS,43,Sul,,,Porto Alegre,Novo Hamburgo - São Leopoldo,2025-01-01,,true
4307708,Esteio,RS,43,Sul,,,Porto Alegre,Porto Alegre,2025-01-01,,true
4307807,Estrela,RS,43,Sul,,,Santa Cruz do Sul - Lajeado,Lajeado,2025-01-01,,true
4307815,Estrela Velha,RS,43,Sul,,,Santa Cruz do Sul - Lajeado,Sobradinho,2025-01-01,,true
4307831,Eugênio de Castro,RS,43,Sul,,,Ijuí,Santo Ângelo,2025-01-01,,true
4307864,Fagundes Varela,RS,43,Sul,,,Caxias do Sul,Bento Gonçalves,2025-01-01,,true
4307906,Farroupilha,RS,43,Sul,,,Caxias do Sul,Caxias do Sul,2025-01-01,,true
4308003,Faxinal do Soturno,RS,43,Sul,,,Santa Maria,Santa Maria,2025-01-01,,true
4308052,Faxinalzinho,RS,43,Sul,,,Passo Fundo,Erechim,2025-01-01,,true
4308078,Fazenda Vilanova,RS,43,Sul,,,Santa Cruz do Sul - Lajeado,Lajeado,2025-01-01,,true
4308102,Feliz,RS,43,Sul,,,Caxias do Sul,Caxias do Sul,2025-01-01,,true
4308201,Flores da Cunha,RS,43,Sul,,,Caxias do Sul,Caxias do Sul,2025-01-01,,true
4308250,Floriano Peixoto,RS,43,Sul,,,Passo Fundo,Erechim,2025-01-01,,true
4308300,Fontoura Xavier,RS,43,Sul,,,Passo Fundo,Soledade,2025-01-01,,true
4308409,Formigueiro,RS,43,Sul,,,Santa Maria,Santa Maria,2025-01-01,,true
4308433,Forquetinha,RS,43,Sul,,,Santa Cruz do Sul - Lajeado,Lajeado,2025-01-01,,true
4308458,Fortaleza dos Valos,RS,43,Sul,,,Passo Fundo,Cruz Alta,2025-01-01,,true
4308508,Frederico Westphalen,RS,43,Sul,,,Passo Fundo,Frederico Westphalen,2025-01-01,,true
4308607,Garibaldi,RS,43,Sul,,,Caxias do Sul,Bento Gonçalves,2025-01-01,,true
4308656,Garruchos,RS,43,Sul,,,Ijuí,São Luiz Gonzaga,2025-01-01,,true
4308706,Gaurama,RS,43,Sul,,,Passo Fundo,Erechim,2025-01-01,,true
4308805,General Câmara,RS,43,Sul,,,Porto Alegre,Charqueadas - Triunfo - São Jerônimo,2025-01-01,,true
4308854,Gentil,RS,43,Sul,,,Passo Fundo,Marau,2025-01-01,,true
4308904,Getúlio Vargas,RS,43,Sul,,,Passo Fundo,Erechim,2025-01-01,,true
4309001,Giruá,RS,43,Sul,,,Ijuí,Santo Ângelo,2025-01-01,,true
4309050,Glorinha,RS,43,Sul,,,Porto Alegre,Porto Alegre,2025-01-01,,true
4309100,Gramado,RS,43,Sul,,,Caxias do Sul,Caxias do Sul,2025-01-01,,true
4309126,Gramado dos Loureiros,RS,43,Sul,,,Passo Fundo,Nonoai,2025-01-01,,true
4309159,Gramado Xavier,RS,43,Sul,,,Santa Cruz do Sul - Lajeado,Santa Cruz do Sul,2025-01-01,,true
4309209,Gravataí,RS,43,Sul,,,Porto Alegre,Porto Alegre,2025-01-01,,true
4309258,Guabiju,RS,43,Sul,,,Caxias do Sul,Nova Prata - Guaporé,2025-01-01,,true
4309308,Guaíba,RS,43,Sul,,,Porto Alegre,Porto Alegre,2025-01-01,,true
4309407,Guaporé,RS,43,Sul,,,Caxias do Sul,Nova Prata - Guaporé,2025-01-01,,true
4309506,Guarani das Missões,RS,43,Sul,,,Ijuí,Santo Ângelo,2025-01-01,,true
4309555,Harmonia,RS,43,Sul,,,Porto Alegre,Novo Hamburgo - São Leopoldo,2025-01-01,,true
4309571,Herveiras,RS,43,Sul,,,Santa Cruz do Sul - Lajeado,Santa Cruz do Sul,2025-01-01,,true
4309605,Horizontina,RS,43,Sul,,,Ijuí,Três de Maio,2025-01-01,,true
4309654,Hulha Negra,RS,43,Sul,,,Pelotas,Bagé,2025-01-01,,true
4309704,Humaitá,RS,43,Sul,,,Ijuí,Três Passos,2025-01-01,,true
4309753,Ibarama,RS,43,Sul,,,Santa Cruz do Sul - Lajeado,Sobradinho,2025-01-01,,true
4309803,Ibiaçá,RS,43,Sul,,,Passo Fundo,Tapejara - Sananduva,2025-01-01,,true
4309902,Ibiraiaras,RS,43,Sul,,,Passo Fundo,Lagoa Vermelha,2025-01-01,,true
4309951,Ibirapuitã,RS,43,Sul,,,Passo Fundo,Soledade,2025-01-01,,true
4310009,Ibirubá,RS,43,Sul,,,Passo Fundo,Cruz Alta,2025-01-01,,true
4310108,Igrejinha,RS,43,Sul,,,Porto Alegre,Taquara - Parobé - Igrejinha,2025-01-01,,true
4310207,Ijuí,RS,43,Sul,,,Ijuí,Ijuí,2025-01-01,,true
4310306,Ilópolis,RS,43,Sul,,,Santa Cruz do Sul - Lajeado,Encantado,2025-01-01,,true
4310330,Imbé,RS,43,Sul,,,Porto Alegre,Tramandaí - Osório,2025-01-01,,true
4310363,Imigrante,RS,43,Sul,,,Santa Cruz do Sul - Lajeado,Lajeado,2025-01-01,,true
4310405,Independência,RS,43,Sul,,,Ijuí,Três de Maio,2025-01-01,,true
4310413,Inhacorá,RS,43,Sul,,,Ijuí,Ijuí,2025-01-01,,true
4310439,Ipê,RS,43,Sul,,,Caxias do Sul,Caxias do Sul,2025-01-01,,true
4310462,Ipiranga do Sul,RS,43,Sul,,,Passo Fundo,Erechim,2025-01-01,,true
4310504,Iraí,RS,43,Sul,,,Passo Fundo,Frederico Westphalen,2025-01-01,,true
4310538,Itaara,RS,43,Sul,,,Santa Maria,Santa Maria,2025-01-01,,true
4310553,Itacurubi,RS,43,Sul,,,Santa Maria,Santiago,2025-01-01,,true
4310579,Itapuca,RS,43,Sul,,,Passo Fundo,Soledade,2025-01-01,,true
4310603,Itaqui,RS,43,Sul,,,Uruguaiana,São Borja,2025-01-01,,true
4310652,Itati,RS,43,Sul,,,Porto Alegre,Tramandaí - Osório,2025-01-01,,true
4310702,Itatiba do Sul,RS,43,Sul,,,Passo Fundo,Erechim,2025-01-01,,true
4310751,Ivorá,RS,43,Sul,,,Santa Maria,Santa Maria,2025-01-01,,true
4310801,Ivoti,RS,43,Sul,,,Porto Alegre,Novo Hamburgo - São Leopoldo,2025-01-01,,true
4310850,Jaboticaba,RS,43,Sul,,,Passo Fundo,Frederico Westphalen,2025-01-01,,true
4310876,Jacuizinho,RS,43,Sul,,,Passo Fundo,Cruz Alta,2025-01-01,,true
4310900,Jacutinga,RS,43,Sul,,,Passo Fundo,Erechim,2025-01-01,,true
4311007,Jaguarão,RS,43,Sul,,,Pelotas,Pelotas,2025-01-01,,true
4311106,Jaguari,RS,43,Sul,,,Santa Maria,Santa Maria,2025-01-01,,true
4311122,Jaquirana,RS,43,Sul,,,Caxias do Sul,Vacaria,2025-01-01,,true
4311130,Jari,RS,43,Sul,,,Santa Maria,Santa Maria,2025-01-01,,true
4311155,Jóia,RS,43,Sul,,,Ijuí,Ijuí,2025-01-01,,true
4311205,Júlio de Castilhos,RS,43,Sul,,,Santa Maria,Santa Maria,2025-01-01,,true
4311239,Lagoa Bonita do Sul,RS,43,Sul,,,Santa Cruz do Sul - Lajeado,Sobradinho,2025-01-01,,true
4311254,Lagoão,RS,43,Sul,,,Santa Cruz do Sul - Lajeado,Sobradinho,2025-01-01,,true
4311270,Lagoa dos Três Cantos,RS,43,Sul,,,Passo Fundo,Passo Fundo,2025-01-01,,true
4311304,Lagoa Vermelha,RS,43,Sul,,,Passo Fundo,Lagoa Vermelha,2025-01-01,,true
4311403,Lajeado,RS,43,Sul,,,Santa Cruz do Sul - Lajeado,Lajeado,2025-01-01,,true
4311429,Lajeado do Bugre,RS,43,Sul,,,Passo Fundo,Palmeira das Missões,2025-01-01,,true
4311502,Lavras do Sul,RS,43,Sul,,,Santa Maria,São Gabriel - Caçapava do Sul,2025-01-01,,true
4311601,Liberato Salzano,RS,43,Sul,,,Passo Fundo,Frederico Westphalen,2025-01-01,,true
4311627,Lindolfo Collor,RS,43,Sul,,,Porto Alegre,Novo Hamburgo - São Leopoldo,2025-01-01,,true
4311643,Linha Nova,RS,43,Sul,,,Porto Alegre,Novo Hamburgo - São Leopoldo,2025-01-01,,true
4311700,Machadinho,RS,43,Sul,,,Passo Fundo,Lagoa Vermelha,2025-01-01,,true
4311718,Maçambará,RS,43,Sul,,,Uruguaiana,São Borja,2025-01-01,,true
4311734,Mampituba,RS,43,Sul,,,Porto Alegre,Torres,2025-01-01,,true
4311759,Manoel Viana,RS,43,Sul,,,Uruguaiana,Uruguaiana,2025-01-01,,true
4311775,Maquiné,RS,43,Sul,,,Porto Alegre,Tramandaí - Osório,2025-01-01,,true
4311791,Maratá,RS,43,Sul,,,Porto Alegre,Montenegro,2025-01-01,,true
4311809,Marau,RS,43,Sul,,,Passo Fundo,Marau,2025-01-01,,true
4311908,Marcelino Ramos,RS,43,Sul,,,Passo Fundo,Erechim,2025-01-01,,true
4311981,Mariana Pimentel,RS,43,Sul,,,Porto Alegre,Porto Alegre,2025-01-01,,true
4312005,Mariano Moro,RS,43,Sul,,,Passo Fundo,Erechim,2025-01-01,,true
4312054,Marques de Souza,RS,43,Sul,,,Santa Cruz do Sul - Lajeado,Lajeado,2025-01-01,,true
4312104,Mata,RS,43,Sul,,,Santa Maria,Santa Maria,2025-01-01,,true
4312138,Mato Castelhano,RS,43,Sul,,,Passo Fundo,Passo Fundo,2025-01-01,,true
4312153,Mato Leitão,RS,43,Sul,,,Santa Cruz do Sul - Lajeado,Santa Cruz do Sul,2025-01-01,,true
4312179,Mato Queimado,RS,43,Sul,,,Ijuí,Cerro Largo,2025-01-01,,true
4312203,Maximiliano de Almeida,RS,43,Sul,,,Passo Fundo,Tapejara - Sananduva,2025-01-01,,true
4312252,Minas do Leão,RS,43,Sul,,,Porto Alegre,Charqueadas - Triunfo - São Jerônimo,2025-01-01,,true
4312302,Miraguaí,RS,43,Sul,,,Ijuí,Três Passos,2025-01-01,,true
4312351,Montauri,RS,43,Sul,,,Caxias do Sul,Nova Prata - Guaporé,2025-01-01,,true
4312377,Monte Alegre dos Campos,RS,43,Sul,,,Caxias do Sul,Vacaria,2025-01-01,,true
4312385,Monte Belo do Sul,RS,43,Sul,,,Caxias do Sul,Bento Gonçalves,2025-01-01,,true
4312401,Montenegro,RS,43,Sul,,,Porto Alegre,Montenegro,2025-01-01,,true
4312427,Mormaço,RS,43,Sul,,,Passo Fundo,Soledade,2025-01-01,,true
4312443,Morrinhos do Sul,RS,43,Sul,,,Porto Alegre,Torres,2025-01-01,,true
4312450,Morro Redondo,RS,43,Sul,,,Pelotas,Pelotas,2025-01-01,,true
4312476,Morro Reuter,RS,43,Sul,,,Porto Alegre,Novo Hamburgo - São Leopoldo,2025-01-01,,true
4312500,Mostardas,RS,43,Sul,,,Porto Alegre,Porto Alegre,2025-01-01,,true
4312609,Muçum,RS,43,Sul,,,Santa Cruz do Sul - Lajeado,Encantado,2025-01-01,,true
4312617,Muitos Capões,RS,43,Sul,,,Caxias do Sul,Vacaria,2025-01-01,,true
4312625,Muliterno,RS,43,Sul,,,Passo Fundo,Marau,2025-01-01,,true
4312658,Não-Me-Toque,RS,43,Sul,,,Passo Fundo,Carazinho,2025-01-01,,true
4312674,Nicolau Vergueiro,RS,43,Sul,,,Passo Fundo,Passo Fundo,2025-01-01,,true
4312708,Nonoai,RS,43,Sul,,,Passo Fundo,Nonoai,2025-01-01,,true
4312757,Nova Alvorada,RS,43,Sul,,,Passo Fundo,Marau,2025-01-01,,true
4312807,Nova Araçá,RS,43,Sul,,,Caxias do Sul,Nova Prata - Guaporé,2025-01-01,,true
4312906,Nova Bassano,RS,43,Sul,,,Caxias do Sul,Nova Prata - Guaporé,2025-01-01,,true
4312955,Nova Boa Vista,RS,43,Sul,,,Passo Fundo,Carazinho,2025-01-01,,true
4313003,Nova Bréscia,RS,43,Sul,,,Santa Cruz do Sul - Lajeado,Encantado,2025-01-01,,true
4313011,Nova Candelária,RS,43,Sul,,,Ijuí,Três de Maio,2025-01-01,,true
4313037,Nova Esperança do Sul,RS,43,Sul,,,Santa Maria,Santiago,2025-01-01,,true
4313060,Nova Hartz,RS,43,Sul,,,Porto Alegre,Novo Hamburgo - São Leopoldo,2025-01-01,,true
4313086,Nova Pádua,RS,43,Sul,,,Caxias do Sul,Caxias do Sul,2025-01-01,,true
4313102,Nova Palma,RS,43,Sul,,,Santa Maria,Santa Maria,2025-01-01,,true
4313201,Nova Petrópolis,RS,43,Sul,,,Caxias do Sul,Caxias do Sul,2025-01-01,,true
4313300,Nova Prata,RS,43,Sul,,,Caxias do Sul,Nova Prata - Guaporé,2025-01-01,,true
4313334,Nova Ramada,RS,43,Sul,,,Ijuí,Ijuí,2025-01-01,,true
4313359,Nova Roma do Sul,RS,43,Sul,,,Caxias do Sul,Caxias do Sul,2025-01-01,,true
4313375,Nova Santa Rita,RS,43,Sul,,,Porto Alegre,Porto Alegre,2025-01-01,,true
4313391,Novo Cabrais,RS,43,Sul,,,Santa Maria,Cachoeira do Sul,2025-01-01,,true
4313409,Novo Hamburgo,RS,43,Sul,,,Porto Alegre,Novo Hamburgo - São Leopoldo,2025-01-01,,true
4313425,Novo Machado,RS,43,Sul,,,Ijuí,Santa Rosa,2025-01-01,,true
4313441,Novo Tiradentes,RS,43,Sul,,,Passo Fundo,Frederico Westphalen,2025-01-01,,true
4313466,Novo Xingu,RS,43,Sul,,,Passo Fundo,Carazinho,2025-01-01,,true
4313490,Novo Barreiro,RS,43,Sul,,,Passo Fundo,Palmeira das Missões,2025-01-01,,true
4313508,Osório,RS,43,Sul,,,Porto Alegre,Tramandaí - Osório,2025-01-01,,true
4313607,Paim Filho,RS,43,Sul,,,Passo Fundo,Tapejara - Sananduva,2025-01-01,,true
4313656,Palmares do Sul,RS,43,Sul,,,Porto Alegre,Porto Alegre,2025-01-01,,true
4313706,Palmeira das Missões,RS,43,Sul,,,Passo Fundo,Palmeira das Missões,2025-01-01,,true
4313805,Palmitinho,RS,43,Sul,,,Passo Fundo,Frederico Westphalen,2025-01-01,,true
4313904,Panambi,RS,43,Sul,,,Ijuí,Ijuí,2025-01-01,,true
4313953,Pantano Grande,RS,43,Sul,,,Santa Cruz do Sul - Lajeado,Santa Cruz do Sul,2025-01-01,,true
4314001,Paraí,RS,43,Sul,,,Caxias do Sul,Nova Prata - Guaporé,2025-01-01,,true
4314027,Paraíso do Sul,RS,43,Sul,,,Santa Maria,Cachoeira do Sul,2025-01-01,,true
4314035,Pareci Novo,RS,43,Sul,,,Porto Alegre,Montenegro,2025-01-01,,true
4314050,Parobé,RS,43,Sul,,,Porto Alegre,Taquara - Parobé - Igrejinha,2025-01-01,,true
4314068,Passa Sete,RS,43,Sul,,,Santa Cruz do Sul - Lajeado,Sobradinho,2025-01-01,,true
4314076,Passo do Sobrado,RS,43,Sul,,,Santa Cruz do Sul - Lajeado,Santa Cruz do Sul,2025-01-01,,true
4314100,Passo Fundo,RS,43,Sul,,,Passo Fundo,Passo Fundo,2025-01-01,,true
4314134,Paulo Bento,RS,43,Sul,,,Passo Fundo,Erechim,2025-01-01,,true
4314159,Paverama,RS,43,Sul,,,Santa Cruz do Sul - Lajeado,Lajeado,2025-01-01,,true
4314175,Pedras Altas,RS,43,Sul,,,Pelotas,Bagé,2025-01-01,,true
4314209,Pedro Osório,RS,43,Sul,,,Pelotas,Pelotas,2025-01-01,,true
4314308,Pejuçara,RS,43,Sul,,,Ijuí,Ijuí,2025-01-01,,true
4314407,Pelotas,RS,43,Sul,,,Pelotas,Pelotas,2025-01-01,,true
4314423,Picada Café,RS,43,Sul,,,Caxias do Sul,Caxias do Sul,2025-01-01,,true
4314456,Pinhal,RS,43,Sul,,,Passo Fundo,Frederico Westphalen,2025-01-01,,true
4314464,Pinhal da Serra,RS,43,Sul,,,Caxias do Sul,Vacaria,2025-01-01,,true
4314472,Pinhal Grande,RS,43,Sul,,,Santa Maria,Santa Maria,2025-01-01,,true
4314498,Pinheirinho do Vale,RS,43,Sul,,,Passo Fundo,Frederico Westphalen,2025-01-01,,true
4314506,Pinheiro Machado,RS,43,Sul,,,Pelotas,Bagé,2025-01-01,,true
4314548,Pinto Bandeira,RS,43,Sul,,,Caxias do Sul,Bento Gonçalves,2025-01-01,,true
4314555,Pirapó,RS,43,Sul,,,Ijuí,São Luiz Gonzaga,2025-01-01,,true
4314605,Piratini,RS,43,Sul,,,Pelotas,Pelotas,2025-01-01,,true
4314704,Planalto,RS,43,Sul,,,Passo Fundo,Nonoai,2025-01-01,,true
4314753,Poço das Antas,RS,43,Sul,,,Santa Cruz do Sul - Lajeado,Lajeado,2025-01-01,,true
4314779,Pontão,RS,43,Sul,,,Passo Fundo,Passo Fundo,2025-01-01,,true
4314787,Ponte Preta,RS,43,Sul,,,Passo Fundo,Erechim,2025-01-01,,true
4314803,Portão,RS,43,Sul,,,Porto Alegre,Novo Hamburgo - São Leopoldo,2025-01-01,,true
4314902,Porto Alegre,RS,43,Sul,,,Porto Alegre,Porto Alegre,2025-01-01,,true
4315008,Porto Lucena,RS,43,Sul,,,Ijuí,Santa Rosa,2025-01-01,,true
4315057,Porto Mauá,RS,43,Sul,,,Ijuí,Santa Rosa,2025-01-01,,true
4315073,Porto Vera Cruz,RS,43,Sul,,,Ijuí,Santa Rosa,2025-01-01,,true
4315107,Porto Xavier,RS,43,Sul,,,Ijuí,Cerro Largo,2025-01-01,,true
4315131,Pouso Novo,RS,43,Sul,,,Santa Cruz do Sul - Lajeado,Lajeado,2025-01-01,,true
4315149,Presidente Lucena,RS,43,Sul,,,Porto Alegre,Novo Hamburgo - São Leopoldo,2025-01-01,,true
4315156,Progresso,RS,43,Sul,,,Santa Cruz do Sul - Lajeado,Lajeado,2025-01-01,,true
4315172,Protásio Alves,RS,43,Sul,,,Caxias do Sul,Nova Prata - Guaporé,2025-01-01,,true
4315206,Putinga,RS,43,Sul,,,Santa Cruz do Sul - Lajeado,Encantado,2025-01-01,,true
4315305,Quaraí,RS,43,Sul,,,Uruguaiana,Santana do Livramento,2025-01-01,,true
4315313,Quatro Irmãos,RS,43,Sul,,,Passo Fundo,Erechim,2025-01-01,,true
4315321,Quevedos,RS,43,Sul,,,Santa Maria,Santa Maria,2025-01-01,,true
4315354,Quinze de Novembro,RS,43,Sul,,,Passo Fundo,Cruz Alta,2025-01-01,,true
4315404,Redentora,RS,43,Sul,,,Ijuí,Três Passos,2025-01-01,,true
4315453,Relvado,RS,43,Sul,,,Santa Cruz do Sul - Lajeado,Encantado,2025-01-01,,true
4315503,Restinga Sêca,RS,43,Sul,,,Santa Maria,Santa Maria,2025-01-01,,true
4315552,Rio dos Índios,RS,43,Sul,,,Passo Fundo,Nonoai,2025-01-01,,true
4315602,Rio Grande,RS,43,Sul,,,Pelotas,Pelotas,2025-01-01,,true
4315701,Rio Pardo,RS,43,Sul,,,Santa Cruz do Sul - Lajeado,Santa Cruz do Sul,2025-01-01,,true
4315750,Riozinho,RS,43,Sul,,,Porto Alegre,Taquara - Parobé - Igrejinha,2025-01-01,,true
4315800,Roca Sales,RS,43,Sul,,,Santa Cruz do Sul - Lajeado,Encantado,2025-01-01,,true
4315909,Rodeio Bonito,RS,43,Sul,,,Passo Fundo,Frederico Westphalen,2025-01-01,,true
4315958,Rolador,RS,43,Sul,,,Ijuí,São Luiz Gonzaga,2025-01-01,,true
4316006,Rolante,RS,43,Sul,,,Porto Alegre,Taquara - Parobé - Igrejinha,2025-01-01,,true
4316105,Ronda Alta,RS,43,Sul,,,Passo Fundo,Passo Fundo,2025-01-01,,true
4316204,Rondinha,RS,43,Sul,,,Passo Fundo,Carazinho,2025-01-01,,true
4316303,Roque Gonzales,RS,43,Sul,,,Ijuí,Cerro Largo,2025-01-01,,true
4316402,Rosário do Sul,RS,43,Sul,,,Uruguaiana,Santana do Livramento,2025-01-01,,true
4316428,Sagrada Família,RS,43,Sul,,,Passo Fundo,Palmeira das Missões,2025-01-01,,true
4316436,Saldanha Marinho,RS,43,Sul,,,Passo Fundo,Carazinho,2025-01-01,,true
4316451,Salto do Jacuí,RS,43,Sul,,,Passo Fundo,Cruz Alta,2025-01-01,,true
4316477,Salvador das Missões,RS,43,Sul,,,Ijuí,Cerro Largo,2025-01-01,,true
4316501,Salvador do Sul,RS,43,Sul,,,Porto Alegre,Montenegro,2025-01-01,,true
4316600,Sananduva,RS,43,Sul,,,Passo Fundo,Tapejara - Sananduva,2025-01-01,,true
4316709,Santa Bárbara do Sul,RS,43,Sul,,,Passo Fundo,Cruz Alta,2025-01-01,,true
4316733,Santa Cecília do Sul,RS,43,Sul,,,Passo Fundo,Tapejara - Sananduva,2025-01-01,,true
4316758,Santa Clara do Sul,RS,43,Sul,,,Santa Cruz do Sul - Lajeado,Lajeado,2025-01-01,,true
4316808,Santa Cruz do Sul,RS,43,Sul,,,Santa Cruz do Sul - Lajeado,Santa Cruz do Sul,2025-01-01,,true
4316907,Santa Maria,RS,43,Sul,,,Santa Maria,Santa Maria,2025-01-01,,true
4316956,Santa Maria do Herval,RS,43,Sul,,,Porto Alegre,Novo Hamburgo - São Leopoldo,2025-01-01,,true
4316972,Santa Margarida do Sul,RS,43,Sul,,,Santa Maria,São Gabriel - Caçapava do Sul,2025-01-01,,true
4317004,Santana da Boa Vista,RS,43,Sul,,,Santa Maria,São Gabriel - Caçapava do Sul,2025-01-01,,true
4317103,Sant'ana do Livramento,RS,43,Sul,,,Uruguaiana,Santana do Livramento,2025-01-01,,true
4317202,Santa Rosa,RS,43,Sul,,,Ijuí,Santa Rosa,2025-01-01,,true
4317251,Santa Tereza,RS,43,Sul,,,Caxias do Sul,Bento Gonçalves,2025-01-01,,true
4317301,Santa Vitória do Palmar,RS,43,Sul,,,Pelotas,Pelotas,2025-01-01,,true
4317400,Santiago,RS,43,Sul,,,Santa Maria,Santiago,2025-01-01,,true
4317509,Santo Ângelo,RS,43,Sul,,,Ijuí,Santo Ângelo,2025-01-01,,true
4317558,Santo Antônio do Palma,RS,43,Sul,,,Passo Fundo,Marau,2025-01-01,,true
4317608,Santo Antônio da Patrulha,RS,43,Sul,,,Porto Alegre,Porto Alegre,2025-01-01,,true
4317707,Santo Antônio das Missões,RS,43,Sul,,,Ijuí,São Luiz Gonzaga,2025-01-01,,true
4317756,Santo Antônio do Planalto,RS,43,Sul,,,Passo Fundo,Carazinho,2025-01-01,,true
4317806,Santo Augusto,RS,43,Sul,,,Ijuí,Ijuí,2025-01-01,,true
4317905,Santo Cristo,RS,43,Sul,,,Ijuí,Santa Rosa,2025-01-01,,true
4317954,Santo Expedito do Sul,RS,43,Sul,,,Passo Fundo,Tapejara - Sananduva,2025-01-01,,true
4318002,São Borja,RS,43,Sul,,,Uruguaiana,São Borja,2025-01-01,,true
4318051,São Domingos do Sul,RS,43,Sul,,,Passo Fundo,Marau,2025-01-01,,true
4318101,São Francisco de Assis,RS,43,Sul,,,Santa Maria,Santa Maria,2025-01-01,,true
4318200,São Francisco de Paula,RS,43,Sul,,,Caxias do Sul,Caxias do Sul,2025-01-01,,true
4318309,São Gabriel,RS,43,Sul,,,Santa Maria,São Gabriel - Caçapava do Sul,2025-01-01,,true
4318408,São Jerônimo,RS,43,Sul,,,Porto Alegre,Charqueadas - Triunfo - São Jerônimo,2025-01-01,,true
4318424,São João da Urtiga,RS,43,Sul,,,Passo Fundo,Tapejara - Sananduva,2025-01-01,,true
4318432,São João do Polêsine,RS,43,Sul,,,Santa Maria,Santa Maria,2025-01-01,,true
4318440,São Jorge,RS,43,Sul,,,Caxias do Sul,Nova Prata - Guaporé,2025-01-01,,true
4318457,São José das Missões,RS,43,Sul,,,Passo Fundo,Palmeira das Missões,2025-01-01,,true
4318465,São José do Herval,RS,43,Sul,,,Passo Fundo,Soledade,2025-01-01,,true
4318481,São José do Hortêncio,RS,43,Sul,,,Porto Alegre,Novo Hamburgo - São Leopoldo,2025-01-01,,true
4318499,São José do Inhacorá,RS,43,Sul,,,Ijuí,Três de Maio,2025-01-01,,true
4318507,São José do Norte,RS,43,Sul,,,Pelotas,Pelotas,2025-01-01,,true
4318606,São José do Ouro,RS,43,Sul,,,Passo Fundo,Lagoa Vermelha,2025-01-01,,true
4318614,São José do Sul,RS,43,Sul,,,Porto Alegre,Montenegro,2025-01-01,,true
4318622,São José dos Ausentes,RS,43,Sul,,,Caxias do Sul,Vacaria,2025-01-01,,true
4318705,São Leopoldo,RS,43,Sul,,,Porto Alegre,Novo Hamburgo - São Leopoldo,2025-01-01,,true
4318804,São Lourenço do Sul,RS,43,Sul,,,Pelotas,Pelotas,2025-01-01,,true
4318903,São Luiz Gonzaga,RS,43,Sul,,,Ijuí,São Luiz Gonzaga,2025-01-01,,true
4319000,São Marcos,RS,43,Sul,,,Caxias do Sul,Caxias do Sul,2025-01-01,,true
4319109,São Martinho,RS,43,Sul,,,Ijuí,Três Passos,2025-01-01,,true
4319125,São Martinho da Serra,RS,43,Sul,,,Santa Maria,Santa Maria,2025-01-01,,true
4319158,São Miguel das Missões,RS,43,Sul,,,Ijuí,Santo Ângelo,2025-01-01,,true
4319208,São Nicolau,RS,43,Sul,,,Ijuí,São Luiz Gonzaga,2025-01-01,,true
4319307,São Paulo das Missões,RS,43,Sul,,,Ijuí,Cerro Largo,2025-01-01,,true
4319356,São Pedro da Serra,RS,43,Sul,,,Porto Alegre,Montenegro,2025-01-01,,true
4319364,São Pedro das Missões,RS,43,Sul,,,Passo Fundo,Palmeira das Missões,2025-01-01,,true
4319372,São Pedro do Butiá,RS,43,Sul,,,Ijuí,Cerro Largo,2025-01-01,,true
4319406,São Pedro do Sul,RS,43,Sul,,,Santa Maria,Santa Maria,2025-01-01,,true
4319505,São Sebastião do Caí,RS,43,Sul,,,Porto Alegre,Novo Hamburgo - São Leopoldo,2025-01-01,,true
4319604,São Sepé,RS,43,Sul,,,Santa Maria,Santa Maria,2025-01-01,,true
4319703,São Valentim,RS,43,Sul,,,Passo Fundo,Erechim,2025-01-01,,true
4319711,São Valentim do Sul,RS,43,Sul,,,Caxias do Sul,Bento Gonçalves,2025-01-01,,true
4319737,São Valério do Sul,RS,43,Sul,,,Ijuí,Ijuí,2025-01-01,,true
4319752,São Vendelino,RS,43,Sul,,,Porto Alegre,Novo Hamburgo - São Leopoldo,2025-01-01,,true
4319802,São Vicente do Sul,RS,43,Sul,,,Santa Maria,Santa Maria,2025-01-01,,true
4319901,Sapiranga,RS,43,Sul,,,Porto Alegre,Novo Hamburgo - São Leopoldo,2025-01-01,,true
4320008,Sapucaia do Sul,RS,43,Sul,,,Porto Alegre,Porto Alegre,2025-01-01,,true
4320107,Sarandi,RS,43,Sul,,,Passo Fundo,Carazinho,2025-01-01,,true
4320206,Seberi,RS,43,Sul,,,Passo Fundo,Frederico Westphalen,2025-01-01,,true
4320230,Sede Nova,RS,43,Sul,,,Ijuí,Três Passos,2025-01-01,,true
4320263,Segredo,RS,43,Sul,,,Santa Cruz do Sul - Lajeado,Sobradinho,2025-01-01,,true
4320305,Selbach,RS,43,Sul,,,Passo Fundo,Cruz Alta,2025-01-01,,true
4320321,Senador Salgado Filho,RS,43,Sul,,,Ijuí,Santa Rosa,2025-01-01,,true
4320354,Sentinela do Sul,RS,43,Sul,,,Porto Alegre,Camaquã,2025-01-01,,true
4320404,Serafina Corrêa,RS,43,Sul,,,Caxias do Sul,Nova Prata - Guaporé,2025-01-01,,true
4320453,Sério,RS,43,Sul,,,Santa Cruz do Sul - Lajeado,Lajeado,2025-01-01,,true
4320503,Sertão,RS,43,Sul,,,Passo Fundo,Passo Fundo,2025-01-01,,true
4320552,Sertão Santana,RS,43,Sul,,,Porto Alegre,Porto Alegre,2025-01-01,,true
4320578,Sete de Setembro,RS,43,Sul,,,Ijuí,Santo Ângelo,2025-01-01,,true
4320602,Severiano de Almeida,RS,43,Sul,,,Passo Fundo,Erechim,2025-01-01,,true
4320651,Silveira Martins,RS,43,Sul,,,Santa Maria,Santa Maria,2025-01-01,,true
4320677,Sinimbu,RS,43,Sul,,,Santa Cruz do Sul - Lajeado,Santa Cruz do Sul,2025-01-01,,true
4320701,Sobradinho,RS,43,Sul,,,Santa Cruz do Sul - Lajeado,Sobradinho,2025-01-01,,true
4320800,Soledade,RS,43,Sul,,,Passo Fundo,Soledade,2025-01-01,,true
4320859,Tabaí,RS,43,Sul,,,Santa Cruz do Sul - Lajeado,Lajeado,2025-01-01,,true
4320909,Tapejara,RS,43,Sul,,,Passo Fundo,Tapejara - Sananduva,2025-01-01,,true
4321006,Tapera,RS,43,Sul,,,Passo Fundo,Passo Fundo,2025-01-01,,true
4321105,Tapes,RS,43,Sul,,,Porto Alegre,Camaquã,2025-01-01,,true
4321204,Taquara,RS,43,Sul,,,Porto Alegre,Taquara - Parobé - Igrejinha,2025-01-01,,true
4321303,Taquari,RS,43,Sul,,,Santa Cruz do Sul - Lajeado,Lajeado,2025-01-01,,true
4321329,Taquaruçu do Sul,RS,43,Sul,,,Passo Fundo,Frederico Westphalen,2025-01-01,,true
4321352,Tavares,RS,43,Sul,,,Porto Alegre,Porto Alegre,2025-01-01,,true
4321402,Tenente Portela,RS,43,Sul,,,Ijuí,Três Passos,2025-01-01,,true
4321436,Terra de Areia,RS,43,Sul,,,Porto Alegre,Tramandaí - Osório,2025-01-01,,true
4321451,Teutônia,RS,43,Sul,,,Santa Cruz do Sul - Lajeado,Lajeado,2025-01-01,,true
4321469,Tio Hugo,RS,43,Sul,,,Passo Fundo,Passo Fundo,2025-01-01,,true
4321477,Tiradentes do Sul,RS,43,Sul,,,Ijuí,Três Passos,2025-01-01,,true
4321493,Toropi,RS,43,Sul,,,Santa Maria,Santa Maria,2025-01-01,,true
4321501,Torres,RS,43,Sul,,,Porto Alegre,Torres,2025-01-01,,true
4321600,Tramandaí,RS,43,Sul,,,Porto Alegre,Tramandaí - Osório,2025-01-01,,true
4321626,Travesseiro,RS,43,Sul,,,Santa Cruz do Sul - Lajeado,Lajeado,2025-01-01,,true
4321634,Três Arroios,RS,43,Sul,,,Passo Fundo,Erechim,2025-01-01,,true
4321667,Três Cachoeiras,RS,43,Sul,,,Porto Alegre,Torres,2025-01-01,,true
4321709,Três Coroas,RS,43,Sul,,,Porto Alegre,Taquara - Parobé - Igrejinha,2025-01-01,,true
4321808,Três de Maio,RS,43,Sul,,,Ijuí,Três de Maio,2025-01-01,,true
4321832,Três Forquilhas,RS,43,Sul,,,Porto Alegre,Torres,2025-01-01,,true
4321857,Três Palmeiras,RS,43,Sul,,,Passo Fundo,Passo Fundo,2025-01-01,,true
4321907,Três Passos,RS,43,Sul,,,Ijuí,Três Passos,2025-01-01,,true
4321956,Trindade do Sul,RS,43,Sul,,,Passo Fundo,Nonoai,2025-01-01,,true
4322004,Triunfo,RS,43,Sul,,,Porto Alegre,Charqueadas - Triunfo - São Jerônimo,2025-01-01,,true
4322103,Tucunduva,RS,43,Sul,,,Ijuí,Santa Rosa,2025-01-01,,true
4322152,Tunas,RS,43,Sul,,,Santa Cruz do Sul - Lajeado,Sobradinho,2025-01-01,,true
4322186,Tupanci do Sul,RS,43,Sul,,,Passo Fundo,Lagoa Vermelha,2025-01-01,,true
4322202,Tupanciretã,RS,43,Sul,,,Passo Fundo,Cruz Alta,2025-01-01,,true
4322251,Tupandi,RS,43,Sul,,,Porto Alegre,Novo Hamburgo - São Leopoldo,2025-01-01,,true
4322301,Tuparendi,RS,43,Sul,,,Ijuí,Santa Rosa,2025-01-01,,true
4322327,Turuçu,RS,43,Sul,,,Pelotas,Pelotas,2025-01-01,,true
4322343,Ubiretama,RS,43,Sul,,,Ijuí,Cerro Largo,2025-01-01,,true
4322350,União da Serra,RS,43,Sul,,,Caxias do Sul,Nova Prata - Guaporé,2025-01-01,,true
4322376,Unistalda,RS,43,Sul,,,Santa Maria,Santiago,2025-01-01,,true
4322400,Uruguaiana,RS,43,Sul,,,Uruguaiana,Uruguaiana,2025-01-01,,true
4322509,Vacaria,RS,43,Sul,,,Caxias do Sul,Vacaria,2025-01-01,,true
4322525,Vale Verde,RS,43,Sul,,,Santa Cruz do Sul - Lajeado,Santa Cruz do Sul,2025-01-01,,true
4322533,Vale do Sol,RS,43,Sul,,,Santa Cruz do Sul - Lajeado,Santa Cruz do Sul,2025-01-01,,true
4322541,Vale Real,RS,43,Sul,,,Caxias do Sul,Caxias do Sul,2025-01-01,,true
4322558,Vanini,RS,43,Sul,,,Passo Fundo,Marau,2025-01-01,,true
4322608,Venâncio Aires,RS,43,Sul,,,Santa Cruz do Sul - Lajeado,Santa Cruz do Sul,2025-01-01,,true
4322707,Vera Cruz,RS,43,Sul,,,Santa Cruz do Sul - Lajeado,Santa Cruz do Sul,2025-01-01,,true
4322806,Veranópolis,RS,43,Sul,,,Caxias do Sul,Bento Gonçalves,2025-01-01,,true
4322855,Vespasiano Corrêa,RS,43,Sul,,,Santa Cruz do Sul - Lajeado,Encantado,2025-01-01,,true
4322905,Viadutos,RS,43,Sul,,,Passo Fundo,Erechim,2025-01-01,,true
4323002,Viamão,RS,43,Sul,,,Porto Alegre,Porto Alegre,2025-01-01,,true
4323101,Vicente Dutra,RS,43,Sul,,,Passo Fundo,Frederico Westphalen,2025-01-01,,true
4323200,Victor Graeff,RS,43,Sul,,,Passo Fundo,Passo Fundo,2025-01-01,,true
4323309,Vila Flores,RS,43,Sul,,,Caxias do Sul,Bento Gonçalves,2025-01-01,,true
4323358,Vila Lângaro,RS,43,Sul,,,Passo Fundo,Tapejara - Sananduva,2025-01-01,,true
4323408,Vila Maria,RS,43,Sul,,,Passo Fundo,Marau,2025-01-01,,true
4323457,Vila Nova do Sul,RS,43,Sul,,,Santa Maria,São Gabriel - Caçapava do Sul,2025-01-01,,true
4323507,Vista Alegre,RS,43,Sul,,,Passo Fundo,Frederico Westphalen,2025-01-01,,true
4323606,Vista Alegre do Prata,RS,43,Sul,,,Caxias do Sul,Nova Prata - Guaporé,2025-01-01,,true
4323705,Vista Gaúcha,RS,43,Sul,,,Ijuí,Três Passos,2025-01-01,,true
4323754,Vitória das Missões,RS,43,Sul,,,Ijuí,Santo Ângelo,2025-01-01,,true
4323770,Westfália,RS,43,Sul,,,Santa Cruz do Sul - Lajeado,Lajeado,2025-01-01,,true
4323804,Xangri-Lá,RS,43,Sul,,,Porto Alegre,Tramandaí - Osório,2025-01-01,,true
