municipio_id,indicador_id,valor_bruto,periodo_referencia,flag_qualidade,acessos_ge_100_mbps,total_acessos_internet
4100103,INF-DIG-01-NUM,561,2026-06,observado,561,868
4100202,INF-DIG-01-NUM,283,2026-06,observado,283,359
4100301,INF-DIG-01-NUM,3713,2026-06,observado,3713,3904
4100400,INF-DIG-01-NUM,31967,2026-06,observado,31967,32607
4100459,INF-DIG-01-NUM,416,2026-06,observado,416,559
4100509,INF-DIG-01-NUM,2213,2026-06,observado,2213,5499
4100608,INF-DIG-01-NUM,3450,2026-06,observado,3450,3607
4100707,INF-DIG-01-NUM,970,2026-06,observado,970,1287
4100806,INF-DIG-01-NUM,1900,2026-06,observado,1900,2638
4100905,INF-DIG-01-NUM,358,2026-06,observado,358,366
4101002,INF-DIG-01-NUM,5022,2026-06,observado,5022,6025
4101051,INF-DIG-01-NUM,711,2026-06,observado,711,748
4101101,INF-DIG-01-NUM,2179,2026-06,observado,2179,2361
4101150,INF-DIG-01-NUM,944,2026-06,observado,944,1264
4101200,INF-DIG-01-NUM,4699,2026-06,observado,4699,5117
4101309,INF-DIG-01-NUM,227,2026-06,observado,227,413
4101408,INF-DIG-01-NUM,39361,2026-06,observado,39361,42095
4101507,INF-DIG-01-NUM,42184,2026-06,observado,42184,44058
4101606,INF-DIG-01-NUM,3950,2026-06,observado,3950,4871
4101655,INF-DIG-01-NUM,378,2026-06,observado,378,782
4101705,INF-DIG-01-NUM,2963,2026-06,observado,2963,3282
4101804,INF-DIG-01-NUM,52921,2026-06,observado,52921,53966
4101853,INF-DIG-01-NUM,48,2026-06,observado,48,168
4101903,INF-DIG-01-NUM,1098,2026-06,observado,1098,1386
4102000,INF-DIG-01-NUM,2900,2026-06,observado,2900,5680
4102109,INF-DIG-01-NUM,8040,2026-06,observado,8040,8301
4102208,INF-DIG-01-NUM,1256,2026-06,observado,1256,1485
4102307,INF-DIG-01-NUM,4677,2026-06,observado,4677,4810
4102406,INF-DIG-01-NUM,7622,2026-06,observado,7622,7702
4102505,INF-DIG-01-NUM,1852,2026-06,observado,1852,3263
4102604,INF-DIG-01-NUM,2706,2026-06,observado,2706,3138
4102703,INF-DIG-01-NUM,418,2026-06,observado,418,472
4102752,INF-DIG-01-NUM,621,2026-06,observado,621,831
4102802,INF-DIG-01-NUM,1843,2026-06,observado,1843,3639
4102901,INF-DIG-01-NUM,657,2026-06,observado,657,1084
4103008,INF-DIG-01-NUM,628,2026-06,observado,628,692
4103024,INF-DIG-01-NUM,437,2026-06,observado,437,613
4103040,INF-DIG-01-NUM,166,2026-06,observado,166,232
4103057,INF-DIG-01-NUM,313,2026-06,observado,313,720
4103107,INF-DIG-01-NUM,3445,2026-06,observado,3445,3586
4103156,INF-DIG-01-NUM,726,2026-06,observado,726,1034
4103206,INF-DIG-01-NUM,892,2026-06,observado,892,1087
4103222,INF-DIG-01-NUM,58,2026-06,observado,58,66
4103305,INF-DIG-01-NUM,418,2026-06,observado,418,597
4103354,INF-DIG-01-NUM,603,2026-06,observado,603,690
4103370,INF-DIG-01-NUM,218,2026-06,observado,218,274
4103404,INF-DIG-01-NUM,286,2026-06,observado,286,715
4103453,INF-DIG-01-NUM,6528,2026-06,observado,6528,7165
4103479,INF-DIG-01-NUM,523,2026-06,observado,523,769
4103503,INF-DIG-01-NUM,523,2026-06,observado,523,851
4103602,INF-DIG-01-NUM,3639,2026-06,observado,3639,3697
4103701,INF-DIG-01-NUM,33058,2026-06,observado,33058,35102
4103800,INF-DIG-01-NUM,1300,2026-06,observado,1300,1456
4103909,INF-DIG-01-NUM,4608,2026-06,observado,4608,4837
4103958,INF-DIG-01-NUM,313,2026-06,observado,313,563
4104006,INF-DIG-01-NUM,11894,2026-06,observado,11894,12068
4104055,INF-DIG-01-NUM,738,2026-06,observado,738,880
4104105,INF-DIG-01-NUM,943,2026-06,observado,943,978
4104204,INF-DIG-01-NUM,53843,2026-06,observado,53843,55507
4104253,INF-DIG-01-NUM,9620,2026-06,observado,9620,9717
4104303,INF-DIG-01-NUM,28595,2026-06,observado,28595,30381
4104402,INF-DIG-01-NUM,1151,2026-06,observado,1151,2161
4104428,INF-DIG-01-NUM,4544,2026-06,observado,4544,6731
4104451,INF-DIG-01-NUM,1807,2026-06,observado,1807,2586
4104501,INF-DIG-01-NUM,4150,2026-06,observado,4150,4552
4104600,INF-DIG-01-NUM,3761,2026-06,observado,3761,5378
4104659,INF-DIG-01-NUM,6421,2026-06,observado,6421,6707
4104709,INF-DIG-01-NUM,3786,2026-06,observado,3786,4445
4104808,INF-DIG-01-NUM,145854,2026-06,observado,145854,151794
4104907,INF-DIG-01-NUM,16051,2026-06,observado,16051,16818
4105003,INF-DIG-01-NUM,1873,2026-06,observado,1873,2502
4105102,INF-DIG-01-NUM,1316,2026-06,observado,1316,2247
4105201,INF-DIG-01-NUM,979,2026-06,observado,979,1259
4105300,INF-DIG-01-NUM,3604,2026-06,observado,3604,3736
4105409,INF-DIG-01-NUM,3782,2026-06,observado,3782,6069
4105508,INF-DIG-01-NUM,13601,2026-06,observado,13601,14973
4105607,INF-DIG-01-NUM,3899,2026-06,observado,3899,4044
4105706,INF-DIG-01-NUM,4591,2026-06,observado,4591,4681
4105805,INF-DIG-01-NUM,80876,2026-06,observado,80876,82368
4105904,INF-DIG-01-NUM,6376,2026-06,observado,6376,6512
4106001,INF-DIG-01-NUM,957,2026-06,observado,957,1834
4106100,INF-DIG-01-NUM,19,2026-06,observado,19,35
4106209,INF-DIG-01-NUM,5745,2026-06,observado,5745,6107
4106308,INF-DIG-01-NUM,5015,2026-06,observado,5015,5131
4106407,INF-DIG-01-NUM,15178,2026-06,observado,15178,16235
4106456,INF-DIG-01-NUM,1289,2026-06,observado,1289,1656
4106506,INF-DIG-01-NUM,7910,2026-06,observado,7910,8969
4106555,INF-DIG-01-NUM,512,2026-06,observado,512,652
4106571,INF-DIG-01-NUM,876,2026-06,observado,876,1317
4106605,INF-DIG-01-NUM,5091,2026-06,observado,5091,5373
4106704,INF-DIG-01-NUM,560,2026-06,observado,560,615
4106803,INF-DIG-01-NUM,852,2026-06,observado,852,1715
4106852,INF-DIG-01-NUM,196,2026-06,observado,196,259
4106902,INF-DIG-01-NUM,766283,2026-06,observado,766283,798971
4107009,INF-DIG-01-NUM,1709,2026-06,observado,1709,2593
4107108,INF-DIG-01-NUM,278,2026-06,observado,278,377
4107124,INF-DIG-01-NUM,378,2026-06,observado,378,809
4107157,INF-DIG-01-NUM,1039,2026-06,observado,1039,1410
4107207,INF-DIG-01-NUM,14837,2026-06,observado,14837,17002
4107256,INF-DIG-01-NUM,1718,2026-06,observado,1718,2471
4107306,INF-DIG-01-NUM,970,2026-06,observado,970,1280
4107405,INF-DIG-01-NUM,957,2026-06,observado,957,1168
4107504,INF-DIG-01-NUM,1989,2026-06,observado,1989,2115
4107520,INF-DIG-01-NUM,411,2026-06,observado,411,488
4107538,INF-DIG-01-NUM,1065,2026-06,observado,1065,1463
4107546,INF-DIG-01-NUM,959,2026-06,observado,959,1378
4107553,INF-DIG-01-NUM,654,2026-06,observado,654,669
4107603,INF-DIG-01-NUM,1144,2026-06,observado,1144,1255
4107652,INF-DIG-01-NUM,60011,2026-06,observado,60011,60275
4107702,INF-DIG-01-NUM,1627,2026-06,observado,1627,1732
4107736,INF-DIG-01-NUM,503,2026-06,observado,503,601
4107751,INF-DIG-01-NUM,538,2026-06,observado,538,605
4107801,INF-DIG-01-NUM,879,2026-06,observado,879,951
4107850,INF-DIG-01-NUM,806,2026-06,observado,806,1195
4107900,INF-DIG-01-NUM,931,2026-06,observado,931,1968
4108007,INF-DIG-01-NUM,3068,2026-06,observado,3068,3317
4108106,INF-DIG-01-NUM,604,2026-06,observado,604,874
4108205,INF-DIG-01-NUM,960,2026-06,observado,960,1069
4108304,INF-DIG-01-NUM,81414,2026-06,observado,81414,85384
4108320,INF-DIG-01-NUM,177,2026-06,observado,177,186
4108403,INF-DIG-01-NUM,31778,2026-06,observado,31778,36328
4108452,INF-DIG-01-NUM,115,2026-06,observado,115,206
4108502,INF-DIG-01-NUM,112,2026-06,observado,112,201
4108551,INF-DIG-01-NUM,153,2026-06,observado,153,218
4108601,INF-DIG-01-NUM,2607,2026-06,observado,2607,2743
4108650,INF-DIG-01-NUM,727,2026-06,observado,727,766
4108700,INF-DIG-01-NUM,265,2026-06,observado,265,429
4108809,INF-DIG-01-NUM,33367,2026-06,observado,33367,38215
4108908,INF-DIG-01-NUM,523,2026-06,observado,523,528
4108957,INF-DIG-01-NUM,895,2026-06,observado,895,1161
4109005,INF-DIG-01-NUM,629,2026-06,observado,629,703
4109104,INF-DIG-01-NUM,254,2026-06,observado,254,285
4109203,INF-DIG-01-NUM,531,2026-06,observado,531,1177
4109302,INF-DIG-01-NUM,2628,2026-06,observado,2628,3711
4109401,INF-DIG-01-NUM,54947,2026-06,observado,54947,56547
4109500,INF-DIG-01-NUM,311,2026-06,observado,311,424
4109609,INF-DIG-01-NUM,20993,2026-06,observado,20993,21234
4109658,INF-DIG-01-NUM,331,2026-06,observado,331,438
4109708,INF-DIG-01-NUM,1328,2026-06,observado,1328,1450
4109757,INF-DIG-01-NUM,965,2026-06,observado,965,1204
4109807,INF-DIG-01-NUM,15384,2026-06,observado,15384,16001
4109906,INF-DIG-01-NUM,2977,2026-06,observado,2977,4116
4110003,INF-DIG-01-NUM,994,2026-06,observado,994,1051
4110052,INF-DIG-01-NUM,306,2026-06,observado,306,321
4110078,INF-DIG-01-NUM,2157,2026-06,observado,2157,2300
4110102,INF-DIG-01-NUM,3208,2026-06,observado,3208,3758
4110201,INF-DIG-01-NUM,411,2026-06,observado,411,678
4110300,INF-DIG-01-NUM,644,2026-06,observado,644,678
4110409,INF-DIG-01-NUM,1240,2026-06,observado,1240,1434
4110508,INF-DIG-01-NUM,3011,2026-06,observado,3011,3830
4110607,INF-DIG-01-NUM,3129,2026-06,observado,3129,4633
4110656,INF-DIG-01-NUM,172,2026-06,observado,172,236
4110706,INF-DIG-01-NUM,15498,2026-06,observado,15498,17081
4110805,INF-DIG-01-NUM,1873,2026-06,observado,1873,1959
4110904,INF-DIG-01-NUM,433,2026-06,observado,433,492
4110953,INF-DIG-01-NUM,3323,2026-06,observado,3323,3566
4111001,INF-DIG-01-NUM,1303,2026-06,observado,1303,2045
4111100,INF-DIG-01-NUM,271,2026-06,observado,271,1077
4111209,INF-DIG-01-NUM,2142,2026-06,observado,2142,4167
4111258,INF-DIG-01-NUM,7366,2026-06,observado,7366,7801
4111308,INF-DIG-01-NUM,206,2026-06,observado,206,225
4111407,INF-DIG-01-NUM,84,2026-06,observado,84,102
4111506,INF-DIG-01-NUM,4102,2026-06,observado,4102,6287
4111555,INF-DIG-01-NUM,1850,2026-06,observado,1850,2195
4111605,INF-DIG-01-NUM,273,2026-06,observado,273,1036
4111704,INF-DIG-01-NUM,546,2026-06,observado,546,864
4111803,INF-DIG-01-NUM,13041,2026-06,observado,13041,13355
4111902,INF-DIG-01-NUM,3461,2026-06,observado,3461,3542
4112009,INF-DIG-01-NUM,3670,2026-06,observado,3670,3922
4112108,INF-DIG-01-NUM,3176,2026-06,observado,3176,5504
4112207,INF-DIG-01-NUM,564,2026-06,observado,564,662
4112306,INF-DIG-01-NUM,599,2026-06,observado,599,612
4112405,INF-DIG-01-NUM,989,2026-06,observado,989,1493
4112504,INF-DIG-01-NUM,374,2026-06,observado,374,1071
4112603,INF-DIG-01-NUM,56,2026-06,observado,56,60
4112702,INF-DIG-01-NUM,1173,2026-06,observado,1173,2255
4112751,INF-DIG-01-NUM,862,2026-06,observado,862,1090
4112801,INF-DIG-01-NUM,1451,2026-06,observado,1451,1579
4112900,INF-DIG-01-NUM,41,2026-06,observado,41,59
4112959,INF-DIG-01-NUM,1018,2026-06,observado,1018,1138
4113007,INF-DIG-01-NUM,1951,2026-06,observado,1951,2091
4113106,INF-DIG-01-NUM,206,2026-06,observado,206,288
4113205,INF-DIG-01-NUM,6371,2026-06,observado,6371,6724
4113254,INF-DIG-01-NUM,341,2026-06,observado,341,546
4113304,INF-DIG-01-NUM,7569,2026-06,observado,7569,10099
4113403,INF-DIG-01-NUM,811,2026-06,observado,811,877
4113429,INF-DIG-01-NUM,322,2026-06,observado,322,474
4113452,INF-DIG-01-NUM,647,2026-06,observado,647,1074
4113502,INF-DIG-01-NUM,6655,2026-06,observado,6655,7202
4113601,INF-DIG-01-NUM,869,2026-06,observado,869,979
4113700,INF-DIG-01-NUM,186808,2026-06,observado,186808,204072
4113734,INF-DIG-01-NUM,387,2026-06,observado,387,459
4113759,INF-DIG-01-NUM,449,2026-06,observado,449,522
4113809,INF-DIG-01-NUM,998,2026-06,observado,998,1441
4113908,INF-DIG-01-NUM,716,2026-06,observado,716,826
4114005,INF-DIG-01-NUM,2509,2026-06,observado,2509,2904
4114104,INF-DIG-01-NUM,6288,2026-06,observado,6288,7182
4114203,INF-DIG-01-NUM,8923,2026-06,observado,8923,11947
4114302,INF-DIG-01-NUM,11047,2026-06,observado,11047,11571
4114351,INF-DIG-01-NUM,204,2026-06,observado,204,404
4114401,INF-DIG-01-NUM,2319,2026-06,observado,2319,2805
4114500,INF-DIG-01-NUM,437,2026-06,observado,437,937
4114609,INF-DIG-01-NUM,20436,2026-06,observado,20436,22311
4114708,INF-DIG-01-NUM,1109,2026-06,observado,1109,1471
4114807,INF-DIG-01-NUM,7145,2026-06,observado,7145,15328
4114906,INF-DIG-01-NUM,308,2026-06,observado,308,531
4115002,INF-DIG-01-NUM,886,2026-06,observado,886,914
4115101,INF-DIG-01-NUM,1863,2026-06,observado,1863,2212
4115200,INF-DIG-01-NUM,162573,2026-06,observado,162573,175272
4115309,INF-DIG-01-NUM,1170,2026-06,observado,1170,1276
4115358,INF-DIG-01-NUM,1298,2026-06,observado,1298,1854
4115408,INF-DIG-01-NUM,3647,2026-06,observado,3647,4971
4115457,INF-DIG-01-NUM,98,2026-06,observado,98,168
4115507,INF-DIG-01-NUM,589,2026-06,observado,589,694
4115606,INF-DIG-01-NUM,4655,2026-06,observado,4655,5090
4115705,INF-DIG-01-NUM,13451,2026-06,observado,13451,14006
4115739,INF-DIG-01-NUM,369,2026-06,observado,369,794
4115754,INF-DIG-01-NUM,1289,2026-06,observado,1289,1460
4115804,INF-DIG-01-NUM,19864,2026-06,observado,19864,20436
4115853,INF-DIG-01-NUM,1899,2026-06,observado,1899,2229
4115903,INF-DIG-01-NUM,101,2026-06,observado,101,115
4116000,INF-DIG-01-NUM,474,2026-06,observado,474,521
4116059,INF-DIG-01-NUM,3614,2026-06,observado,3614,4635
4116109,INF-DIG-01-NUM,1684,2026-06,observado,1684,1761
4116208,INF-DIG-01-NUM,5839,2026-06,observado,5839,6303
4116307,INF-DIG-01-NUM,862,2026-06,observado,862,1042
4116406,INF-DIG-01-NUM,702,2026-06,observado,702,966
4116505,INF-DIG-01-NUM,243,2026-06,observado,243,256
4116604,INF-DIG-01-NUM,116,2026-06,observado,116,125
4116703,INF-DIG-01-NUM,1695,2026-06,observado,1695,2005
4116802,INF-DIG-01-NUM,952,2026-06,observado,952,1170
4116901,INF-DIG-01-NUM,9756,2026-06,observado,9756,10033
4116950,INF-DIG-01-NUM,689,2026-06,observado,689,872
4117008,INF-DIG-01-NUM,2024,2026-06,observado,2024,2201
4117057,INF-DIG-01-NUM,610,2026-06,observado,610,1373
4117107,INF-DIG-01-NUM,2544,2026-06,observado,2544,2789
4117206,INF-DIG-01-NUM,1012,2026-06,observado,1012,1256
4117214,INF-DIG-01-NUM,170,2026-06,observado,170,245
4117222,INF-DIG-01-NUM,2500,2026-06,observado,2500,3001
4117255,INF-DIG-01-NUM,1157,2026-06,observado,1157,3737
4117271,INF-DIG-01-NUM,213,2026-06,observado,213,547
4117297,INF-DIG-01-NUM,172,2026-06,observado,172,230
4117305,INF-DIG-01-NUM,3123,2026-06,observado,3123,3946
4117404,INF-DIG-01-NUM,215,2026-06,observado,215,245
4117453,INF-DIG-01-NUM,2039,2026-06,observado,2039,2356
4117503,INF-DIG-01-NUM,12453,2026-06,observado,12453,13007
4117602,INF-DIG-01-NUM,11794,2026-06,observado,11794,12942
4117701,INF-DIG-01-NUM,8705,2026-06,observado,8705,10728
4117800,INF-DIG-01-NUM,666,2026-06,observado,666,1235
4117909,INF-DIG-01-NUM,5857,2026-06,observado,5857,8112
4118006,INF-DIG-01-NUM,742,2026-06,observado,742,1167
4118105,INF-DIG-01-NUM,1149,2026-06,observado,1149,1240
4118204,INF-DIG-01-NUM,52746,2026-06,observado,52746,53632
4118303,INF-DIG-01-NUM,238,2026-06,observado,238,255
4118402,INF-DIG-01-NUM,25362,2026-06,observado,25362,26037
4118451,INF-DIG-01-NUM,807,2026-06,observado,807,849
4118501,INF-DIG-01-NUM,35410,2026-06,observado,35410,36330
4118600,INF-DIG-01-NUM,1168,2026-06,observado,1168,1296
4118709,INF-DIG-01-NUM,581,2026-06,observado,581,728
4118808,INF-DIG-01-NUM,3871,2026-06,observado,3871,3968
4118857,INF-DIG-01-NUM,1744,2026-06,observado,1744,1766
4118907,INF-DIG-01-NUM,2349,2026-06,observado,2349,2629
4119004,INF-DIG-01-NUM,1008,2026-06,observado,1008,1530
4119103,INF-DIG-01-NUM,4179,2026-06,observado,4179,4885
4119152,INF-DIG-01-NUM,53285,2026-06,observado,53285,54938
4119202,INF-DIG-01-NUM,869,2026-06,observado,869,900
4119251,INF-DIG-01-NUM,375,2026-06,observado,375,533
4119301,INF-DIG-01-NUM,6151,2026-06,observado,6151,8243
4119400,INF-DIG-01-NUM,3198,2026-06,observado,3198,3444
4119509,INF-DIG-01-NUM,29062,2026-06,observado,29062,30125
4119608,INF-DIG-01-NUM,2400,2026-06,observado,2400,3446
4119657,INF-DIG-01-NUM,592,2026-06,observado,592,688
4119707,INF-DIG-01-NUM,310,2026-06,observado,310,449
4119806,INF-DIG-01-NUM,2738,2026-06,observado,2738,4056
4119905,INF-DIG-01-NUM,134025,2026-06,observado,134025,137814
4119954,INF-DIG-01-NUM,16210,2026-06,observado,16210,17127
4120002,INF-DIG-01-NUM,2687,2026-06,observado,2687,2719
4120101,INF-DIG-01-NUM,1469,2026-06,observado,1469,1491
4120150,INF-DIG-01-NUM,84,2026-06,observado,84,844
4120200,INF-DIG-01-NUM,922,2026-06,observado,922,949
4120309,INF-DIG-01-NUM,414,2026-06,observado,414,454
4120333,INF-DIG-01-NUM,862,2026-06,observado,862,959
4120358,INF-DIG-01-NUM,1789,2026-06,observado,1789,1913
4120408,INF-DIG-01-NUM,1191,2026-06,observado,1191,1223
4120507,INF-DIG-01-NUM,653,2026-06,observado,653,1209
4120606,INF-DIG-01-NUM,5398,2026-06,observado,5398,6107
4120655,INF-DIG-01-NUM,753,2026-06,observado,753,997
4120705,INF-DIG-01-NUM,1244,2026-06,observado,1244,1985
4120804,INF-DIG-01-NUM,8426,2026-06,observado,8426,8523
4120853,INF-DIG-01-NUM,1541,2026-06,observado,1541,1848
4120903,INF-DIG-01-NUM,6255,2026-06,observado,6255,8187
4121000,INF-DIG-01-NUM,1426,2026-06,observado,1426,1480
4121109,INF-DIG-01-NUM,400,2026-06,observado,400,447
4121208,INF-DIG-01-NUM,5164,2026-06,observado,5164,5748
4121257,INF-DIG-01-NUM,1084,2026-06,observado,1084,1419
4121307,INF-DIG-01-NUM,542,2026-06,observado,542,564
4121356,INF-DIG-01-NUM,61,2026-06,observado,61,266
4121406,INF-DIG-01-NUM,4297,2026-06,observado,4297,6346
4121505,INF-DIG-01-NUM,1958,2026-06,observado,1958,2683
4121604,INF-DIG-01-NUM,1160,2026-06,observado,1160,1554
4121703,INF-DIG-01-NUM,4266,2026-06,observado,4266,4482
4121752,INF-DIG-01-NUM,475,2026-06,observado,475,593
4121802,INF-DIG-01-NUM,4149,2026-06,observado,4149,4495
4121901,INF-DIG-01-NUM,1359,2026-06,observado,1359,1864
4122008,INF-DIG-01-NUM,2157,2026-06,observado,2157,2666
4122107,INF-DIG-01-NUM,23,2026-06,observado,23,202
4122156,INF-DIG-01-NUM,1535,2026-06,observado,1535,2469
4122172,INF-DIG-01-NUM,175,2026-06,observado,175,871
4122206,INF-DIG-01-NUM,6734,2026-06,observado,6734,7107
4122305,INF-DIG-01-NUM,8347,2026-06,observado,8347,8979
4122404,INF-DIG-01-NUM,15975,2026-06,observado,15975,18071
4122503,INF-DIG-01-NUM,854,2026-06,observado,854,1345
4122602,INF-DIG-01-NUM,1974,2026-06,observado,1974,2160
4122651,INF-DIG-01-NUM,117,2026-06,observado,117,245
4122701,INF-DIG-01-NUM,1862,2026-06,observado,1862,2130
4122800,INF-DIG-01-NUM,382,2026-06,observado,382,574
4122909,INF-DIG-01-NUM,277,2026-06,observado,277,840
4123006,INF-DIG-01-NUM,2928,2026-06,observado,2928,4528
4123105,INF-DIG-01-NUM,708,2026-06,observado,708,832
4123204,INF-DIG-01-NUM,111,2026-06,observado,111,190
4123303,INF-DIG-01-NUM,1089,2026-06,observado,1089,1155
4123402,INF-DIG-01-NUM,2555,2026-06,observado,2555,3156
4123501,INF-DIG-01-NUM,8797,2026-06,observado,8797,10472
4123600,INF-DIG-01-NUM,182,2026-06,observado,182,196
4123709,INF-DIG-01-NUM,599,2026-06,observado,599,633
4123808,INF-DIG-01-NUM,1465,2026-06,observado,1465,3177
4123824,INF-DIG-01-NUM,333,2026-06,observado,333,762
4123857,INF-DIG-01-NUM,343,2026-06,observado,343,698
4123907,INF-DIG-01-NUM,2926,2026-06,observado,2926,3039
4123956,INF-DIG-01-NUM,481,2026-06,observado,481,541
4124004,INF-DIG-01-NUM,187,2026-06,observado,187,354
4124020,INF-DIG-01-NUM,4311,2026-06,observado,4311,4544
4124053,INF-DIG-01-NUM,7085,2026-06,observado,7085,7230
4124103,INF-DIG-01-NUM,9505,2026-06,observado,9505,9784
4124202,INF-DIG-01-NUM,586,2026-06,observado,586,608
4124301,INF-DIG-01-NUM,298,2026-06,observado,298,320
4124400,INF-DIG-01-NUM,6169,2026-06,observado,6169,6781
4124509,INF-DIG-01-NUM,482,2026-06,observado,482,535
4124608,INF-DIG-01-NUM,1346,2026-06,observado,1346,1613
4124707,INF-DIG-01-NUM,500,2026-06,observado,500,946
4124806,INF-DIG-01-NUM,3782,2026-06,observado,3782,4592
4124905,INF-DIG-01-NUM,906,2026-06,observado,906,927
4125001,INF-DIG-01-NUM,741,2026-06,observado,741,1562
4125100,INF-DIG-01-NUM,960,2026-06,observado,960,1924
4125209,INF-DIG-01-NUM,2623,2026-06,observado,2623,2871
4125308,INF-DIG-01-NUM,1004,2026-06,observado,1004,1140
4125357,INF-DIG-01-NUM,1457,2026-06,observado,1457,1639
4125407,INF-DIG-01-NUM,661,2026-06,observado,661,917
4125456,INF-DIG-01-NUM,1037,2026-06,observado,1037,1345
4125506,INF-DIG-01-NUM,137156,2026-06,observado,137156,139870
4125555,INF-DIG-01-NUM,8,2026-06,observado,8,111
4125605,INF-DIG-01-NUM,13295,2026-06,observado,13295,13966
4125704,INF-DIG-01-NUM,5612,2026-06,observado,5612,6410
4125753,INF-DIG-01-NUM,1257,2026-06,observado,1257,1516
4125803,INF-DIG-01-NUM,1244,2026-06,observado,1244,1825
4125902,INF-DIG-01-NUM,154,2026-06,observado,154,310
4126009,INF-DIG-01-NUM,1004,2026-06,observado,1004,2095
4126108,INF-DIG-01-NUM,70,2026-06,observado,70,116
4126207,INF-DIG-01-NUM,487,2026-06,observado,487,678
4126256,INF-DIG-01-NUM,31993,2026-06,observado,31993,33046
4126272,INF-DIG-01-NUM,1402,2026-06,observado,1402,1880
4126306,INF-DIG-01-NUM,1796,2026-06,observado,1796,1937
4126355,INF-DIG-01-NUM,1407,2026-06,observado,1407,1904
4126405,INF-DIG-01-NUM,1052,2026-06,observado,1052,1106
4126504,INF-DIG-01-NUM,3467,2026-06,observado,3467,3789
4126603,INF-DIG-01-NUM,3360,2026-06,observado,3360,3732
4126652,INF-DIG-01-NUM,364,2026-06,observado,364,515
4126678,INF-DIG-01-NUM,1260,2026-06,observado,1260,1350
4126702,INF-DIG-01-NUM,1135,2026-06,observado,1135,1161
4126801,INF-DIG-01-NUM,3041,2026-06,observado,3041,3144
4126900,INF-DIG-01-NUM,1669,2026-06,observado,1669,1992
4127007,INF-DIG-01-NUM,786,2026-06,observado,786,903
4127106,INF-DIG-01-NUM,25413,2026-06,observado,25413,25604
4127205,INF-DIG-01-NUM,4363,2026-06,observado,4363,4819
4127304,INF-DIG-01-NUM,2404,2026-06,observado,2404,2457
4127403,INF-DIG-01-NUM,15959,2026-06,observado,15959,17014
4127502,INF-DIG-01-NUM,2445,2026-06,observado,2445,2777
4127601,INF-DIG-01-NUM,6655,2026-06,observado,6655,6778
4127700,INF-DIG-01-NUM,59261,2026-06,observado,59261,62723
4127809,INF-DIG-01-NUM,348,2026-06,observado,348,848
4127858,INF-DIG-01-NUM,1283,2026-06,observado,1283,1652
4127882,INF-DIG-01-NUM,587,2026-06,observado,587,643
4127908,INF-DIG-01-NUM,1329,2026-06,observado,1329,1518
4127957,INF-DIG-01-NUM,1291,2026-06,observado,1291,1534
4127965,INF-DIG-01-NUM,644,2026-06,observado,644,844
4128005,INF-DIG-01-NUM,7689,2026-06,observado,7689,7999
4128104,INF-DIG-01-NUM,43528,2026-06,observado,43528,45985
4128203,INF-DIG-01-NUM,18053,2026-06,observado,18053,18815
4128302,INF-DIG-01-NUM,563,2026-06,observado,563,602
4128401,INF-DIG-01-NUM,3288,2026-06,observado,3288,3307
4128500,INF-DIG-01-NUM,2066,2026-06,observado,2066,2146
4128534,INF-DIG-01-NUM,688,2026-06,observado,688,917
4128559,INF-DIG-01-NUM,1489,2026-06,observado,1489,2158
4128609,INF-DIG-01-NUM,1316,2026-06,observado,1316,3181
4128625,INF-DIG-01-NUM,2360,2026-06,observado,2360,4856
4128633,INF-DIG-01-NUM,51,2026-06,observado,51,167
4128658,INF-DIG-01-NUM,692,2026-06,observado,692,976
4128708,INF-DIG-01-NUM,2731,2026-06,observado,2731,3037
4128807,INF-DIG-01-NUM,1085,2026-06,observado,1085,1433
4200051,INF-DIG-01-NUM,185,2026-06,observado,185,220
4200101,INF-DIG-01-NUM,3456,2026-06,observado,3456,4328
4200200,INF-DIG-01-NUM,1746,2026-06,observado,1746,1909
4200309,INF-DIG-01-NUM,524,2026-06,observado,524,621
4200408,INF-DIG-01-NUM,1792,2026-06,observado,1792,2312
4200507,INF-DIG-01-NUM,1552,2026-06,observado,1552,1765
4200556,INF-DIG-01-NUM,937,2026-06,observado,937,1029
4200606,INF-DIG-01-NUM,2875,2026-06,observado,2875,2983
4200705,INF-DIG-01-NUM,1646,2026-06,observado,1646,2468
4200754,INF-DIG-01-NUM,85,2026-06,observado,85,162
4200804,INF-DIG-01-NUM,1838,2026-06,observado,1838,2097
4200903,INF-DIG-01-NUM,1939,2026-06,observado,1939,2439
4201000,INF-DIG-01-NUM,1079,2026-06,observado,1079,1242
4201109,INF-DIG-01-NUM,698,2026-06,observado,698,975
4201208,INF-DIG-01-NUM,4831,2026-06,observado,4831,4937
4201257,INF-DIG-01-NUM,3257,2026-06,observado,3257,3650
4201273,INF-DIG-01-NUM,876,2026-06,observado,876,1123
4201307,INF-DIG-01-NUM,13977,2026-06,observado,13977,14246
4201406,INF-DIG-01-NUM,20086,2026-06,observado,20086,31575
4201505,INF-DIG-01-NUM,591,2026-06,observado,591,620
4201604,INF-DIG-01-NUM,998,2026-06,observado,998,1120
4201653,INF-DIG-01-NUM,451,2026-06,observado,451,919
4201703,INF-DIG-01-NUM,2851,2026-06,observado,2851,3105
4201802,INF-DIG-01-NUM,235,2026-06,observado,235,273
4201901,INF-DIG-01-NUM,1901,2026-06,observado,1901,2034
4201950,INF-DIG-01-NUM,8024,2026-06,observado,8024,9577
4202008,INF-DIG-01-NUM,81188,2026-06,observado,81188,84390
4202057,INF-DIG-01-NUM,4537,2026-06,observado,4537,4626
4202073,INF-DIG-01-NUM,2738,2026-06,observado,2738,2804
4202081,INF-DIG-01-NUM,384,2026-06,observado,384,489
4202099,INF-DIG-01-NUM,1956,2026-06,observado,1956,1981
4202107,INF-DIG-01-NUM,27789,2026-06,observado,27789,28762
4202131,INF-DIG-01-NUM,36,2026-06,observado,36,88
4202156,INF-DIG-01-NUM,336,2026-06,observado,336,464
4202206,INF-DIG-01-NUM,3759,2026-06,observado,3759,4550
4202305,INF-DIG-01-NUM,34068,2026-06,observado,34068,35161
4202404,INF-DIG-01-NUM,160211,2026-06,observado,160211,163686
4202438,INF-DIG-01-NUM,555,2026-06,observado,555,679
4202453,INF-DIG-01-NUM,16195,2026-06,observado,16195,22596
4202503,INF-DIG-01-NUM,850,2026-06,observado,850,1336
4202537,INF-DIG-01-NUM,778,2026-06,observado,778,904
4202578,INF-DIG-01-NUM,655,2026-06,observado,655,758
4202602,INF-DIG-01-NUM,2192,2026-06,observado,2192,2754
4202701,INF-DIG-01-NUM,1975,2026-06,observado,1975,2095
4202800,INF-DIG-01-NUM,12782,2026-06,observado,12782,13737
4202859,INF-DIG-01-NUM,624,2026-06,observado,624,672
4202875,INF-DIG-01-NUM,1062,2026-06,observado,1062,1256
4202909,INF-DIG-01-NUM,53820,2026-06,observado,53820,57568
4203006,INF-DIG-01-NUM,22672,2026-06,observado,22672,23834
4203105,INF-DIG-01-NUM,2504,2026-06,observado,2504,2567
4203154,INF-DIG-01-NUM,37,2026-06,observado,37,138
4203204,INF-DIG-01-NUM,31021,2026-06,observado,31021,31764
4203253,INF-DIG-01-NUM,439,2026-06,observado,439,775
4203303,INF-DIG-01-NUM,1803,2026-06,observado,1803,1944
4203402,INF-DIG-01-NUM,1840,2026-06,observado,1840,1968
4203501,INF-DIG-01-NUM,2254,2026-06,observado,2254,2560
4203600,INF-DIG-01-NUM,9694,2026-06,observado,9694,11166
4203709,INF-DIG-01-NUM,1512,2026-06,observado,1512,2838
4203808,INF-DIG-01-NUM,14541,2026-06,observado,14541,15270
4203907,INF-DIG-01-NUM,7559,2026-06,observado,7559,7886
4203956,INF-DIG-01-NUM,4468,2026-06,observado,4468,4829
4204004,INF-DIG-01-NUM,3260,2026-06,observado,3260,4334
4204103,INF-DIG-01-NUM,1086,2026-06,observado,1086,1400
4204152,INF-DIG-01-NUM,867,2026-06,observado,867,929
4204178,INF-DIG-01-NUM,148,2026-06,observado,148,273
4204194,INF-DIG-01-NUM,26,2026-06,observado,26,581
4204202,INF-DIG-01-NUM,99113,2026-06,observado,99113,107088
4204251,INF-DIG-01-NUM,7115,2026-06,observado,7115,7338
4204301,INF-DIG-01-NUM,30129,2026-06,observado,30129,33687
4204350,INF-DIG-01-NUM,875,2026-06,observado,875,1317
4204400,INF-DIG-01-NUM,1352,2026-06,observado,1352,3084
4204459,INF-DIG-01-NUM,194,2026-06,observado,194,464
4204509,INF-DIG-01-NUM,4090,2026-06,observado,4090,4197
4204558,INF-DIG-01-NUM,2853,2026-06,observado,2853,4804
4204608,INF-DIG-01-NUM,66616,2026-06,observado,66616,83540
4204707,INF-DIG-01-NUM,3595,2026-06,observado,3595,3662
4204756,INF-DIG-01-NUM,679,2026-06,observado,679,715
4204806,INF-DIG-01-NUM,15386,2026-06,observado,15386,15959
4204905,INF-DIG-01-NUM,2228,2026-06,observado,2228,2894
4205001,INF-DIG-01-NUM,4504,2026-06,observado,4504,5102
4205100,INF-DIG-01-NUM,819,2026-06,observado,819,1021
4205159,INF-DIG-01-NUM,1322,2026-06,observado,1322,1578
4205175,INF-DIG-01-NUM,828,2026-06,observado,828,1103
4205191,INF-DIG-01-NUM,753,2026-06,observado,753,795
4205209,INF-DIG-01-NUM,693,2026-06,observado,693,1128
4205308,INF-DIG-01-NUM,2579,2026-06,observado,2579,2998
4205357,INF-DIG-01-NUM,768,2026-06,observado,768,791
4205407,INF-DIG-01-NUM,289856,2026-06,observado,289856,303546
4205431,INF-DIG-01-NUM,1058,2026-06,observado,1058,2173
4205456,INF-DIG-01-NUM,3404,2026-06,observado,3404,4584
4205506,INF-DIG-01-NUM,12068,2026-06,observado,12068,12888
4205555,INF-DIG-01-NUM,393,2026-06,observado,393,669
4205605,INF-DIG-01-NUM,920,2026-06,observado,920,1053
4205704,INF-DIG-01-NUM,13840,2026-06,observado,13840,15615
4205803,INF-DIG-01-NUM,4430,2026-06,observado,4430,4967
4205902,INF-DIG-01-NUM,20093,2026-06,observado,20093,20408
4206009,INF-DIG-01-NUM,13135,2026-06,observado,13135,13912
4206108,INF-DIG-01-NUM,1857,2026-06,observado,1857,2108
4206207,INF-DIG-01-NUM,2678,2026-06,observado,2678,2816
4206306,INF-DIG-01-NUM,9074,2026-06,observado,9074,9172
4206405,INF-DIG-01-NUM,3942,2026-06,observado,3942,4119
4206504,INF-DIG-01-NUM,16632,2026-06,observado,16632,17334
4206603,INF-DIG-01-NUM,1362,2026-06,observado,1362,1430
4206652,INF-DIG-01-NUM,1983,2026-06,observado,1983,2087
4206702,INF-DIG-01-NUM,4945,2026-06,observado,4945,5804
4206751,INF-DIG-01-NUM,352,2026-06,observado,352,463
4206801,INF-DIG-01-NUM,331,2026-06,observado,331,530
4206900,INF-DIG-01-NUM,5814,2026-06,observado,5814,6191
4207007,INF-DIG-01-NUM,16471,2026-06,observado,16471,18277
4207106,INF-DIG-01-NUM,5171,2026-06,observado,5171,5780
4207205,INF-DIG-01-NUM,1215,2026-06,observado,1215,1308
4207304,INF-DIG-01-NUM,26306,2026-06,observado,26306,30043
4207403,INF-DIG-01-NUM,1126,2026-06,observado,1126,1649
4207502,INF-DIG-01-NUM,28985,2026-06,observado,28985,29369
4207577,INF-DIG-01-NUM,742,2026-06,observado,742,1007
4207601,INF-DIG-01-NUM,371,2026-06,observado,371,1013
4207650,INF-DIG-01-NUM,2369,2026-06,observado,2369,3376
4207684,INF-DIG-01-NUM,996,2026-06,observado,996,1430
4207700,INF-DIG-01-NUM,2340,2026-06,observado,2340,2793
4207759,INF-DIG-01-NUM,1357,2026-06,observado,1357,1413
4207809,INF-DIG-01-NUM,2163,2026-06,observado,2163,3201
4207858,INF-DIG-01-NUM,524,2026-06,observado,524,664
4207908,INF-DIG-01-NUM,1800,2026-06,observado,1800,2429
4208005,INF-DIG-01-NUM,1563,2026-06,observado,1563,1913
4208104,INF-DIG-01-NUM,5421,2026-06,observado,5421,6871
4208203,INF-DIG-01-NUM,121410,2026-06,observado,121410,124851
4208302,INF-DIG-01-NUM,42949,2026-06,observado,42949,56142
4208401,INF-DIG-01-NUM,4421,2026-06,observado,4421,6374
4208450,INF-DIG-01-NUM,21553,2026-06,observado,21553,22074
4208500,INF-DIG-01-NUM,8345,2026-06,observado,8345,9474
4208609,INF-DIG-01-NUM,652,2026-06,observado,652,1555
4208708,INF-DIG-01-NUM,1874,2026-06,observado,1874,2340
4208807,INF-DIG-01-NUM,4201,2026-06,observado,4201,4474
4208906,INF-DIG-01-NUM,72320,2026-06,observado,72320,73718
4208955,INF-DIG-01-NUM,200,2026-06,observado,200,229
4209003,INF-DIG-01-NUM,10652,2026-06,observado,10652,11370
4209102,INF-DIG-01-NUM,231384,2026-06,observado,231384,238803
4209151,INF-DIG-01-NUM,899,2026-06,observado,899,1123
4209177,INF-DIG-01-NUM,522,2026-06,observado,522,690
4209201,INF-DIG-01-NUM,681,2026-06,observado,681,889
4209300,INF-DIG-01-NUM,57350,2026-06,observado,57350,60348
4209409,INF-DIG-01-NUM,11096,2026-06,observado,11096,16493
4209458,INF-DIG-01-NUM,145,2026-06,observado,145,213
4209508,INF-DIG-01-NUM,1693,2026-06,observado,1693,1930
4209607,INF-DIG-01-NUM,5461,2026-06,observado,5461,5499
4209706,INF-DIG-01-NUM,2534,2026-06,observado,2534,3214
4209805,INF-DIG-01-NUM,372,2026-06,observado,372,778
4209854,INF-DIG-01-NUM,1075,2026-06,observado,1075,1801
4209904,INF-DIG-01-NUM,2966,2026-06,observado,2966,3278
4210001,INF-DIG-01-NUM,3477,2026-06,observado,3477,3825
4210035,INF-DIG-01-NUM,1460,2026-06,observado,1460,1874
4210050,INF-DIG-01-NUM,209,2026-06,observado,209,277
4210100,INF-DIG-01-NUM,15200,2026-06,observado,15200,17394
4210209,INF-DIG-01-NUM,1062,2026-06,observado,1062,1100
4210308,INF-DIG-01-NUM,1487,2026-06,observado,1487,1839
4210407,INF-DIG-01-NUM,2260,2026-06,observado,2260,3055
4210506,INF-DIG-01-NUM,12806,2026-06,observado,12806,12872
4210555,INF-DIG-01-NUM,326,2026-06,observado,326,673
4210605,INF-DIG-01-NUM,5705,2026-06,observado,5705,5830
4210704,INF-DIG-01-NUM,82,2026-06,observado,82,202
4210803,INF-DIG-01-NUM,2485,2026-06,observado,2485,2915
4210852,INF-DIG-01-NUM,440,2026-06,observado,440,503
4210902,INF-DIG-01-NUM,1597,2026-06,observado,1597,1644
4211009,INF-DIG-01-NUM,2834,2026-06,observado,2834,3583
4211058,INF-DIG-01-NUM,7966,2026-06,observado,7966,8122
4211108,INF-DIG-01-NUM,1566,2026-06,observado,1566,2429
4211207,INF-DIG-01-NUM,5824,2026-06,observado,5824,6542
4211256,INF-DIG-01-NUM,939,2026-06,observado,939,1082
4211306,INF-DIG-01-NUM,31915,2026-06,observado,31915,36630
4211405,INF-DIG-01-NUM,1709,2026-06,observado,1709,1929
4211454,INF-DIG-01-NUM,1046,2026-06,observado,1046,1631
4211504,INF-DIG-01-NUM,3393,2026-06,observado,3393,4217
4211603,INF-DIG-01-NUM,2791,2026-06,observado,2791,2983
4211652,INF-DIG-01-NUM,310,2026-06,observado,310,679
4211702,INF-DIG-01-NUM,8970,2026-06,observado,8970,10272
4211751,INF-DIG-01-NUM,5032,2026-06,observado,5032,5529
4211801,INF-DIG-01-NUM,1691,2026-06,observado,1691,2261
4211850,INF-DIG-01-NUM,350,2026-06,observado,350,476
4211876,INF-DIG-01-NUM,440,2026-06,observado,440,656
4211892,INF-DIG-01-NUM,502,2026-06,observado,502,607
4211900,INF-DIG-01-NUM,103617,2026-06,observado,103617,111565
4212007,INF-DIG-01-NUM,1760,2026-06,observado,1760,2235
4212056,INF-DIG-01-NUM,959,2026-06,observado,959,1593
4212106,INF-DIG-01-NUM,6308,2026-06,observado,6308,6379
4212205,INF-DIG-01-NUM,4034,2026-06,observado,4034,4324
4212239,INF-DIG-01-NUM,448,2026-06,observado,448,701
4212254,INF-DIG-01-NUM,8153,2026-06,observado,8153,10261
4212270,INF-DIG-01-NUM,1122,2026-06,observado,1122,1355
4212304,INF-DIG-01-NUM,3076,2026-06,observado,3076,4238
4212403,INF-DIG-01-NUM,666,2026-06,observado,666,710
4212502,INF-DIG-01-NUM,15008,2026-06,observado,15008,17179
4212601,INF-DIG-01-NUM,228,2026-06,observado,228,536
4212650,INF-DIG-01-NUM,2991,2026-06,observado,2991,3166
4212700,INF-DIG-01-NUM,678,2026-06,observado,678,923
4212809,INF-DIG-01-NUM,19780,2026-06,observado,19780,22359
4212908,INF-DIG-01-NUM,9091,2026-06,observado,9091,9198
4213005,INF-DIG-01-NUM,931,2026-06,observado,931,1126
4213104,INF-DIG-01-NUM,1050,2026-06,observado,1050,1416
4213153,INF-DIG-01-NUM,191,2026-06,observado,191,208
4213203,INF-DIG-01-NUM,13066,2026-06,observado,13066,13430
4213302,INF-DIG-01-NUM,1081,2026-06,observado,1081,1306
4213351,INF-DIG-01-NUM,702,2026-06,observado,702,722
4213401,INF-DIG-01-NUM,3844,2026-06,observado,3844,4022
4213500,INF-DIG-01-NUM,12361,2026-06,observado,12361,16787
4213609,INF-DIG-01-NUM,9438,2026-06,observado,9438,9919
4213708,INF-DIG-01-NUM,4088,2026-06,observado,4088,5065
4213807,INF-DIG-01-NUM,2073,2026-06,observado,2073,3054
4213906,INF-DIG-01-NUM,106,2026-06,observado,106,639
4214003,INF-DIG-01-NUM,3337,2026-06,observado,3337,4034
4214102,INF-DIG-01-NUM,783,2026-06,observado,783,807
4214151,INF-DIG-01-NUM,989,2026-06,observado,989,1080
4214201,INF-DIG-01-NUM,1161,2026-06,observado,1161,2972
4214300,INF-DIG-01-NUM,1988,2026-06,observado,1988,2348
4214409,INF-DIG-01-NUM,1639,2026-06,observado,1639,2312
4214508,INF-DIG-01-NUM,1263,2026-06,observado,1263,1383
4214607,INF-DIG-01-NUM,1114,2026-06,observado,1114,1295
4214706,INF-DIG-01-NUM,3500,2026-06,observado,3500,4692
4214805,INF-DIG-01-NUM,27144,2026-06,observado,27144,27565
4214904,INF-DIG-01-NUM,1921,2026-06,observado,1921,2191
4215000,INF-DIG-01-NUM,9093,2026-06,observado,9093,10609
4215059,INF-DIG-01-NUM,429,2026-06,observado,429,581
4215075,INF-DIG-01-NUM,1836,2026-06,observado,1836,1873
4215109,INF-DIG-01-NUM,4622,2026-06,observado,4622,4834
4215208,INF-DIG-01-NUM,951,2026-06,observado,951,1592
4215307,INF-DIG-01-NUM,779,2026-06,observado,779,825
4215356,INF-DIG-01-NUM,1065,2026-06,observado,1065,1159
4215406,INF-DIG-01-NUM,1157,2026-06,observado,1157,1430
4215455,INF-DIG-01-NUM,1384,2026-06,observado,1384,1406
4215505,INF-DIG-01-NUM,3030,2026-06,observado,3030,3213
4215554,INF-DIG-01-NUM,525,2026-06,observado,525,780
4215604,INF-DIG-01-NUM,852,2026-06,observado,852,1102
4215653,INF-DIG-01-NUM,3133,2026-06,observado,3133,3917
4215679,INF-DIG-01-NUM,56,2026-06,observado,56,104
4215687,INF-DIG-01-NUM,711,2026-06,observado,711,749
4215695,INF-DIG-01-NUM,144,2026-06,observado,144,452
4215703,INF-DIG-01-NUM,11663,2026-06,observado,11663,12322
4215752,INF-DIG-01-NUM,182,2026-06,observado,182,401
4215802,INF-DIG-01-NUM,26985,2026-06,observado,26985,27930
4215901,INF-DIG-01-NUM,1396,2026-06,observado,1396,1505
4216008,INF-DIG-01-NUM,3627,2026-06,observado,3627,4139
4216057,INF-DIG-01-NUM,708,2026-06,observado,708,788
4216107,INF-DIG-01-NUM,1612,2026-06,observado,1612,3119
4216206,INF-DIG-01-NUM,24279,2026-06,observado,24279,25011
4216255,INF-DIG-01-NUM,1444,2026-06,observado,1444,2383
4216305,INF-DIG-01-NUM,8037,2026-06,observado,8037,10286
4216354,INF-DIG-01-NUM,1801,2026-06,observado,1801,1941
4216404,INF-DIG-01-NUM,3000,2026-06,observado,3000,3905
4216503,INF-DIG-01-NUM,6755,2026-06,observado,6755,9965
4216602,INF-DIG-01-NUM,124652,2026-06,observado,124652,131919
4216701,INF-DIG-01-NUM,4859,2026-06,observado,4859,5262
4216800,INF-DIG-01-NUM,1133,2026-06,observado,1133,1718
4216909,INF-DIG-01-NUM,8515,2026-06,observado,8515,10291
4217006,INF-DIG-01-NUM,5765,2026-06,observado,5765,5839
4217105,INF-DIG-01-NUM,621,2026-06,observado,621,662
4217154,INF-DIG-01-NUM,542,2026-06,observado,542,585
4217204,INF-DIG-01-NUM,17779,2026-06,observado,17779,18422
4217253,INF-DIG-01-NUM,2294,2026-06,observado,2294,2337
4217303,INF-DIG-01-NUM,2773,2026-06,observado,2773,3011
4217402,INF-DIG-01-NUM,6362,2026-06,observado,6362,6450
4217501,INF-DIG-01-NUM,5456,2026-06,observado,5456,5741
4217550,INF-DIG-01-NUM,1073,2026-06,observado,1073,1116
4217600,INF-DIG-01-NUM,4522,2026-06,observado,4522,4783
4217709,INF-DIG-01-NUM,6780,2026-06,observado,6780,7386
4217758,INF-DIG-01-NUM,738,2026-06,observado,738,861
4217808,INF-DIG-01-NUM,4158,2026-06,observado,4158,4545
4217907,INF-DIG-01-NUM,2110,2026-06,observado,2110,2636
4217956,INF-DIG-01-NUM,749,2026-06,observado,749,784
4218004,INF-DIG-01-NUM,16828,2026-06,observado,16828,23663
4218103,INF-DIG-01-NUM,1558,2026-06,observado,1558,2070
4218202,INF-DIG-01-NUM,18509,2026-06,observado,18509,19023
4218251,INF-DIG-01-NUM,59,2026-06,observado,59,114
4218301,INF-DIG-01-NUM,4582,2026-06,observado,4582,4907
4218350,INF-DIG-01-NUM,1100,2026-06,observado,1100,1112
4218400,INF-DIG-01-NUM,2521,2026-06,observado,2521,2603
4218509,INF-DIG-01-NUM,2484,2026-06,observado,2484,2826
4218608,INF-DIG-01-NUM,1695,2026-06,observado,1695,1787
4218707,INF-DIG-01-NUM,45299,2026-06,observado,45299,49300
4218756,INF-DIG-01-NUM,928,2026-06,observado,928,1649
4218806,INF-DIG-01-NUM,4162,2026-06,observado,4162,5376
4218855,INF-DIG-01-NUM,263,2026-06,observado,263,304
4218905,INF-DIG-01-NUM,5435,2026-06,observado,5435,5989
4218954,INF-DIG-01-NUM,559,2026-06,observado,559,786
4219002,INF-DIG-01-NUM,7386,2026-06,observado,7386,7467
4219101,INF-DIG-01-NUM,1473,2026-06,observado,1473,1554
4219150,INF-DIG-01-NUM,127,2026-06,observado,127,194
4219176,INF-DIG-01-NUM,528,2026-06,observado,528,1635
4219200,INF-DIG-01-NUM,754,2026-06,observado,754,1304
4219309,INF-DIG-01-NUM,19571,2026-06,observado,19571,21644
4219358,INF-DIG-01-NUM,535,2026-06,observado,535,724
4219408,INF-DIG-01-NUM,663,2026-06,observado,663,837
4219507,INF-DIG-01-NUM,17664,2026-06,observado,17664,18238
4219606,INF-DIG-01-NUM,910,2026-06,observado,910,1263
4219705,INF-DIG-01-NUM,2399,2026-06,observado,2399,2565
4219853,INF-DIG-01-NUM,1219,2026-06,observado,1219,1448
4220000,INF-DIG-01-NUM,9992,2026-06,observado,9992,10237
4300034,INF-DIG-01-NUM,233,2026-06,observado,233,1065
4300059,INF-DIG-01-NUM,266,2026-06,observado,266,339
4300109,INF-DIG-01-NUM,1561,2026-06,observado,1561,3312
4300208,INF-DIG-01-NUM,910,2026-06,observado,910,2569
4300307,INF-DIG-01-NUM,886,2026-06,observado,886,1331
4300406,INF-DIG-01-NUM,18572,2026-06,observado,18572,22841
4300455,INF-DIG-01-NUM,221,2026-06,observado,221,708
4300471,INF-DIG-01-NUM,475,2026-06,observado,475,606
4300505,INF-DIG-01-NUM,1828,2026-06,observado,1828,2291
4300554,INF-DIG-01-NUM,498,2026-06,observado,498,557
4300570,INF-DIG-01-NUM,940,2026-06,observado,940,1242
4300604,INF-DIG-01-NUM,54942,2026-06,observado,54942,63547
4300638,INF-DIG-01-NUM,673,2026-06,observado,673,1662
4300646,INF-DIG-01-NUM,2944,2026-06,observado,2944,3510
4300661,INF-DIG-01-NUM,13,2026-06,observado,13,25
4300703,INF-DIG-01-NUM,242,2026-06,observado,242,401
4300802,INF-DIG-01-NUM,1800,2026-06,observado,1800,1880
4300851,INF-DIG-01-NUM,2349,2026-06,observado,2349,2483
4300877,INF-DIG-01-NUM,2335,2026-06,observado,2335,3203
4300901,INF-DIG-01-NUM,1953,2026-06,observado,1953,2063
4301008,INF-DIG-01-NUM,7546,2026-06,observado,7546,9378
4301057,INF-DIG-01-NUM,6481,2026-06,observado,6481,7612
4301073,INF-DIG-01-NUM,191,2026-06,observado,191,631
4301107,INF-DIG-01-NUM,3054,2026-06,observado,3054,4129
4301206,INF-DIG-01-NUM,1706,2026-06,observado,1706,2429
4301305,INF-DIG-01-NUM,2901,2026-06,observado,2901,4035
4301404,INF-DIG-01-NUM,439,2026-06,observado,439,895
4301503,INF-DIG-01-NUM,1251,2026-06,observado,1251,2786
4301552,INF-DIG-01-NUM,1660,2026-06,observado,1660,1728
4301602,INF-DIG-01-NUM,25851,2026-06,observado,25851,29855
4301636,INF-DIG-01-NUM,6128,2026-06,observado,6128,6355
4301651,INF-DIG-01-NUM,1489,2026-06,observado,1489,2583
4301701,INF-DIG-01-NUM,1493,2026-06,observado,1493,1976
4301750,INF-DIG-01-NUM,547,2026-06,observado,547,1104
4301800,INF-DIG-01-NUM,1063,2026-06,observado,1063,1675
4301859,INF-DIG-01-NUM,718,2026-06,observado,718,967
4301875,INF-DIG-01-NUM,822,2026-06,observado,822,903
4301909,INF-DIG-01-NUM,2083,2026-06,observado,2083,2267
4301925,INF-DIG-01-NUM,245,2026-06,observado,245,266
4301958,INF-DIG-01-NUM,649,2026-06,observado,649,963
4302006,INF-DIG-01-NUM,1885,2026-06,observado,1885,2502
4302055,INF-DIG-01-NUM,137,2026-06,observado,137,158
4302105,INF-DIG-01-NUM,38361,2026-06,observado,38361,50809
4302154,INF-DIG-01-NUM,477,2026-06,observado,477,789
4302204,INF-DIG-01-NUM,2442,2026-06,observado,2442,2942
4302220,INF-DIG-01-NUM,278,2026-06,observado,278,721
4302238,INF-DIG-01-NUM,270,2026-06,observado,270,315
4302253,INF-DIG-01-NUM,785,2026-06,observado,785,868
4302303,INF-DIG-01-NUM,2743,2026-06,observado,2743,3659
4302352,INF-DIG-01-NUM,3464,2026-06,observado,3464,5951
4302378,INF-DIG-01-NUM,107,2026-06,observado,107,144
4302402,INF-DIG-01-NUM,2239,2026-06,observado,2239,4253
4302451,INF-DIG-01-NUM,1528,2026-06,observado,1528,1858
4302501,INF-DIG-01-NUM,666,2026-06,observado,666,1194
4302584,INF-DIG-01-NUM,269,2026-06,observado,269,792
4302600,INF-DIG-01-NUM,89,2026-06,observado,89,206
4302659,INF-DIG-01-NUM,1433,2026-06,observado,1433,1550
4302709,INF-DIG-01-NUM,1167,2026-06,observado,1167,2058
4302808,INF-DIG-01-NUM,6610,2026-06,observado,6610,9132
4302907,INF-DIG-01-NUM,2076,2026-06,observado,2076,2252
4303004,INF-DIG-01-NUM,17653,2026-06,observado,17653,26092
4303103,INF-DIG-01-NUM,40798,2026-06,observado,40798,44059
4303202,INF-DIG-01-NUM,798,2026-06,observado,798,1203
4303301,INF-DIG-01-NUM,801,2026-06,observado,801,1217
4303400,INF-DIG-01-NUM,868,2026-06,observado,868,1519
4303509,INF-DIG-01-NUM,18375,2026-06,observado,18375,20505
4303558,INF-DIG-01-NUM,401,2026-06,observado,401,440
4303608,INF-DIG-01-NUM,2176,2026-06,observado,2176,2265
4303673,INF-DIG-01-NUM,881,2026-06,observado,881,895
4303707,INF-DIG-01-NUM,205,2026-06,observado,205,1412
4303806,INF-DIG-01-NUM,1010,2026-06,observado,1010,1509
4303905,INF-DIG-01-NUM,20044,2026-06,observado,20044,26968
4304002,INF-DIG-01-NUM,166,2026-06,observado,166,208
4304101,INF-DIG-01-NUM,1217,2026-06,observado,1217,1306
4304200,INF-DIG-01-NUM,4109,2026-06,observado,4109,6307
4304309,INF-DIG-01-NUM,735,2026-06,observado,735,1436
4304358,INF-DIG-01-NUM,2683,2026-06,observado,2683,3203
4304408,INF-DIG-01-NUM,13468,2026-06,observado,13468,14493
4304507,INF-DIG-01-NUM,7374,2026-06,observado,7374,10065
4304606,INF-DIG-01-NUM,118637,2026-06,observado,118637,133344
4304614,INF-DIG-01-NUM,168,2026-06,observado,168,277
4304622,INF-DIG-01-NUM,51,2026-06,observado,51,86
4304630,INF-DIG-01-NUM,49122,2026-06,observado,49122,51863
4304655,INF-DIG-01-NUM,94,2026-06,observado,94,192
4304663,INF-DIG-01-NUM,5468,2026-06,observado,5468,5935
4304671,INF-DIG-01-NUM,1006,2026-06,observado,1006,1758
4304689,INF-DIG-01-NUM,2384,2026-06,observado,2384,2423
4304697,INF-DIG-01-NUM,648,2026-06,observado,648,1002
4304705,INF-DIG-01-NUM,18695,2026-06,observado,18695,30037
4304713,INF-DIG-01-NUM,1557,2026-06,observado,1557,3103
4304804,INF-DIG-01-NUM,7228,2026-06,observado,7228,8011
4304853,INF-DIG-01-NUM,173,2026-06,observado,173,245
4304903,INF-DIG-01-NUM,1081,2026-06,observado,1081,1839
4304952,INF-DIG-01-NUM,534,2026-06,observado,534,927
4305009,INF-DIG-01-NUM,948,2026-06,observado,948,3490
4305108,INF-DIG-01-NUM,180321,2026-06,observado,180321,196042
4305116,INF-DIG-01-NUM,431,2026-06,observado,431,568
4305124,INF-DIG-01-NUM,463,2026-06,observado,463,810
4305132,INF-DIG-01-NUM,572,2026-06,observado,572,1057
4305157,INF-DIG-01-NUM,647,2026-06,observado,647,907
4305173,INF-DIG-01-NUM,1473,2026-06,observado,1473,2114
4305207,INF-DIG-01-NUM,3902,2026-06,observado,3902,4975
4305306,INF-DIG-01-NUM,1413,2026-06,observado,1413,1769
4305355,INF-DIG-01-NUM,11095,2026-06,observado,11095,13459
4305371,INF-DIG-01-NUM,286,2026-06,observado,286,571
4305405,INF-DIG-01-NUM,143,2026-06,observado,143,1250
4305439,INF-DIG-01-NUM,87,2026-06,observado,87,99
4305447,INF-DIG-01-NUM,405,2026-06,observado,405,641
4305454,INF-DIG-01-NUM,8644,2026-06,observado,8644,8987
4305504,INF-DIG-01-NUM,292,2026-06,observado,292,454
4305587,INF-DIG-01-NUM,546,2026-06,observado,546,564
4305603,INF-DIG-01-NUM,898,2026-06,observado,898,1047
4305702,INF-DIG-01-NUM,1426,2026-06,observado,1426,2086
4305801,INF-DIG-01-NUM,1502,2026-06,observado,1502,1743
4305835,INF-DIG-01-NUM,8,2026-06,observado,8,28
4305850,INF-DIG-01-NUM,380,2026-06,observado,380,565
4305871,INF-DIG-01-NUM,488,2026-06,observado,488,1150
4305900,INF-DIG-01-NUM,162,2026-06,observado,162,339
4305934,INF-DIG-01-NUM,333,2026-06,observado,333,402
4305959,INF-DIG-01-NUM,233,2026-06,observado,233,477
4305975,INF-DIG-01-NUM,518,2026-06,observado,518,771
4306007,INF-DIG-01-NUM,1096,2026-06,observado,1096,1983
4306056,INF-DIG-01-NUM,1712,2026-06,observado,1712,1862
4306072,INF-DIG-01-NUM,503,2026-06,observado,503,901
4306106,INF-DIG-01-NUM,16474,2026-06,observado,16474,18345
4306130,INF-DIG-01-NUM,225,2026-06,observado,225,562
4306205,INF-DIG-01-NUM,3592,2026-06,observado,3592,3879
4306304,INF-DIG-01-NUM,368,2026-06,observado,368,845
4306320,INF-DIG-01-NUM,374,2026-06,observado,374,612
4306353,INF-DIG-01-NUM,235,2026-06,observado,235,389
4306379,INF-DIG-01-NUM,357,2026-06,observado,357,729
4306403,INF-DIG-01-NUM,12129,2026-06,observado,12129,13093
4306429,INF-DIG-01-NUM,320,2026-06,observado,320,595
4306452,INF-DIG-01-NUM,113,2026-06,observado,113,219
4306502,INF-DIG-01-NUM,1596,2026-06,observado,1596,2090
4306551,INF-DIG-01-NUM,134,2026-06,observado,134,143
4306601,INF-DIG-01-NUM,11021,2026-06,observado,11021,12254
4306700,INF-DIG-01-NUM,548,2026-06,observado,548,1089
4306734,INF-DIG-01-NUM,940,2026-06,observado,940,1641
4306759,INF-DIG-01-NUM,107,2026-06,observado,107,218
4306767,INF-DIG-01-NUM,10582,2026-06,observado,10582,11496
4306809,INF-DIG-01-NUM,5851,2026-06,observado,5851,8057
4306908,INF-DIG-01-NUM,2764,2026-06,observado,2764,4846
4306924,INF-DIG-01-NUM,303,2026-06,observado,303,342
4306932,INF-DIG-01-NUM,1866,2026-06,observado,1866,2620
4306957,INF-DIG-01-NUM,673,2026-06,observado,673,923
4306973,INF-DIG-01-NUM,900,2026-06,observado,900,1035
4307005,INF-DIG-01-NUM,53583,2026-06,observado,53583,57953
4307054,INF-DIG-01-NUM,1003,2026-06,observado,1003,1147
4307104,INF-DIG-01-NUM,515,2026-06,observado,515,642
4307203,INF-DIG-01-NUM,242,2026-06,observado,242,253
4307302,INF-DIG-01-NUM,1081,2026-06,observado,1081,1559
4307401,INF-DIG-01-NUM,901,2026-06,observado,901,1221
4307450,INF-DIG-01-NUM,202,2026-06,observado,202,347
4307500,INF-DIG-01-NUM,1804,2026-06,observado,1804,2401
4307559,INF-DIG-01-NUM,1941,2026-06,observado,1941,2225
4307609,INF-DIG-01-NUM,17303,2026-06,observado,17303,18519
4307708,INF-DIG-01-NUM,25972,2026-06,observado,25972,30271
4307807,INF-DIG-01-NUM,10077,2026-06,observado,10077,11656
4307815,INF-DIG-01-NUM,498,2026-06,observado,498,780
4307831,INF-DIG-01-NUM,793,2026-06,observado,793,970
4307864,INF-DIG-01-NUM,2,2026-06,observado,2,11
4307906,INF-DIG-01-NUM,23771,2026-06,observado,23771,28330
4308003,INF-DIG-01-NUM,1278,2026-06,observado,1278,1666
4308052,INF-DIG-01-NUM,62,2026-06,observado,62,69
4308078,INF-DIG-01-NUM,725,2026-06,observado,725,1011
4308102,INF-DIG-01-NUM,5173,2026-06,observado,5173,5708
4308201,INF-DIG-01-NUM,9465,2026-06,observado,9465,10516
4308250,INF-DIG-01-NUM,214,2026-06,observado,214,549
4308300,INF-DIG-01-NUM,888,2026-06,observado,888,2114
4308409,INF-DIG-01-NUM,463,2026-06,observado,463,1486
4308433,INF-DIG-01-NUM,579,2026-06,observado,579,623
4308458,INF-DIG-01-NUM,1250,2026-06,observado,1250,1623
4308508,INF-DIG-01-NUM,12119,2026-06,observado,12119,14176
4308607,INF-DIG-01-NUM,9613,2026-06,observado,9613,10378
4308656,INF-DIG-01-NUM,155,2026-06,observado,155,296
4308706,INF-DIG-01-NUM,2143,2026-06,observado,2143,3173
4308805,INF-DIG-01-NUM,1340,2026-06,observado,1340,1803
4308854,INF-DIG-01-NUM,368,2026-06,observado,368,464
4308904,INF-DIG-01-NUM,5800,2026-06,observado,5800,6822
4309001,INF-DIG-01-NUM,4332,2026-06,observado,4332,5125
4309050,INF-DIG-01-NUM,1297,2026-06,observado,1297,1408
4309100,INF-DIG-01-NUM,17355,2026-06,observado,17355,17955
4309126,INF-DIG-01-NUM,495,2026-06,observado,495,735
4309159,INF-DIG-01-NUM,293,2026-06,observado,293,530
4309209,INF-DIG-01-NUM,86463,2026-06,observado,86463,88701
4309258,INF-DIG-01-NUM,25,2026-06,observado,25,50
4309308,INF-DIG-01-NUM,21572,2026-06,observado,21572,22181
4309407,INF-DIG-01-NUM,6519,2026-06,observado,6519,11623
4309506,INF-DIG-01-NUM,1131,2026-06,observado,1131,1622
4309555,INF-DIG-01-NUM,996,2026-06,observado,996,1271
4309571,INF-DIG-01-NUM,254,2026-06,observado,254,480
4309605,INF-DIG-01-NUM,6287,2026-06,observado,6287,7024
4309654,INF-DIG-01-NUM,679,2026-06,observado,679,928
4309704,INF-DIG-01-NUM,727,2026-06,observado,727,1584
4309753,INF-DIG-01-NUM,320,2026-06,observado,320,500
4309803,INF-DIG-01-NUM,1456,2026-06,observado,1456,1717
4309902,INF-DIG-01-NUM,38,2026-06,observado,38,72
4309951,INF-DIG-01-NUM,240,2026-06,observado,240,279
4310009,INF-DIG-01-NUM,8149,2026-06,observado,8149,8717
4310108,INF-DIG-01-NUM,6085,2026-06,observado,6085,6689
4310207,INF-DIG-01-NUM,30540,2026-06,observado,30540,37432
4310306,INF-DIG-01-NUM,17,2026-06,observado,17,26
4310330,INF-DIG-01-NUM,20669,2026-06,observado,20669,20773
4310363,INF-DIG-01-NUM,888,2026-06,observado,888,965
4310405,INF-DIG-01-NUM,510,2026-06,observado,510,1809
4310413,INF-DIG-01-NUM,101,2026-06,observado,101,471
4310439,INF-DIG-01-NUM,1121,2026-06,observado,1121,1366
4310462,INF-DIG-01-NUM,515,2026-06,observado,515,751
4310504,INF-DIG-01-NUM,2037,2026-06,observado,2037,2963
4310538,INF-DIG-01-NUM,1454,2026-06,observado,1454,1501
4310553,INF-DIG-01-NUM,184,2026-06,observado,184,219
4310579,INF-DIG-01-NUM,83,2026-06,observado,83,87
4310603,INF-DIG-01-NUM,7884,2026-06,observado,7884,8531
4310652,INF-DIG-01-NUM,774,2026-06,observado,774,1536
4310702,INF-DIG-01-NUM,129,2026-06,observado,129,160
4310751,INF-DIG-01-NUM,89,2026-06,observado,89,149
4310801,INF-DIG-01-NUM,9592,2026-06,observado,9592,10037
4310850,INF-DIG-01-NUM,693,2026-06,observado,693,1267
4310876,INF-DIG-01-NUM,178,2026-06,observado,178,435
4310900,INF-DIG-01-NUM,800,2026-06,observado,800,1025
4311007,INF-DIG-01-NUM,6049,2026-06,observado,6049,7386
4311106,INF-DIG-01-NUM,1127,2026-06,observado,1127,2115
4311122,INF-DIG-01-NUM,484,2026-06,observado,484,664
4311130,INF-DIG-01-NUM,412,2026-06,observado,412,908
4311155,INF-DIG-01-NUM,1356,2026-06,observado,1356,2497
4311205,INF-DIG-01-NUM,5201,2026-06,observado,5201,5762
4311239,INF-DIG-01-NUM,424,2026-06,observado,424,715
4311254,INF-DIG-01-NUM,732,2026-06,observado,732,961
4311270,INF-DIG-01-NUM,607,2026-06,observado,607,641
4311304,INF-DIG-01-NUM,6785,2026-06,observado,6785,7718
4311403,INF-DIG-01-NUM,41232,2026-06,observado,41232,42428
4311429,INF-DIG-01-NUM,697,2026-06,observado,697,818
4311502,INF-DIG-01-NUM,1574,2026-06,observado,1574,2307
4311601,INF-DIG-01-NUM,837,2026-06,observado,837,1344
4311627,INF-DIG-01-NUM,2334,2026-06,observado,2334,2360
4311643,INF-DIG-01-NUM,498,2026-06,observado,498,547
4311700,INF-DIG-01-NUM,423,2026-06,observado,423,644
4311718,INF-DIG-01-NUM,679,2026-06,observado,679,1080
4311734,INF-DIG-01-NUM,952,2026-06,observado,952,1823
4311759,INF-DIG-01-NUM,1031,2026-06,observado,1031,1377
4311775,INF-DIG-01-NUM,1937,2026-06,observado,1937,2101
4311791,INF-DIG-01-NUM,766,2026-06,observado,766,823
4311809,INF-DIG-01-NUM,12726,2026-06,observado,12726,18530
4311908,INF-DIG-01-NUM,1003,2026-06,observado,1003,1401
4311981,INF-DIG-01-NUM,566,2026-06,observado,566,820
4312005,INF-DIG-01-NUM,512,2026-06,observado,512,838
4312054,INF-DIG-01-NUM,127,2026-06,observado,127,857
4312104,INF-DIG-01-NUM,790,2026-06,observado,790,983
4312138,INF-DIG-01-NUM,537,2026-06,observado,537,582
4312153,INF-DIG-01-NUM,922,2026-06,observado,922,945
4312179,INF-DIG-01-NUM,167,2026-06,observado,167,364
4312203,INF-DIG-01-NUM,894,2026-06,observado,894,1209
4312252,INF-DIG-01-NUM,587,2026-06,observado,587,1016
4312302,INF-DIG-01-NUM,731,2026-06,observado,731,934
4312351,INF-DIG-01-NUM,149,2026-06,observado,149,159
4312377,INF-DIG-01-NUM,415,2026-06,observado,415,527
4312385,INF-DIG-01-NUM,125,2026-06,observado,125,253
4312401,INF-DIG-01-NUM,23713,2026-06,observado,23713,24159
4312427,INF-DIG-01-NUM,688,2026-06,observado,688,768
4312443,INF-DIG-01-NUM,764,2026-06,observado,764,1517
4312450,INF-DIG-01-NUM,1662,2026-06,observado,1662,2318
4312476,INF-DIG-01-NUM,2317,2026-06,observado,2317,2431
4312500,INF-DIG-01-NUM,4074,2026-06,observado,4074,5925
4312609,INF-DIG-01-NUM,1062,2026-06,observado,1062,1454
4312617,INF-DIG-01-NUM,689,2026-06,observado,689,821
4312625,INF-DIG-01-NUM,81,2026-06,observado,81,208
4312658,INF-DIG-01-NUM,4357,2026-06,observado,4357,5254
4312674,INF-DIG-01-NUM,349,2026-06,observado,349,358
4312708,INF-DIG-01-NUM,5354,2026-06,observado,5354,5810
4312757,INF-DIG-01-NUM,280,2026-06,observado,280,408
4312807,INF-DIG-01-NUM,913,2026-06,observado,913,1940
4312906,INF-DIG-01-NUM,658,2026-06,observado,658,1110
4312955,INF-DIG-01-NUM,433,2026-06,observado,433,688
4313003,INF-DIG-01-NUM,301,2026-06,observado,301,311
4313011,INF-DIG-01-NUM,831,2026-06,observado,831,1156
4313037,INF-DIG-01-NUM,1423,2026-06,observado,1423,1734
4313060,INF-DIG-01-NUM,5022,2026-06,observado,5022,8268
4313086,INF-DIG-01-NUM,611,2026-06,observado,611,804
4313102,INF-DIG-01-NUM,734,2026-06,observado,734,1281
4313201,INF-DIG-01-NUM,8083,2026-06,observado,8083,9633
4313300,INF-DIG-01-NUM,855,2026-06,observado,855,1164
4313334,INF-DIG-01-NUM,183,2026-06,observado,183,655
4313359,INF-DIG-01-NUM,419,2026-06,observado,419,508
4313375,INF-DIG-01-NUM,7700,2026-06,observado,7700,7817
4313391,INF-DIG-01-NUM,699,2026-06,observado,699,1129
4313409,INF-DIG-01-NUM,81724,2026-06,observado,81724,95373
4313425,INF-DIG-01-NUM,48,2026-06,observado,48,799
4313441,INF-DIG-01-NUM,400,2026-06,observado,400,709
4313466,INF-DIG-01-NUM,402,2026-06,observado,402,436
4313490,INF-DIG-01-NUM,287,2026-06,observado,287,548
4313508,INF-DIG-01-NUM,21223,2026-06,observado,21223,22153
4313607,INF-DIG-01-NUM,839,2026-06,observado,839,969
4313656,INF-DIG-01-NUM,3463,2026-06,observado,3463,5336
4313706,INF-DIG-01-NUM,5655,2026-06,observado,5655,12508
4313805,INF-DIG-01-NUM,1203,2026-06,observado,1203,2214
4313904,INF-DIG-01-NUM,9828,2026-06,observado,9828,15934
4313953,INF-DIG-01-NUM,1421,2026-06,observado,1421,2728
4314001,INF-DIG-01-NUM,1230,2026-06,observado,1230,2604
4314027,INF-DIG-01-NUM,587,2026-06,observado,587,1845
4314035,INF-DIG-01-NUM,1204,2026-06,observado,1204,1229
4314050,INF-DIG-01-NUM,13826,2026-06,observado,13826,19447
4314068,INF-DIG-01-NUM,813,2026-06,observado,813,1143
4314076,INF-DIG-01-NUM,310,2026-06,observado,310,604
4314100,INF-DIG-01-NUM,73931,2026-06,observado,73931,89244
4314134,INF-DIG-01-NUM,482,2026-06,observado,482,611
4314159,INF-DIG-01-NUM,1179,2026-06,observado,1179,2152
4314175,INF-DIG-01-NUM,354,2026-06,observado,354,398
4314209,INF-DIG-01-NUM,846,2026-06,observado,846,1285
4314308,INF-DIG-01-NUM,1147,2026-06,observado,1147,1282
4314407,INF-DIG-01-NUM,122593,2026-06,observado,122593,132397
4314423,INF-DIG-01-NUM,2038,2026-06,observado,2038,2194
4314456,INF-DIG-01-NUM,906,2026-06,observado,906,1429
4314464,INF-DIG-01-NUM,857,2026-06,observado,857,975
4314472,INF-DIG-01-NUM,143,2026-06,observado,143,256
4314498,INF-DIG-01-NUM,966,2026-06,observado,966,1672
4314506,INF-DIG-01-NUM,2170,2026-06,observado,2170,3079
4314548,INF-DIG-01-NUM,148,2026-06,observado,148,208
4314555,INF-DIG-01-NUM,156,2026-06,observado,156,308
4314605,INF-DIG-01-NUM,2479,2026-06,observado,2479,3888
4314704,INF-DIG-01-NUM,4160,2026-06,observado,4160,4894
4314753,INF-DIG-01-NUM,571,2026-06,observado,571,598
4314779,INF-DIG-01-NUM,820,2026-06,observado,820,1587
4314787,INF-DIG-01-NUM,122,2026-06,observado,122,183
4314803,INF-DIG-01-NUM,8479,2026-06,observado,8479,9449
4314902,INF-DIG-01-NUM,583891,2026-06,observado,583891,615902
4315008,INF-DIG-01-NUM,590,2026-06,observado,590,870
4315057,INF-DIG-01-NUM,160,2026-06,observado,160,282
4315073,INF-DIG-01-NUM,101,2026-06,observado,101,372
4315107,INF-DIG-01-NUM,1774,2026-06,observado,1774,2336
4315131,INF-DIG-01-NUM,29,2026-06,observado,29,357
4315149,INF-DIG-01-NUM,1266,2026-06,observado,1266,1320
4315156,INF-DIG-01-NUM,935,2026-06,observado,935,1219
4315172,INF-DIG-01-NUM,1,2026-06,observado,1,3
4315206,INF-DIG-01-NUM,367,2026-06,observado,367,382
4315305,INF-DIG-01-NUM,6554,2026-06,observado,6554,8143
4315313,INF-DIG-01-NUM,372,2026-06,observado,372,463
4315321,INF-DIG-01-NUM,175,2026-06,observado,175,459
4315354,INF-DIG-01-NUM,1701,2026-06,observado,1701,1904
4315404,INF-DIG-01-NUM,503,2026-06,observado,503,817
4315453,INF-DIG-01-NUM,245,2026-06,observado,245,262
4315503,INF-DIG-01-NUM,2631,2026-06,observado,2631,4182
4315552,INF-DIG-01-NUM,811,2026-06,observado,811,1238
4315602,INF-DIG-01-NUM,61151,2026-06,observado,61151,81783
4315701,INF-DIG-01-NUM,4966,2026-06,observado,4966,7051
4315750,INF-DIG-01-NUM,694,2026-06,observado,694,1229
4315800,INF-DIG-01-NUM,1795,2026-06,observado,1795,1876
4315909,INF-DIG-01-NUM,1759,2026-06,observado,1759,2882
4315958,INF-DIG-01-NUM,143,2026-06,observado,143,258
4316006,INF-DIG-01-NUM,5865,2026-06,observado,5865,8280
4316105,INF-DIG-01-NUM,2467,2026-06,observado,2467,2896
4316204,INF-DIG-01-NUM,881,2026-06,observado,881,1248
4316303,INF-DIG-01-NUM,547,2026-06,observado,547,850
4316402,INF-DIG-01-NUM,9271,2026-06,observado,9271,12493
4316428,INF-DIG-01-NUM,613,2026-06,observado,613,871
4316436,INF-DIG-01-NUM,897,2026-06,observado,897,1089
4316451,INF-DIG-01-NUM,2187,2026-06,observado,2187,2546
4316477,INF-DIG-01-NUM,236,2026-06,observado,236,703
4316501,INF-DIG-01-NUM,1996,2026-06,observado,1996,3270
4316600,INF-DIG-01-NUM,3852,2026-06,observado,3852,4418
4316709,INF-DIG-01-NUM,2769,2026-06,observado,2769,3599
4316733,INF-DIG-01-NUM,215,2026-06,observado,215,226
4316758,INF-DIG-01-NUM,1873,2026-06,observado,1873,1940
4316808,INF-DIG-01-NUM,47968,2026-06,observado,47968,50819
4316907,INF-DIG-01-NUM,103414,2026-06,observado,103414,107829
4316956,INF-DIG-01-NUM,2251,2026-06,observado,2251,2658
4316972,INF-DIG-01-NUM,758,2026-06,observado,758,1305
4317004,INF-DIG-01-NUM,1369,2026-06,observado,1369,1849
4317103,INF-DIG-01-NUM,29903,2026-06,observado,29903,31024
4317202,INF-DIG-01-NUM,29180,2026-06,observado,29180,30450
4317251,INF-DIG-01-NUM,151,2026-06,observado,151,339
4317301,INF-DIG-01-NUM,11500,2026-06,observado,11500,13458
4317400,INF-DIG-01-NUM,9448,2026-06,observado,9448,13979
4317509,INF-DIG-01-NUM,27507,2026-06,observado,27507,30593
4317558,INF-DIG-01-NUM,208,2026-06,observado,208,368
4317608,INF-DIG-01-NUM,12053,2026-06,observado,12053,17157
4317707,INF-DIG-01-NUM,1856,2026-06,observado,1856,2812
4317756,INF-DIG-01-NUM,596,2026-06,observado,596,1216
4317806,INF-DIG-01-NUM,2604,2026-06,observado,2604,4798
4317905,INF-DIG-01-NUM,2776,2026-06,observado,2776,4005
4317954,INF-DIG-01-NUM,396,2026-06,observado,396,684
4318002,INF-DIG-01-NUM,18431,2026-06,observado,18431,19320
4318051,INF-DIG-01-NUM,140,2026-06,observado,140,233
4318101,INF-DIG-01-NUM,1744,2026-06,observado,1744,3047
4318200,INF-DIG-01-NUM,4868,2026-06,observado,4868,6659
4318309,INF-DIG-01-NUM,15275,2026-06,observado,15275,22343
4318408,INF-DIG-01-NUM,5829,2026-06,observado,5829,7636
4318424,INF-DIG-01-NUM,418,2026-06,observado,418,637
4318432,INF-DIG-01-NUM,615,2026-06,observado,615,834
4318440,INF-DIG-01-NUM,252,2026-06,observado,252,498
4318457,INF-DIG-01-NUM,413,2026-06,observado,413,637
4318465,INF-DIG-01-NUM,161,2026-06,observado,161,310
4318481,INF-DIG-01-NUM,1443,2026-06,observado,1443,1527
4318499,INF-DIG-01-NUM,615,2026-06,observado,615,922
4318507,INF-DIG-01-NUM,2662,2026-06,observado,2662,4390
4318606,INF-DIG-01-NUM,1692,2026-06,observado,1692,2184
4318614,INF-DIG-01-NUM,825,2026-06,observado,825,940
4318622,INF-DIG-01-NUM,755,2026-06,observado,755,1357
4318705,INF-DIG-01-NUM,58342,2026-06,observado,58342,88748
4318804,INF-DIG-01-NUM,8970,2026-06,observado,8970,11211
4318903,INF-DIG-01-NUM,8523,2026-06,observado,8523,11295
4319000,INF-DIG-01-NUM,7317,2026-06,observado,7317,7428
4319109,INF-DIG-01-NUM,451,2026-06,observado,451,845
4319125,INF-DIG-01-NUM,115,2026-06,observado,115,383
4319158,INF-DIG-01-NUM,1006,2026-06,observado,1006,1975
4319208,INF-DIG-01-NUM,450,2026-06,observado,450,654
4319307,INF-DIG-01-NUM,472,2026-06,observado,472,1579
4319356,INF-DIG-01-NUM,859,2026-06,observado,859,1560
4319364,INF-DIG-01-NUM,509,2026-06,observado,509,610
4319372,INF-DIG-01-NUM,594,2026-06,observado,594,826
4319406,INF-DIG-01-NUM,2734,2026-06,observado,2734,3756
4319505,INF-DIG-01-NUM,4347,2026-06,observado,4347,4721
4319604,INF-DIG-01-NUM,2343,2026-06,observado,2343,4133
4319703,INF-DIG-01-NUM,319,2026-06,observado,319,336
4319711,INF-DIG-01-NUM,679,2026-06,observado,679,1355
4319737,INF-DIG-01-NUM,38,2026-06,observado,38,349
4319752,INF-DIG-01-NUM,647,2026-06,observado,647,755
4319802,INF-DIG-01-NUM,177,2026-06,observado,177,262
4319901,INF-DIG-01-NUM,13842,2026-06,observado,13842,14697
4320008,INF-DIG-01-NUM,32805,2026-06,observado,32805,43850
4320107,INF-DIG-01-NUM,6879,2026-06,observado,6879,10606
4320206,INF-DIG-01-NUM,2906,2026-06,observado,2906,3907
4320230,INF-DIG-01-NUM,162,2026-06,observado,162,429
4320263,INF-DIG-01-NUM,691,2026-06,observado,691,1133
4320305,INF-DIG-01-NUM,1690,2026-06,observado,1690,1904
4320321,INF-DIG-01-NUM,290,2026-06,observado,290,483
4320354,INF-DIG-01-NUM,507,2026-06,observado,507,993
4320404,INF-DIG-01-NUM,3299,2026-06,observado,3299,7024
4320453,INF-DIG-01-NUM,226,2026-06,observado,226,291
4320503,INF-DIG-01-NUM,1858,2026-06,observado,1858,2467
4320552,INF-DIG-01-NUM,1053,2026-06,observado,1053,2019
4320578,INF-DIG-01-NUM,206,2026-06,observado,206,356
4320602,INF-DIG-01-NUM,765,2026-06,observado,765,1171
4320651,INF-DIG-01-NUM,173,2026-06,observado,173,216
4320677,INF-DIG-01-NUM,570,2026-06,observado,570,752
4320701,INF-DIG-01-NUM,3559,2026-06,observado,3559,4637
4320800,INF-DIG-01-NUM,10211,2026-06,observado,10211,10822
4320859,INF-DIG-01-NUM,1129,2026-06,observado,1129,1813
4320909,INF-DIG-01-NUM,5968,2026-06,observado,5968,7581
4321006,INF-DIG-01-NUM,3153,2026-06,observado,3153,3439
4321105,INF-DIG-01-NUM,3668,2026-06,observado,3668,4604
4321204,INF-DIG-01-NUM,9273,2026-06,observado,9273,10621
4321303,INF-DIG-01-NUM,6172,2026-06,observado,6172,8828
4321329,INF-DIG-01-NUM,643,2026-06,observado,643,810
4321352,INF-DIG-01-NUM,931,2026-06,observado,931,1248
4321402,INF-DIG-01-NUM,2910,2026-06,observado,2910,4022
4321436,INF-DIG-01-NUM,3301,2026-06,observado,3301,4391
4321451,INF-DIG-01-NUM,9642,2026-06,observado,9642,15251
4321469,INF-DIG-01-NUM,1042,2026-06,observado,1042,1119
4321477,INF-DIG-01-NUM,59,2026-06,observado,59,180
4321493,INF-DIG-01-NUM,417,2026-06,observado,417,951
4321501,INF-DIG-01-NUM,16352,2026-06,observado,16352,25507
4321600,INF-DIG-01-NUM,35022,2026-06,observado,35022,35494
4321626,INF-DIG-01-NUM,17,2026-06,observado,17,418
4321634,INF-DIG-01-NUM,753,2026-06,observado,753,927
4321667,INF-DIG-01-NUM,1815,2026-06,observado,1815,2597
4321709,INF-DIG-01-NUM,4509,2026-06,observado,4509,4570
4321808,INF-DIG-01-NUM,6566,2026-06,observado,6566,7900
4321832,INF-DIG-01-NUM,764,2026-06,observado,764,1532
4321857,INF-DIG-01-NUM,1111,2026-06,observado,1111,1407
4321907,INF-DIG-01-NUM,4752,2026-06,observado,4752,6396
4321956,INF-DIG-01-NUM,1871,2026-06,observado,1871,2735
4322004,INF-DIG-01-NUM,6569,2026-06,observado,6569,7814
4322103,INF-DIG-01-NUM,1189,2026-06,observado,1189,1347
4322152,INF-DIG-01-NUM,222,2026-06,observado,222,900
4322186,INF-DIG-01-NUM,73,2026-06,observado,73,672
4322202,INF-DIG-01-NUM,5032,2026-06,observado,5032,6221
4322251,INF-DIG-01-NUM,1085,2026-06,observado,1085,1791
4322301,INF-DIG-01-NUM,1936,2026-06,observado,1936,2503
4322327,INF-DIG-01-NUM,446,2026-06,observado,446,935
4322343,INF-DIG-01-NUM,146,2026-06,observado,146,263
4322350,INF-DIG-01-NUM,15,2026-06,observado,15,33
4322376,INF-DIG-01-NUM,162,2026-06,observado,162,521
4322400,INF-DIG-01-NUM,38805,2026-06,observado,38805,39711
4322509,INF-DIG-01-NUM,24170,2026-06,observado,24170,26585
4322525,INF-DIG-01-NUM,1036,2026-06,observado,1036,1343
4322533,INF-DIG-01-NUM,418,2026-06,observado,418,835
4322541,INF-DIG-01-NUM,1680,2026-06,observado,1680,1981
4322558,INF-DIG-01-NUM,208,2026-06,observado,208,403
4322608,INF-DIG-01-NUM,15901,2026-06,observado,15901,17574
4322707,INF-DIG-01-NUM,3273,2026-06,observado,3273,3982
4322806,INF-DIG-01-NUM,3596,2026-06,observado,3596,4776
4322855,INF-DIG-01-NUM,107,2026-06,observado,107,222
4322905,INF-DIG-01-NUM,706,2026-06,observado,706,1034
4323002,INF-DIG-01-NUM,68228,2026-06,observado,68228,74519
4323101,INF-DIG-01-NUM,795,2026-06,observado,795,1243
4323200,INF-DIG-01-NUM,781,2026-06,observado,781,851
4323309,INF-DIG-01-NUM,51,2026-06,observado,51,66
4323358,INF-DIG-01-NUM,342,2026-06,observado,342,369
4323408,INF-DIG-01-NUM,549,2026-06,observado,549,825
4323457,INF-DIG-01-NUM,815,2026-06,observado,815,1019
4323507,INF-DIG-01-NUM,526,2026-06,observado,526,758
4323606,INF-DIG-01-NUM,1,2026-06,observado,1,3
4323705,INF-DIG-01-NUM,542,2026-06,observado,542,886
4323754,INF-DIG-01-NUM,909,2026-06,observado,909,991
4323770,INF-DIG-01-NUM,780,2026-06,observado,780,984
4323804,INF-DIG-01-NUM,12179,2026-06,observado,12179,12569
