municipio_id,periodo_referencia,competitividade_cnpj,competitividade_hibrida,diferenca_absoluta,cnpjs,unidades_hibridas
4100103,2026-06,0.469897428274,0.469897428274,0,17,16
4100202,2026-06,0.726639302923,0.726639302923,0,12,11
4100301,2026-06,0.534474020971,0.534474020971,0,12,11
4100400,2026-06,0.737422375978,0.737078244733,0.000344131245,37,33
4100459,2026-06,0.717822843629,0.717822843629,0,11,10
4100509,2026-06,0.529969161349,0.529969161349,0,13,12
4100608,2026-06,0.503752483869,0.503752483869,0,13,12
4100707,2026-06,0.094794094794,0.094794094794,0,11,10
4100806,2026-06,0.639879270773,0.639879270773,0,14,13
4100905,2026-06,0.275777120846,0.275777120846,0,9,8
4101002,2026-06,0.249868094558,0.249868094558,0,13,12
4101051,2026-06,0.470509594212,0.470509594212,0,10,9
4101101,2026-06,0.668173935444,0.666984552917,0.001189382527,20,18
4101150,2026-06,0.715456507371,0.715456507371,0,15,14
4101200,2026-06,0.624765288039,0.624765288039,0,16,15
4101309,2026-06,0.626737566615,0.626737566615,0,12,11
4101408,2026-06,0.744443425658,0.744031857647,0.000411568012,36,31
4101507,2026-06,0.821709009806,0.821229799837,0.000479209969,43,37
4101606,2026-06,0.573864711823,0.573864711823,0,16,15
4101655,2026-06,0.186409691198,0.186409691198,0,9,8
4101705,2026-06,0.753073195585,0.753073195585,0,18,17
4101804,2026-06,0.875000259071,0.874592617648,0.000407641423,48,45
4101853,2026-06,0.565192743764,0.565192743764,0,10,9
4101903,2026-06,0.707771385261,0.707771385261,0,14,13
4102000,2026-06,0.617944232295,0.617944232295,0,20,19
4102109,2026-06,0.564027153219,0.563385966462,0.000641186757,20,17
4102208,2026-06,0.573451688603,0.573451688603,0,14,13
4102307,2026-06,0.596881756216,0.596881756216,0,14,13
4102406,2026-06,0.528653758638,0.528653758638,0,18,16
4102505,2026-06,0.614385100866,0.614385100866,0,17,16
4102604,2026-06,0.71743723294,0.71743723294,0,18,17
4102703,2026-06,0.216020899167,0.216020899167,0,12,11
4102752,2026-06,0.049730581368,0.049730581368,0,11,10
4102802,2026-06,0.289278140894,0.289278140894,0,17,16
4102901,2026-06,0.470100148418,0.470100148418,0,15,14
4103008,2026-06,0.579788833573,0.579788833573,0,15,14
4103024,2026-06,0.576103936195,0.576103936195,0,10,9
4103040,2026-06,0.474063614744,0.474063614744,0,10,9
4103057,2026-06,0.442071759259,0.442071759259,0,13,12
4103107,2026-06,0.714949753472,0.714949753472,0,16,15
4103156,2026-06,0.681603058861,0.681603058861,0,12,11
4103206,2026-06,0.61790551377,0.61790551377,0,13,12
4103222,2026-06,0.298438934803,0.298438934803,0,7,6
4103305,2026-06,0.636684258815,0.636684258815,0,12,11
4103354,2026-06,0.552190716236,0.552190716236,0,14,13
4103370,2026-06,0.219457616282,0.219457616282,0,8,7
4103404,2026-06,0.572018191599,0.572018191599,0,10,9
4103453,2026-06,0.567209271635,0.567209271635,0,18,17
4103479,2026-06,0.556428306906,0.556428306906,0,11,10
4103503,2026-06,0.668372454609,0.668372454609,0,12,11
4103602,2026-06,0.307139791023,0.307139791023,0,15,14
4103701,2026-06,0.775959443665,0.774278411875,0.001681031791,45,41
4103800,2026-06,0.771048748641,0.771048748641,0,16,15
4103909,2026-06,0.699529490841,0.699529490841,0,18,17
4103958,2026-06,0.560584789049,0.560584789049,0,13,12
4104006,2026-06,0.723969816823,0.723797744721,0.000172072102,36,32
4104055,2026-06,0.324888946281,0.324888946281,0,9,8
4104105,2026-06,0.566422438849,0.566422438849,0,13,12
4104204,2026-06,0.748204952874,0.748150657992,0.000054294882,36,32
4104253,2026-06,0.646368634539,0.646368570993,0.000000063546,18,16
4104303,2026-06,0.797896335923,0.797143807086,0.000752528837,39,34
4104402,2026-06,0.382348652151,0.382348652151,0,14,13
4104428,2026-06,0.765513743203,0.765513743203,0,21,20
4104451,2026-06,0.272282365214,0.272282365214,0,13,12
4104501,2026-06,0.602944764811,0.602944764811,0,15,14
4104600,2026-06,0.590520917624,0.590520917624,0,12,11
4104659,2026-06,0.550047284749,0.550047284749,0,18,17
4104709,2026-06,0.619724390469,0.619724390469,0,15,14
4104808,2026-06,0.856136799598,0.855664671633,0.000472127965,133,129
4104907,2026-06,0.896890320796,0.896821675455,0.000068645341,40,37
4105003,2026-06,0.564733185474,0.564733185474,0,14,13
4105102,2026-06,0.750068775873,0.750068775873,0,14,13
4105201,2026-06,0.669153185232,0.669153185232,0,13,12
4105300,2026-06,0.531863854894,0.531863854894,0,15,14
4105409,2026-06,0.360619666823,0.360619666823,0,18,17
4105508,2026-06,0.770435150331,0.76911092965,0.001324220682,30,26
4105607,2026-06,0.044831164803,0.044831164803,0,11,10
4105706,2026-06,0.467827300599,0.467827300599,0,17,16
4105805,2026-06,0.738328257531,0.737566995894,0.000761261637,51,47
4105904,2026-06,0.81146189571,0.811381341345,0.000080554365,19,17
4106001,2026-06,0.619440259059,0.619440259059,0,15,14
4106100,2026-06,0.641632653061,0.641632653061,0,9,8
4106209,2026-06,0.787621460195,0.787621460195,0,15,14
4106308,2026-06,0.594182563019,0.594182563019,0,13,12
4106407,2026-06,0.643564849466,0.64325406153,0.000310787935,23,20
4106456,2026-06,0.454489165441,0.454489165441,0,12,11
4106506,2026-06,0.570940843413,0.570940843413,0,17,16
4106555,2026-06,0.11177029621,0.11177029621,0,9,8
4106571,2026-06,0.433574384156,0.433574384156,0,11,10
4106605,2026-06,0.711386408644,0.711386408644,0,16,15
4106704,2026-06,0.685967347478,0.685967347478,0,14,13
4106803,2026-06,0.591203325145,0.591203325145,0,15,14
4106852,2026-06,0.650556789553,0.650556789553,0,10,9
4106902,2026-06,0.80082646818,0.799400396129,0.001426072052,194,188
4107009,2026-06,0.652640850229,0.652640850229,0,16,15
4107108,2026-06,0.464057300058,0.464057300058,0,9,8
4107124,2026-06,0.687427136922,0.687427136922,0,10,9
4107157,2026-06,0.679223379106,0.679223379106,0,15,14
4107207,2026-06,0.553787108171,0.553787108171,0,22,21
4107256,2026-06,0.600310096513,0.600310096513,0,13,12
4107306,2026-06,0.609106445312,0.609106445312,0,12,11
4107405,2026-06,0.192853959467,0.192853959467,0,10,9
4107504,2026-06,0.664988235557,0.664988235557,0,15,14
4107520,2026-06,0.129459486697,0.129459486697,0,8,7
4107538,2026-06,0.422644880392,0.422644880392,0,14,13
4107546,2026-06,0.604023205209,0.604023205209,0,12,11
4107553,2026-06,0.155996612752,0.155996612752,0,9,8
4107603,2026-06,0.635766416406,0.635766416406,0,15,14
4107652,2026-06,0.815012935493,0.814903153578,0.000109781915,37,34
4107702,2026-06,0.745793753234,0.745793753234,0,12,11
4107736,2026-06,0.772843929004,0.772843929004,0,15,14
4107751,2026-06,0.71703298955,0.71703298955,0,12,11
4107801,2026-06,0.746781571449,0.746781571449,0,10,9
4107850,2026-06,0.653282680625,0.653282680625,0,15,14
4107900,2026-06,0.660214860533,0.659535288188,0.000679572345,16,14
4108007,2026-06,0.604357250437,0.604357250437,0,15,14
4108106,2026-06,0.761840927061,0.761840927061,0,11,10
4108205,2026-06,0.521118589101,0.521118589101,0,13,12
4108304,2026-06,0.86652474716,0.866183940806,0.000340806354,49,46
4108320,2026-06,0.689443866343,0.689443866343,0,10,9
4108403,2026-06,0.830638249775,0.830606653764,0.00003159601,33,30
4108452,2026-06,0.735224809124,0.735224809124,0,11,10
4108502,2026-06,0.762159352491,0.762159352491,0,14,13
4108551,2026-06,0.565314367477,0.565314367477,0,8,7
4108601,2026-06,0.677848589237,0.677848589237,0,15,14
4108650,2026-06,0.221973017745,0.221973017745,0,10,9
4108700,2026-06,0.448161007602,0.448161007602,0,12,11
4108809,2026-06,0.163185932543,0.163185932543,0,23,22
4108908,2026-06,0.583082242883,0.583082242883,0,14,13
4108957,2026-06,0.55782497639,0.55782497639,0,12,11
4109005,2026-06,0.253188428377,0.253188428377,0,11,10
4109104,2026-06,0.075272391505,0.075272391505,0,7,6
4109203,2026-06,0.68126921475,0.68126921475,0,11,10
4109302,2026-06,0.501040516875,0.501040516875,0,14,13
4109401,2026-06,0.798486864251,0.79778790387,0.000698960381,45,41
4109500,2026-06,0.7030749377,0.7030749377,0,10,9
4109609,2026-06,0.537288247945,0.537271223564,0.000017024381,24,21
4109658,2026-06,0.597349930152,0.597349930152,0,12,11
4109708,2026-06,0.784445184304,0.784445184304,0,17,16
4109757,2026-06,0.253667178066,0.253667178066,0,9,8
4109807,2026-06,0.424293430414,0.423894738064,0.000398692349,29,25
4109906,2026-06,0.637176049095,0.637176049095,0,13,12
4110003,2026-06,0.695688307362,0.695688307362,0,14,13
4110052,2026-06,0.37509340942,0.37509340942,0,9,8
4110078,2026-06,0.641640075614,0.641640075614,0,16,15
4110102,2026-06,0.697749926996,0.697749926996,0,21,20
4110201,2026-06,0.505090453442,0.505090453442,0,15,14
4110300,2026-06,0.579002097093,0.579002097093,0,12,11
4110409,2026-06,0.43889384912,0.43889384912,0,14,13
4110508,2026-06,0.38266182195,0.38266182195,0,21,20
4110607,2026-06,0.552282588394,0.552282588394,0,14,13
4110656,2026-06,0.571459350761,0.571459350761,0,8,7
4110706,2026-06,0.797942015199,0.79790488201,0.000037133189,30,27
4110805,2026-06,0.42546840136,0.42546840136,0,12,11
4110904,2026-06,0.522432084077,0.522432084077,0,12,11
4110953,2026-06,0.532389939382,0.532389939382,0,16,15
4111001,2026-06,0.665144756428,0.665144756428,0,11,10
4111100,2026-06,0.414270183778,0.414270183778,0,12,11
4111209,2026-06,0.518726881979,0.518726881979,0,15,14
4111258,2026-06,0.547403385269,0.547403385269,0,20,19
4111308,2026-06,0.499160493827,0.499160493827,0,10,9
4111407,2026-06,0.719146482122,0.719146482122,0,17,16
4111506,2026-06,0.296638277095,0.296638277095,0,19,18
4111555,2026-06,0.380586236061,0.380586236061,0,9,8
4111605,2026-06,0.457866236341,0.457866236341,0,14,13
4111704,2026-06,0.553650655864,0.553650655864,0,12,11
4111803,2026-06,0.655675960484,0.655675960484,0,20,19
4111902,2026-06,0.11944972024,0.11944972024,0,16,15
4112009,2026-06,0.33284696664,0.33284696664,0,19,18
4112108,2026-06,0.820978043981,0.820663856519,0.000314187462,23,20
4112207,2026-06,0.692166920711,0.692166920711,0,12,11
4112306,2026-06,0.422460378487,0.422460378487,0,13,12
4112405,2026-06,0.305466591358,0.305466591358,0,12,11
4112504,2026-06,0.725700301907,0.725700301907,0,15,14
4112603,2026-06,0.242222222222,0.242222222222,0,7,6
4112702,2026-06,0.560038937862,0.560038937862,0,18,16
4112751,2026-06,0.604277417726,0.604277417726,0,9,8
4112801,2026-06,0.724539665439,0.724539665439,0,14,13
4112900,2026-06,0.712438954323,0.712438954323,0,12,11
4112959,2026-06,0.680421669071,0.680421669071,0,13,12
4113007,2026-06,0.439221541342,0.439221541342,0,13,12
4113106,2026-06,0.619140625,0.619140625,0,12,11
4113205,2026-06,0.532201015939,0.532201015939,0,19,18
4113254,2026-06,0.70969689651,0.70969689651,0,12,11
4113304,2026-06,0.741396916737,0.741396916737,0,24,23
4113403,2026-06,0.289220663894,0.289220663894,0,13,12
4113429,2026-06,0.701240898004,0.701240898004,0,12,11
4113452,2026-06,0.667322076922,0.667322076922,0,15,14
4113502,2026-06,0.535119066944,0.535119066944,0,19,18
4113601,2026-06,0.508586339691,0.508586339691,0,11,10
4113700,2026-06,0.783720316157,0.779714091811,0.004006224346,90,85
4113734,2026-06,0.605075920467,0.605075920467,0,16,15
4113759,2026-06,0.683599770996,0.683599770996,0,12,11
4113809,2026-06,0.615511531288,0.615511531288,0,12,11
4113908,2026-06,0.722241438948,0.722241438948,0,18,17
4114005,2026-06,0.350543375149,0.350543375149,0,14,13
4114104,2026-06,0.80704096328,0.80704096328,0,24,23
4114203,2026-06,0.692199397539,0.692197828151,0.000001569388,22,20
4114302,2026-06,0.605810432315,0.60580483062,0.000005601695,21,19
4114351,2026-06,0.370294578963,0.370294578963,0,9,8
4114401,2026-06,0.547029781934,0.547029781934,0,23,22
4114500,2026-06,0.624468517681,0.624468517681,0,15,14
4114609,2026-06,0.556669140266,0.556626081145,0.00004305912,26,23
4114708,2026-06,0.581735903886,0.581735903886,0,11,10
4114807,2026-06,0.636279341353,0.636255778651,0.000023562702,33,31
4114906,2026-06,0.748351722401,0.748351722401,0,14,13
4115002,2026-06,0.159679960163,0.159679960163,0,12,11
4115101,2026-06,0.408200052974,0.408200052974,0,9,8
4115200,2026-06,0.874557970023,0.873461760985,0.001096209038,83,79
4115309,2026-06,0.413628502078,0.413628502078,0,10,9
4115358,2026-06,0.668475636223,0.668475636223,0,12,11
4115408,2026-06,0.75049497506,0.75049497506,0,17,16
4115457,2026-06,0.835813492063,0.835813492063,0,13,12
4115507,2026-06,0.292390934232,0.292390934232,0,9,8
4115606,2026-06,0.713826563893,0.713826563893,0,17,16
4115705,2026-06,0.661761001675,0.661747299137,0.000013702538,25,22
4115739,2026-06,0.114054400447,0.114054400447,0,9,8
4115754,2026-06,0.763404015763,0.763404015763,0,14,13
4115804,2026-06,0.57385065946,0.573730093437,0.000120566024,27,24
4115853,2026-06,0.650489358734,0.650489358734,0,13,12
4115903,2026-06,0.749187145558,0.749187145558,0,9,8
4116000,2026-06,0.462649341846,0.462649341846,0,8,7
4116059,2026-06,0.74045428468,0.74045428468,0,15,14
4116109,2026-06,0.146636006786,0.146636006786,0,15,14
4116208,2026-06,0.644253802167,0.644253802167,0,17,16
4116307,2026-06,0.699568230297,0.699568230297,0,14,13
4116406,2026-06,0.754019692313,0.754019692313,0,11,11
4116505,2026-06,0.63720703125,0.63720703125,0,8,7
4116604,2026-06,0.325504,0.325504,0,9,8
4116703,2026-06,0.812537235465,0.812537235465,0,16,15
4116802,2026-06,0.676829571189,0.676829571189,0,13,12
4116901,2026-06,0.579770044014,0.579770044014,0,24,23
4116950,2026-06,0.088936642539,0.088936642539,0,11,10
4117008,2026-06,0.500139026476,0.500139026476,0,11,10
4117057,2026-06,0.569025249731,0.569025249731,0,13,12
4117107,2026-06,0.32264976851,0.32264976851,0,17,16
4117206,2026-06,0.520609355349,0.520609355349,0,10,9
4117214,2026-06,0.756218242399,0.756218242399,0,10,9
4117222,2026-06,0.217832976035,0.217832976035,0,14,13
4117255,2026-06,0.18024400564,0.18024400564,0,9,8
4117271,2026-06,0.684351072327,0.684351072327,0,13,12
4117297,2026-06,0.529981096408,0.529981096408,0,11,10
4117305,2026-06,0.868228561505,0.868228561505,0,23,22
4117404,2026-06,0.790537276135,0.790537276135,0,14,13
4117453,2026-06,0.571442778039,0.571442778039,0,13,12
4117503,2026-06,0.831770041986,0.831382400387,0.000387641599,34,30
4117602,2026-06,0.600505814597,0.600419746543,0.000086068054,28,25
4117701,2026-06,0.821523687066,0.821523687066,0,21,20
4117800,2026-06,0.802956940779,0.802956940779,0,15,14
4117909,2026-06,0.779999296097,0.779999296097,0,18,17
4118006,2026-06,0.119513411152,0.119513411152,0,10,9
4118105,2026-06,0.767140998959,0.767140998959,0,14,13
4118204,2026-06,0.734039572773,0.731981007325,0.002058565448,38,35
4118303,2026-06,0.686566705113,0.686566705113,0,12,11
4118402,2026-06,0.376041499046,0.376041499046,0,28,27
4118451,2026-06,0.697537878,0.697537878,0,15,14
4118501,2026-06,0.605383164949,0.60537253359,0.000010631359,30,26
4118600,2026-06,0.496035998704,0.496035998704,0,16,15
4118709,2026-06,0.39159295375,0.39159295375,0,14,13
4118808,2026-06,0.453338400754,0.453338400754,0,15,14
4118857,2026-06,0.617110796741,0.617110796741,0,13,12
4118907,2026-06,0.605146881905,0.605146881905,0,15,14
4119004,2026-06,0.312797641933,0.312797641933,0,11,10
4119103,2026-06,0.454748341852,0.454748341852,0,18,17
4119152,2026-06,0.774380443606,0.773514219368,0.000866224238,54,50
4119202,2026-06,0.375854320988,0.375854320988,0,9,8
4119251,2026-06,0.500843045665,0.500843045665,0,10,9
4119301,2026-06,0.799135102983,0.799135102983,0,17,16
4119400,2026-06,0.608380681243,0.608380681243,0,17,16
4119509,2026-06,0.869594014979,0.869242768134,0.000351246845,37,33
4119608,2026-06,0.601727540641,0.601727540641,0,26,25
4119657,2026-06,0.742698756084,0.742698756084,0,12,11
4119707,2026-06,0.547437760725,0.547437760725,0,9,8
4119806,2026-06,0.555548990659,0.555548990659,0,21,20
4119905,2026-06,0.882856103636,0.88224465256,0.000611451076,65,61
4119954,2026-06,0.684176337354,0.684176337354,0,21,20
4120002,2026-06,0.472897936294,0.472897936294,0,13,12
4120101,2026-06,0.525133362212,0.525133362212,0,12,11
4120150,2026-06,0.078336627659,0.078336627659,0,11,10
4120200,2026-06,0.814609355308,0.814609355308,0,17,16
4120309,2026-06,0.310650313416,0.310650313416,0,12,11
4120333,2026-06,0.552191466389,0.552191466389,0,13,12
4120358,2026-06,0.52360373585,0.52360373585,0,13,12
4120408,2026-06,0.566315154684,0.566315154684,0,11,10
4120507,2026-06,0.60559178097,0.60559178097,0,15,14
4120606,2026-06,0.684898363873,0.684898363873,0,22,21
4120655,2026-06,0.383654473953,0.383654473953,0,10,9
4120705,2026-06,0.764788305236,0.764788305236,0,13,12
4120804,2026-06,0.778428576304,0.77807365536,0.000354920943,29,25
4120853,2026-06,0.585381880025,0.585381880025,0,15,14
4120903,2026-06,0.643423962674,0.643423962674,0,19,18
4121000,2026-06,0.522573046019,0.522573046019,0,13,12
4121109,2026-06,0.631192789114,0.631192789114,0,11,10
4121208,2026-06,0.48558071574,0.48558071574,0,19,18
4121257,2026-06,0.694152300328,0.694152300328,0,14,13
4121307,2026-06,0.158461596499,0.158461596499,0,16,15
4121356,2026-06,0.463508395048,0.463508395048,0,8,7
4121406,2026-06,0.684220309857,0.684220309857,0,13,12
4121505,2026-06,0.560203676077,0.560203676077,0,23,22
4121604,2026-06,0.690473705918,0.690473705918,0,13,12
4121703,2026-06,0.814454506011,0.814454506011,0,19,18
4121752,2026-06,0.547381053266,0.547381053266,0,12,11
4121802,2026-06,0.648062746767,0.648062746767,0,16,15
4121901,2026-06,0.794742604395,0.793795704471,0.000946899924,17,15
4122008,2026-06,0.621365487658,0.621365487658,0,23,22
4122107,2026-06,0.575678855014,0.575678855014,0,12,11
4122156,2026-06,0.328301969123,0.328301969123,0,21,20
4122172,2026-06,0.42209424484,0.42209424484,0,10,9
4122206,2026-06,0.324828409829,0.324828409829,0,22,21
4122305,2026-06,0.651887853408,0.651887853408,0,19,18
4122404,2026-06,0.765723049003,0.764430488204,0.001292560799,26,22
4122503,2026-06,0.624216912425,0.624216912425,0,13,12
4122602,2026-06,0.124713648834,0.124713648834,0,13,12
4122651,2026-06,0.465139525198,0.465139525198,0,7,6
4122701,2026-06,0.745031629527,0.745031629527,0,17,16
4122800,2026-06,0.628331046874,0.628331046874,0,13,12
4122909,2026-06,0.551091269841,0.551091269841,0,10,9
4123006,2026-06,0.579924170298,0.579924170298,0,22,21
4123105,2026-06,0.629544771635,0.629544771635,0,11,10
4123204,2026-06,0.640055401662,0.640055401662,0,11,10
4123303,2026-06,0.613678154457,0.613678154457,0,12,11
4123402,2026-06,0.685864814199,0.685864814199,0,16,15
4123501,2026-06,0.545195277917,0.545195277917,0,17,16
4123600,2026-06,0.547792586422,0.547792586422,0,10,9
4123709,2026-06,0.630823406682,0.630823406682,0,10,9
4123808,2026-06,0.57457376055,0.57457376055,0,18,17
4123824,2026-06,0.716452766239,0.716452766239,0,11,10
4123857,2026-06,0.845066953473,0.845066953473,0,18,17
4123907,2026-06,0.536962235265,0.536962235265,0,15,14
4123956,2026-06,0.071955473707,0.071955473707,0,9,8
4124004,2026-06,0.652223179801,0.652223179801,0,12,11
4124020,2026-06,0.541002645494,0.541002645494,0,16,15
4124053,2026-06,0.64564847177,0.64564847177,0,14,13
4124103,2026-06,0.784433522884,0.784308583808,0.000124939077,26,24
4124202,2026-06,0.718836565097,0.718836565097,0,12,11
4124301,2026-06,0.2598046875,0.2598046875,0,9,8
4124400,2026-06,0.576405908395,0.576405908395,0,13,12
4124509,2026-06,0.57768538737,0.57768538737,0,12,11
4124608,2026-06,0.543573238055,0.543573238055,0,10,9
4124707,2026-06,0.729605907147,0.729605907147,0,16,15
4124806,2026-06,0.45523962671,0.45523962671,0,19,18
4124905,2026-06,0.74378264902,0.74378264902,0,13,12
4125001,2026-06,0.711890596284,0.711890596284,0,15,14
4125100,2026-06,0.696030770095,0.696030770095,0,14,13
4125209,2026-06,0.298093293157,0.298093293157,0,12,11
4125308,2026-06,0.77689904586,0.77689904586,0,14,13
4125357,2026-06,0.081965632551,0.081965632551,0,13,12
4125407,2026-06,0.505455535748,0.505455535748,0,10,9
4125456,2026-06,0.405091140255,0.405091140255,0,13,12
4125506,2026-06,0.812228212668,0.811364831418,0.000863381249,53,49
4125555,2026-06,0.183913643373,0.183913643373,0,7,6
4125605,2026-06,0.527645441337,0.527645441337,0,21,20
4125704,2026-06,0.705500765428,0.705500765428,0,17,16
4125753,2026-06,0.528693061173,0.528693061173,0,14,13
4125803,2026-06,0.790605366861,0.790069731657,0.000535635204,14,12
4125902,2026-06,0.74459937565,0.74459937565,0,11,11
4126009,2026-06,0.554519511737,0.554483057171,0.000036454566,14,12
4126108,2026-06,0.615784780024,0.615784780024,0,10,9
4126207,2026-06,0.720290460403,0.720290460403,0,13,12
4126256,2026-06,0.677509712491,0.67748570234,0.000024010151,38,34
4126272,2026-06,0.390670552286,0.390670552286,0,13,12
4126306,2026-06,0.542736893615,0.542736893615,0,18,17
4126355,2026-06,0.588444936798,0.588444936798,0,10,9
4126405,2026-06,0.221296626326,0.221296626326,0,11,10
4126504,2026-06,0.406116495772,0.406116495772,0,15,14
4126603,2026-06,0.714959781226,0.714959781226,0,19,18
4126652,2026-06,0.254169101706,0.254169101706,0,12,11
4126678,2026-06,0.553792043896,0.553492455418,0.000299588477,13,11
4126702,2026-06,0.540620704032,0.540620704032,0,9,8
4126801,2026-06,0.596804608641,0.596804608641,0,16,15
4126900,2026-06,0.296792592055,0.296792592055,0,9,8
4127007,2026-06,0.755799850137,0.755799850137,0,19,18
4127106,2026-06,0.851226155493,0.850951766148,0.000274389344,34,29
4127205,2026-06,0.528803013561,0.528803013561,0,14,13
4127304,2026-06,0.635953624151,0.635953624151,0,16,15
4127403,2026-06,0.197991056923,0.197991056923,0,12,11
4127502,2026-06,0.823653943234,0.823653943234,0,25,24
4127601,2026-06,0.554725766916,0.554725766916,0,16,15
4127700,2026-06,0.749921420178,0.749794255008,0.00012716517,33,30
4127809,2026-06,0.590576606444,0.590576606444,0,13,12
4127858,2026-06,0.653498730719,0.653498730719,0,12,11
4127882,2026-06,0.686522400586,0.686522400586,0,11,10
4127908,2026-06,0.648716933903,0.648716933903,0,13,12
4127957,2026-06,0.490525914984,0.490525914984,0,9,8
4127965,2026-06,0.714519552571,0.714519552571,0,14,13
4128005,2026-06,0.540769090073,0.540769090073,0,17,16
4128104,2026-06,0.765047866692,0.764978948407,0.000068918285,35,32
4128203,2026-06,0.812744463714,0.812418252918,0.000326210796,31,28
4128302,2026-06,0.077399807949,0.077399807949,0,9,8
4128401,2026-06,0.047529642019,0.047529642019,0,13,12
4128500,2026-06,0.730196147235,0.729377962337,0.000818184898,19,16
4128534,2026-06,0.741386794214,0.741386794214,0,12,11
4128559,2026-06,0.683201330309,0.683201330309,0,15,14
4128609,2026-06,0.302851702891,0.302851702891,0,16,15
4128625,2026-06,0.153702327188,0.153702327188,0,11,10
4128633,2026-06,0.703503173294,0.703503173294,0,12,11
4128658,2026-06,0.493090315103,0.493090315103,0,11,10
4128708,2026-06,0.643554215385,0.643554215385,0,17,16
4128807,2026-06,0.527796350504,0.527796350504,0,18,17
4200051,2026-06,0.662107438017,0.662107438017,0,11,11
4200101,2026-06,0.650972176192,0.650972176192,0,16,16
4200200,2026-06,0.571255070616,0.571255070616,0,10,10
4200309,2026-06,0.33930002256,0.33930002256,0,14,14
4200408,2026-06,0.599617910466,0.599617910466,0,18,18
4200507,2026-06,0.628469532698,0.628469532698,0,13,13
4200556,2026-06,0.753306681551,0.753306681551,0,15,15
4200606,2026-06,0.713441202011,0.713441202011,0,18,18
4200705,2026-06,0.601750050566,0.601750050566,0,12,12
4200754,2026-06,0.803307422649,0.803307422649,0,10,10
4200804,2026-06,0.44649064938,0.44649064938,0,11,11
4200903,2026-06,0.296859106352,0.296859106352,0,13,13
4201000,2026-06,0.596033616758,0.596033616758,0,14,14
4201109,2026-06,0.186574095989,0.186574095989,0,10,10
4201208,2026-06,0.529560696496,0.529560696496,0,14,14
4201257,2026-06,0.703338262338,0.703338262338,0,10,10
4201273,2026-06,0.152569641964,0.152569641964,0,10,10
4201307,2026-06,0.423094091508,0.423094091508,0,33,33
4201406,2026-06,0.740686389969,0.740614761696,0.000071628273,33,32
4201505,2026-06,0.297741935484,0.297741935484,0,12,12
4201604,2026-06,0.218821747449,0.218821747449,0,15,15
4201653,2026-06,0.119304585459,0.119304585459,0,11,11
4201703,2026-06,0.531771466208,0.531771466208,0,12,12
4201802,2026-06,0.45979417408,0.45979417408,0,10,10
4201901,2026-06,0.577464809159,0.577464809159,0,12,12
4201950,2026-06,0.736215618043,0.736215618043,0,15,15
4202008,2026-06,0.750369427708,0.74880298968,0.001566438028,54,50
4202057,2026-06,0.425075453708,0.425075453708,0,14,14
4202073,2026-06,0.196924965558,0.196924965558,0,18,18
4202081,2026-06,0.596953007055,0.596953007055,0,9,9
4202099,2026-06,0.082327288443,0.082327288443,0,11,11
4202107,2026-06,0.529946295342,0.529946295342,0,24,24
4202131,2026-06,0.694989669421,0.694989669421,0,8,8
4202156,2026-06,0.675079890012,0.675079890012,0,11,11
4202206,2026-06,0.49528114962,0.49528114962,0,11,11
4202305,2026-06,0.587958364703,0.587542723115,0.000415641588,29,28
4202404,2026-06,0.72955078307,0.728320051954,0.001230731117,63,60
4202438,2026-06,0.727618584898,0.727618584898,0,11,11
4202453,2026-06,0.668332809693,0.668332809693,0,12,12
4202503,2026-06,0.686835535516,0.686835535516,0,8,8
4202537,2026-06,0.613796107761,0.613796107761,0,14,14
4202578,2026-06,0.417965622629,0.417965622629,0,9,9
4202602,2026-06,0.416624607292,0.416624607292,0,16,16
4202701,2026-06,0.328818815113,0.328818815113,0,10,10
4202800,2026-06,0.742444474322,0.742444474322,0,17,17
4202859,2026-06,0.565542623299,0.565542623299,0,11,11
4202875,2026-06,0.551467605177,0.551467605177,0,11,11
4202909,2026-06,0.757545185561,0.757277421524,0.000267764037,34,30
4203006,2026-06,0.546010886929,0.54565616708,0.000354719849,27,26
4203105,2026-06,0.445354108642,0.445354108642,0,10,10
4203154,2026-06,0.703213610586,0.703213610586,0,9,9
4203204,2026-06,0.804185733784,0.803926280332,0.000259453452,31,28
4203253,2026-06,0.678393340271,0.678393340271,0,10,10
4203303,2026-06,0.507465198395,0.507465198395,0,13,13
4203402,2026-06,0.464135001487,0.464135001487,0,13,13
4203501,2026-06,0.649674377441,0.649674377441,0,12,12
4203600,2026-06,0.774129144316,0.774129144316,0,27,27
4203709,2026-06,0.398682731737,0.398682731737,0,17,17
4203808,2026-06,0.630405128555,0.630405128555,0,22,22
4203907,2026-06,0.613019673127,0.613019673127,0,19,19
4203956,2026-06,0.466083265746,0.466083265746,0,19,19
4204004,2026-06,0.608504694212,0.608504694212,0,16,16
4204103,2026-06,0.44741122449,0.44741122449,0,17,17
4204152,2026-06,0.13348844377,0.13348844377,0,9,9
4204178,2026-06,0.759865287338,0.759865287338,0,9,9
4204194,2026-06,0.153708514905,0.153708514905,0,10,10
4204202,2026-06,0.869256318411,0.868927594425,0.000328723987,131,127
4204251,2026-06,0.666295350145,0.666295350145,0,11,11
4204301,2026-06,0.582697094029,0.582449194367,0.000247899663,29,28
4204350,2026-06,0.494571023512,0.494571023512,0,15,15
4204400,2026-06,0.416832999406,0.416832999406,0,16,16
4204459,2026-06,0.446808115339,0.446808115339,0,8,8
4204509,2026-06,0.572131664896,0.572131664896,0,13,13
4204558,2026-06,0.416910415342,0.416910415342,0,13,13
4204608,2026-06,0.855472105215,0.854707237996,0.000764867218,42,38
4204707,2026-06,0.627209318488,0.627209318488,0,13,13
4204756,2026-06,0.640133013839,0.640133013839,0,9,9
4204806,2026-06,0.601452667413,0.601452667413,0,20,20
4204905,2026-06,0.761221773333,0.761221773333,0,13,13
4205001,2026-06,0.729206200565,0.729206200565,0,21,21
4205100,2026-06,0.456971665543,0.456971665543,0,13,13
4205159,2026-06,0.517727916006,0.517727916006,0,12,12
4205175,2026-06,0.576571437496,0.576571437496,0,12,12
4205191,2026-06,0.712003480875,0.712003480875,0,9,9
4205209,2026-06,0.64892202354,0.64892202354,0,14,14
4205308,2026-06,0.375344737274,0.375344737274,0,18,18
4205357,2026-06,0.537110764111,0.537110764111,0,10,10
4205407,2026-06,0.768986623563,0.767055069888,0.001931553676,93,90
4205431,2026-06,0.321550366386,0.321550366386,0,12,12
4205456,2026-06,0.522270344685,0.522270344685,0,19,19
4205506,2026-06,0.788052735095,0.787809990556,0.000242744539,18,17
4205555,2026-06,0.563784601429,0.563784601429,0,9,9
4205605,2026-06,0.463706553608,0.463706553608,0,14,14
4205704,2026-06,0.837256285649,0.837248509683,0.000007775966,26,25
4205803,2026-06,0.756604217998,0.756604217998,0,14,14
4205902,2026-06,0.60398405649,0.603563538622,0.000420517868,26,25
4206009,2026-06,0.529143313462,0.529143313462,0,14,14
4206108,2026-06,0.38839795268,0.38839795268,0,13,13
4206207,2026-06,0.649585566245,0.649585566245,0,15,15
4206306,2026-06,0.221791934306,0.22177995222,0.000011982086,15,14
4206405,2026-06,0.274069661369,0.274069661369,0,13,13
4206504,2026-06,0.813903568344,0.813358378034,0.00054519031,21,19
4206603,2026-06,0.570949190669,0.570949190669,0,12,12
4206652,2026-06,0.705542720136,0.705542720136,0,15,15
4206702,2026-06,0.7064341306,0.706094290351,0.000339840249,18,17
4206751,2026-06,0.680387556037,0.680387556037,0,11,11
4206801,2026-06,0.79236739053,0.79236739053,0,14,14
4206900,2026-06,0.616426776736,0.616426776736,0,17,17
4207007,2026-06,0.844553154998,0.844221670426,0.000331484572,32,30
4207106,2026-06,0.657720692999,0.657720453539,0.000000239461,22,20
4207205,2026-06,0.415192557678,0.415192557678,0,17,17
4207304,2026-06,0.783157346653,0.783157346653,0,24,24
4207403,2026-06,0.530124841819,0.530124841819,0,10,10
4207502,2026-06,0.251043726284,0.25088151665,0.000162209635,22,20
4207577,2026-06,0.717399257827,0.717399257827,0,13,13
4207601,2026-06,0.321241432941,0.321241432941,0,10,10
4207650,2026-06,0.190894641012,0.190894641012,0,8,8
4207684,2026-06,0.643278399922,0.643278399922,0,13,13
4207700,2026-06,0.31495776934,0.31495776934,0,11,11
4207759,2026-06,0.616471556956,0.616471556956,0,13,13
4207809,2026-06,0.686388908652,0.686388908652,0,11,11
4207858,2026-06,0.43829837422,0.43829837422,0,9,9
4207908,2026-06,0.709598458723,0.709598458723,0,15,15
4208005,2026-06,0.685894978343,0.685894978343,0,11,11
4208104,2026-06,0.700634884411,0.700634884411,0,14,14
4208203,2026-06,0.831532372738,0.830404819309,0.001127553429,66,62
4208302,2026-06,0.726878577907,0.726747912327,0.00013066558,29,26
4208401,2026-06,0.114892001738,0.114892001738,0,11,11
4208450,2026-06,0.520863758989,0.520863758989,0,21,21
4208500,2026-06,0.686995806306,0.686898342804,0.000097463502,21,20
4208609,2026-06,0.580826914527,0.580826914527,0,10,10
4208708,2026-06,0.388269778654,0.388269778654,0,12,12
4208807,2026-06,0.754874485654,0.754874485654,0,20,20
4208906,2026-06,0.716807125055,0.716101826985,0.00070529807,36,34
4208955,2026-06,0.707881237963,0.707881237963,0,11,11
4209003,2026-06,0.746906585786,0.746334557837,0.000572027949,25,24
4209102,2026-06,0.776846592875,0.775687218693,0.001159374182,79,76
4209151,2026-06,0.463278538516,0.463278538516,0,12,12
4209177,2026-06,0.683167401806,0.683167401806,0,10,10
4209201,2026-06,0.594733026201,0.594733026201,0,11,11
4209300,2026-06,0.840710602726,0.839947671724,0.000762931002,41,38
4209409,2026-06,0.582590206762,0.582590206762,0,23,23
4209458,2026-06,0.591637461703,0.591637461703,0,11,11
4209508,2026-06,0.60119358909,0.60119358909,0,14,14
4209607,2026-06,0.656652513091,0.656652513091,0,14,14
4209706,2026-06,0.470160301326,0.470160301326,0,13,13
4209805,2026-06,0.125273425367,0.125273425367,0,9,9
4209854,2026-06,0.366030840415,0.366030840415,0,8,8
4209904,2026-06,0.571606855621,0.571606855621,0,13,13
4210001,2026-06,0.604472467854,0.604472467854,0,16,16
4210035,2026-06,0.314203007168,0.314203007168,0,13,13
4210050,2026-06,0.47674282214,0.47674282214,0,11,11
4210100,2026-06,0.777081796486,0.776901317964,0.000180478522,21,20
4210209,2026-06,0.23119338843,0.23119338843,0,11,11
4210308,2026-06,0.680186793246,0.680186793246,0,10,10
4210407,2026-06,0.732091470879,0.732091470879,0,12,12
4210506,2026-06,0.688298486875,0.688298486875,0,36,36
4210555,2026-06,0.58487312581,0.58487312581,0,11,11
4210605,2026-06,0.561908740795,0.561908740795,0,19,19
4210704,2026-06,0.642682089991,0.642682089991,0,10,10
4210803,2026-06,0.509832562984,0.509832562984,0,12,12
4210852,2026-06,0.474109616654,0.474109616654,0,9,9
4210902,2026-06,0.70505517372,0.70505517372,0,15,15
4211009,2026-06,0.436606828428,0.436606828428,0,9,9
4211058,2026-06,0.252318966589,0.252318966589,0,12,12
4211108,2026-06,0.476603806652,0.476603806652,0,11,11
4211207,2026-06,0.758766696316,0.758766322465,0.000000373851,17,16
4211256,2026-06,0.507653383718,0.507653383718,0,10,10
4211306,2026-06,0.753487648918,0.753357983104,0.000129665814,37,33
4211405,2026-06,0.618127024131,0.618127024131,0,15,15
4211454,2026-06,0.586201361497,0.586201361497,0,12,12
4211504,2026-06,0.677712741583,0.677712741583,0,14,14
4211603,2026-06,0.51402039201,0.51402039201,0,12,12
4211652,2026-06,0.336850735618,0.336850735618,0,12,12
4211702,2026-06,0.71805035814,0.71805035814,0,17,17
4211751,2026-06,0.55598090942,0.55598090942,0,13,13
4211801,2026-06,0.646729214743,0.646729214743,0,12,12
4211850,2026-06,0.506708565779,0.506708565779,0,12,12
4211876,2026-06,0.554720032719,0.554720032719,0,7,7
4211892,2026-06,0.683752703902,0.683752703902,0,12,12
4211900,2026-06,0.797032088513,0.796608259294,0.000423829219,58,55
4212007,2026-06,0.69702646027,0.69702646027,0,11,11
4212056,2026-06,0.420106957266,0.420106957266,0,9,9
4212106,2026-06,0.512155358886,0.512155358886,0,14,14
4212205,2026-06,0.618544517573,0.618544517573,0,12,12
4212239,2026-06,0.620503417779,0.620503417779,0,14,14
4212254,2026-06,0.382447398791,0.382447398791,0,12,12
4212270,2026-06,0.588483272287,0.588483272287,0,14,14
4212304,2026-06,0.767756100505,0.767756100505,0,18,18
4212403,2026-06,0.31187462805,0.31187462805,0,12,12
4212502,2026-06,0.654795665305,0.654795665305,0,19,19
4212601,2026-06,0.232902650924,0.232902650924,0,10,10
4212650,2026-06,0.515637963214,0.515637963214,0,11,11
4212700,2026-06,0.625359625039,0.625359625039,0,14,14
4212809,2026-06,0.612750854463,0.612750854463,0,18,18
4212908,2026-06,0.727264820845,0.727264820845,0,18,18
4213005,2026-06,0.483569371137,0.483569371137,0,11,11
4213104,2026-06,0.614412764531,0.614412764531,0,15,15
4213153,2026-06,0.474620931953,0.474620931953,0,10,10
4213203,2026-06,0.453272770922,0.453272770922,0,17,17
4213302,2026-06,0.426903512825,0.426903512825,0,9,9
4213351,2026-06,0.099155163021,0.099155163021,0,6,6
4213401,2026-06,0.649471541529,0.649471541529,0,15,15
4213500,2026-06,0.786266355815,0.786266355815,0,23,23
4213609,2026-06,0.738598577503,0.738598577503,0,20,19
4213708,2026-06,0.426368522144,0.426368522144,0,16,16
4213807,2026-06,0.533857493731,0.533857493731,0,18,18
4213906,2026-06,0.1540944502,0.1540944502,0,7,7
4214003,2026-06,0.759766820892,0.759766820892,0,14,14
4214102,2026-06,0.557190874765,0.557190874765,0,6,6
4214151,2026-06,0.654528463649,0.654528463649,0,10,10
4214201,2026-06,0.141740814674,0.141740814674,0,13,13
4214300,2026-06,0.333978462949,0.333978462949,0,13,13
4214409,2026-06,0.090774326217,0.090774326217,0,9,9
4214508,2026-06,0.502294936605,0.502294936605,0,10,10
4214607,2026-06,0.600242691671,0.600242691671,0,16,16
4214706,2026-06,0.561229631035,0.561229631035,0,12,12
4214805,2026-06,0.645670124099,0.645151807632,0.000518316468,29,27
4214904,2026-06,0.179030392996,0.179030392996,0,14,14
4215000,2026-06,0.67995636569,0.679467893281,0.000488472409,19,18
4215059,2026-06,0.773323932563,0.773323932563,0,13,13
4215075,2026-06,0.502428502487,0.502428502487,0,11,11
4215109,2026-06,0.304958550222,0.304958550222,0,12,12
4215208,2026-06,0.583923070124,0.583923070124,0,11,11
4215307,2026-06,0.169400183655,0.169400183655,0,9,9
4215356,2026-06,0.294004009585,0.294004009585,0,13,13
4215406,2026-06,0.624174287251,0.624174287251,0,14,14
4215455,2026-06,0.050442221813,0.050442221813,0,11,11
4215505,2026-06,0.630002666765,0.630002666765,0,12,12
4215554,2026-06,0.082511505588,0.082511505588,0,8,8
4215604,2026-06,0.084499062915,0.084499062915,0,9,9
4215653,2026-06,0.480377848005,0.480377848005,0,13,13
4215679,2026-06,0.795303254438,0.795303254438,0,10,10
4215687,2026-06,0.51794560081,0.51794560081,0,10,10
4215695,2026-06,0.294864515624,0.294864515624,0,6,6
4215703,2026-06,0.735936209467,0.735936209467,0,20,20
4215752,2026-06,0.380681712178,0.380681712178,0,9,9
4215802,2026-06,0.566879192252,0.566375347094,0.000503845158,22,20
4215901,2026-06,0.163828655313,0.163828655313,0,9,9
4216008,2026-06,0.371147794149,0.371147794149,0,14,14
4216057,2026-06,0.292937849468,0.292937849468,0,8,8
4216107,2026-06,0.410784319873,0.410784319873,0,12,12
4216206,2026-06,0.602195934992,0.601613436504,0.000582498489,25,24
4216255,2026-06,0.051050163163,0.051050163163,0,7,7
4216305,2026-06,0.792635126912,0.792635126912,0,21,21
4216354,2026-06,0.551690638918,0.551690638918,0,14,14
4216404,2026-06,0.53866158656,0.53866158656,0,11,11
4216503,2026-06,0.683986526853,0.683986526853,0,18,18
4216602,2026-06,0.757211841825,0.755924610667,0.001287231158,63,60
4216701,2026-06,0.633563131513,0.633563131513,0,14,14
4216800,2026-06,0.363620285656,0.363620285656,0,13,13
4216909,2026-06,0.709363469968,0.709363469968,0,26,26
4217006,2026-06,0.520604362285,0.520604362285,0,14,14
4217105,2026-06,0.586572776809,0.586572776809,0,11,11
4217154,2026-06,0.626605303528,0.626605303528,0,7,7
4217204,2026-06,0.626571168247,0.626571168247,0,25,25
4217253,2026-06,0.495768889856,0.495768889856,0,18,18
4217303,2026-06,0.756715689102,0.756715689102,0,20,20
4217402,2026-06,0.317788930954,0.317788930954,0,15,15
4217501,2026-06,0.584056454729,0.584056454729,0,15,15
4217550,2026-06,0.585592746753,0.585592746753,0,12,12
4217600,2026-06,0.605184252245,0.605184252245,0,17,17
4217709,2026-06,0.193621299919,0.193621299919,0,16,16
4217758,2026-06,0.590990947241,0.590990947241,0,11,11
4217808,2026-06,0.442572054785,0.442572054785,0,15,15
4217907,2026-06,0.749563358747,0.749563358747,0,16,16
4217956,2026-06,0.599935573719,0.599935573719,0,9,9
4218004,2026-06,0.690140968198,0.690140968198,0,22,22
4218103,2026-06,0.596204345492,0.596204345492,0,10,10
4218202,2026-06,0.367392472655,0.367206308682,0.000186163973,44,43
4218251,2026-06,0.694675284703,0.694675284703,0,7,7
4218301,2026-06,0.650101756124,0.650101756124,0,17,17
4218350,2026-06,0.044210315201,0.044210315201,0,7,7
4218400,2026-06,0.028955330805,0.028955330805,0,15,15
4218509,2026-06,0.703655621218,0.703655621218,0,14,14
4218608,2026-06,0.503716294609,0.503716294609,0,17,17
4218707,2026-06,0.73561433785,0.735321041436,0.000293296413,36,33
4218756,2026-06,0.061755640719,0.061755640719,0,9,9
4218806,2026-06,0.621293532875,0.621293532875,0,14,14
4218855,2026-06,0.419537742382,0.419537742382,0,11,11
4218905,2026-06,0.600859743949,0.600859743949,0,15,15
4218954,2026-06,0.704973810125,0.704973810125,0,16,16
4219002,2026-06,0.400391928494,0.400391928494,0,12,12
4219101,2026-06,0.523243044479,0.523243044479,0,12,12
4219150,2026-06,0.671697311085,0.671697311085,0,9,9
4219176,2026-06,0.424520943804,0.424520943804,0,12,12
4219200,2026-06,0.720455465016,0.720455465016,0,12,12
4219309,2026-06,0.628925592921,0.628811709796,0.000113883124,22,21
4219358,2026-06,0.635546076127,0.635546076127,0,8,8
4219408,2026-06,0.524759160054,0.524759160054,0,9,9
4219507,2026-06,0.566695286715,0.566559800662,0.000135486053,23,22
4219606,2026-06,0.781877029957,0.781877029957,0,13,13
4219705,2026-06,0.712189049622,0.710452674897,0.001736374725,27,26
4219853,2026-06,0.638263674796,0.638263674796,0,13,13
4220000,2026-06,0.731102031029,0.731102031029,0,14,14
4300034,2026-06,0.521986378364,0.521986378364,0,13,13
4300059,2026-06,0.526744459237,0.526744459237,0,13,13
4300109,2026-06,0.618884046302,0.618884046302,0,20,20
4300208,2026-06,0.556375602086,0.556375602086,0,11,11
4300307,2026-06,0.400272979593,0.400272979593,0,11,11
4300406,2026-06,0.829887084615,0.829467408047,0.000419676568,31,28
4300455,2026-06,0.644339110728,0.644339110728,0,11,11
4300471,2026-06,0.650725963685,0.650725963685,0,14,14
4300505,2026-06,0.418855327653,0.418855327653,0,17,17
4300554,2026-06,0.396687821717,0.396687821717,0,7,7
4300570,2026-06,0.590546648308,0.590546648308,0,13,13
4300604,2026-06,0.779693538081,0.779132724821,0.00056081326,56,54
4300638,2026-06,0.66292912574,0.66292912574,0,11,11
4300646,2026-06,0.77015365135,0.77015365135,0,14,14
4300661,2026-06,0.5408,0.5408,0,7,7
4300703,2026-06,0.51214855629,0.51214855629,0,13,13
4300802,2026-06,0.537231213219,0.537231213219,0,13,13
4300851,2026-06,0.531402177578,0.531402177578,0,8,8
4300877,2026-06,0.66564293602,0.66564293602,0,17,17
4300901,2026-06,0.555048215812,0.555048215812,0,14,14
4301008,2026-06,0.595651029546,0.595534959488,0.000116070059,24,23
4301057,2026-06,0.483180200027,0.483180200027,0,14,14
4301073,2026-06,0.56055716155,0.56055716155,0,8,8
4301107,2026-06,0.635793433623,0.635793433623,0,14,14
4301206,2026-06,0.593107064849,0.593107064849,0,15,15
4301305,2026-06,0.48492002291,0.48492002291,0,14,14
4301404,2026-06,0.564808838675,0.564808838675,0,19,19
4301503,2026-06,0.670845252826,0.670845252826,0,13,13
4301552,2026-06,0.558316454475,0.558316454475,0,15,15
4301602,2026-06,0.805474056892,0.803984669833,0.001489387059,31,28
4301636,2026-06,0.719250433782,0.719250433782,0,17,17
4301651,2026-06,0.318196840505,0.318196840505,0,11,11
4301701,2026-06,0.168517657231,0.168517657231,0,10,10
4301750,2026-06,0.747125078765,0.747125078765,0,12,12
4301800,2026-06,0.679551258632,0.679551258632,0,14,14
4301859,2026-06,0.558556458262,0.558556458262,0,9,9
4301875,2026-06,0.359745845337,0.359745845337,0,10,10
4301909,2026-06,0.532886163825,0.532886163825,0,14,14
4301925,2026-06,0.354287975578,0.354287975578,0,8,8
4301958,2026-06,0.674014335178,0.674014335178,0,11,11
4302006,2026-06,0.690035980808,0.690035980808,0,16,16
4302055,2026-06,0.276077551674,0.276077551674,0,8,8
4302105,2026-06,0.850806444011,0.849882733116,0.000923710895,37,34
4302154,2026-06,0.67192913974,0.67192913974,0,13,13
4302204,2026-06,0.379372144256,0.379372144256,0,21,21
4302220,2026-06,0.666757720149,0.666757720149,0,10,10
4302238,2026-06,0.16062484253,0.16062484253,0,7,7
4302253,2026-06,0.192765295504,0.192765295504,0,9,9
4302303,2026-06,0.739804759102,0.739804759102,0,18,18
4302352,2026-06,0.738604953392,0.738604953392,0,16,16
4302378,2026-06,0.674575617284,0.674575617284,0,8,8
4302402,2026-06,0.529604557362,0.529604557362,0,15,15
4302451,2026-06,0.342644208097,0.342644208097,0,12,12
4302501,2026-06,0.714259460339,0.714259460339,0,16,16
4302584,2026-06,0.17116556984,0.17116556984,0,7,7
4302600,2026-06,0.788622867377,0.788622867377,0,10,10
4302659,2026-06,0.082963579605,0.082963579605,0,8,8
4302709,2026-06,0.362894901123,0.362894901123,0,13,13
4302808,2026-06,0.473734379824,0.473734379824,0,21,21
4302907,2026-06,0.600348535661,0.600348535661,0,16,16
4303004,2026-06,0.668503965696,0.66821787851,0.000286087186,41,40
4303103,2026-06,0.920725511415,0.92009745102,0.000628060395,57,54
4303202,2026-06,0.408227146183,0.408227146183,0,12,12
4303301,2026-06,0.714248772356,0.714248772356,0,14,14
4303400,2026-06,0.549135570897,0.549135570897,0,14,14
4303509,2026-06,0.760096493079,0.759821177069,0.00027531601,25,23
4303558,2026-06,0.364493801653,0.364493801653,0,9,9
4303608,2026-06,0.578807752097,0.578807752097,0,13,13
4303673,2026-06,0.161880091133,0.161880091133,0,12,12
4303707,2026-06,0.426164041121,0.426164041121,0,12,12
4303806,2026-06,0.649393675499,0.649393675499,0,14,14
4303905,2026-06,0.725242527351,0.724941275974,0.000301251377,35,33
4304002,2026-06,0.660641642012,0.660641642012,0,12,12
4304101,2026-06,0.196127426954,0.196127426954,0,9,9
4304200,2026-06,0.753888136202,0.753888136202,0,19,19
4304309,2026-06,0.354394751748,0.354394751748,0,13,13
4304358,2026-06,0.41012791532,0.41012791532,0,11,11
4304408,2026-06,0.687311241397,0.686428439183,0.000882802214,22,21
4304507,2026-06,0.713219729977,0.713219729977,0,22,22
4304606,2026-06,0.844378873264,0.843338321946,0.001040551318,80,77
4304614,2026-06,0.677996585385,0.677996585385,0,8,8
4304622,2026-06,0.663331530557,0.663331530557,0,8,8
4304630,2026-06,0.744636788787,0.743975022356,0.00066176643,36,35
4304655,2026-06,0.78759765625,0.78759765625,0,10,10
4304663,2026-06,0.685660734906,0.685660734906,0,19,19
4304671,2026-06,0.359931714729,0.359931714729,0,14,14
4304689,2026-06,0.226279350338,0.226279350338,0,14,14
4304697,2026-06,0.245716152525,0.245716152525,0,10,10
4304705,2026-06,0.68237053472,0.682081997994,0.000288536726,23,21
4304713,2026-06,0.058183274448,0.058183274448,0,11,11
4304804,2026-06,0.66834079922,0.667460097814,0.000880701406,22,21
4304853,2026-06,0.757084548105,0.757084548105,0,10,10
4304903,2026-06,0.450646245137,0.450646245137,0,15,15
4304952,2026-06,0.061292008067,0.061292008067,0,9,9
4305009,2026-06,0.671482007537,0.671482007537,0,13,13
4305108,2026-06,0.83432379642,0.832988158621,0.001335637799,72,69
4305116,2026-06,0.539928833565,0.539928833565,0,12,12
4305124,2026-06,0.573580246914,0.573580246914,0,11,11
4305132,2026-06,0.625996532555,0.625996532555,0,14,14
4305157,2026-06,0.123097457117,0.123097457117,0,14,14
4305173,2026-06,0.390879293694,0.390879293694,0,11,11
4305207,2026-06,0.755600636348,0.755600636348,0,18,18
4305306,2026-06,0.486363829549,0.486363829549,0,16,16
4305355,2026-06,0.794765262801,0.794386339172,0.00037892363,18,17
4305371,2026-06,0.554212507016,0.554212507016,0,15,15
4305405,2026-06,0.37698816,0.37698816,0,16,16
4305439,2026-06,0.601163146618,0.601163146618,0,8,8
4305447,2026-06,0.360410921897,0.360410921897,0,10,10
4305454,2026-06,0.750216665594,0.750216665594,0,19,19
4305504,2026-06,0.778425740845,0.778425740845,0,14,14
4305587,2026-06,0.497107791359,0.497107791359,0,10,10
4305603,2026-06,0.097667506835,0.097667506835,0,9,9
4305702,2026-06,0.546450840144,0.546450840144,0,13,13
4305801,2026-06,0.688894089595,0.688894089595,0,19,19
4305835,2026-06,0.581632653061,0.581632653061,0,5,5
4305850,2026-06,0.118994439659,0.118994439659,0,9,9
4305871,2026-06,0.140660869565,0.140660869565,0,10,10
4305900,2026-06,0.363397464345,0.363397464345,0,13,13
4305934,2026-06,0.063203881092,0.063203881092,0,6,6
4305959,2026-06,0.24132308409,0.24132308409,0,11,11
4305975,2026-06,0.714503205533,0.714503205533,0,14,14
4306007,2026-06,0.443469948419,0.443469948419,0,19,19
4306056,2026-06,0.484394775492,0.484394775492,0,14,14
4306072,2026-06,0.508925216894,0.508925216894,0,10,10
4306106,2026-06,0.72663577129,0.725136985228,0.001498786062,25,24
4306130,2026-06,0.724775522093,0.724775522093,0,11,11
4306205,2026-06,0.264589551914,0.264589551914,0,20,20
4306304,2026-06,0.514827912188,0.514827912188,0,14,14
4306320,2026-06,0.347596010082,0.347596010082,0,13,13
4306353,2026-06,0.470033901441,0.470033901441,0,9,9
4306379,2026-06,0.568620034962,0.568620034962,0,11,11
4306403,2026-06,0.694887875922,0.694660023367,0.000227852555,27,26
4306429,2026-06,0.635333662877,0.635333662877,0,11,11
4306452,2026-06,0.537728571131,0.537728571131,0,11,11
4306502,2026-06,0.781958288501,0.781958288501,0,17,17
4306551,2026-06,0.206464863808,0.206464863808,0,6,6
4306601,2026-06,0.667469083551,0.667469083551,0,23,23
4306700,2026-06,0.187619580056,0.187619580056,0,11,11
4306734,2026-06,0.741677036601,0.741677036601,0,16,16
4306759,2026-06,0.242614258059,0.242614258059,0,10,10
4306767,2026-06,0.830741405803,0.829645248306,0.001096157497,27,25
4306809,2026-06,0.727155710363,0.727008194947,0.000147515417,21,20
4306908,2026-06,0.785223173368,0.785223173368,0,19,19
4306924,2026-06,0.58724051845,0.58724051845,0,10,10
4306932,2026-06,0.640963813298,0.640963813298,0,14,14
4306957,2026-06,0.726506551602,0.726506551602,0,12,12
4306973,2026-06,0.600178300544,0.600178300544,0,14,14
4307005,2026-06,0.786805982807,0.786366819505,0.000439163302,47,44
4307054,2026-06,0.287763309616,0.287763309616,0,10,10
4307104,2026-06,0.712279578032,0.712279578032,0,13,13
4307203,2026-06,0.393288443813,0.393288443813,0,12,12
4307302,2026-06,0.586075760312,0.586075760312,0,14,14
4307401,2026-06,0.562337633591,0.562337633591,0,15,15
4307450,2026-06,0.346186746838,0.346186746838,0,10,10
4307500,2026-06,0.375693107186,0.375693107186,0,14,14
4307559,2026-06,0.446720565585,0.446720565585,0,19,19
4307609,2026-06,0.815968559643,0.815508042215,0.000460517429,27,25
4307708,2026-06,0.843855753159,0.842996245075,0.000859508084,37,34
4307807,2026-06,0.862320194465,0.862033315841,0.000286878624,33,32
4307815,2026-06,0.375943458251,0.375943458251,0,11,11
4307831,2026-06,0.540871506005,0.540871506005,0,12,12
4307864,2026-06,0.760330578512,0.760330578512,0,6,6
4307906,2026-06,0.864093672365,0.862901089213,0.001192583152,36,33
4308003,2026-06,0.50885588329,0.50885588329,0,15,15
4308052,2026-06,0.747321991178,0.747321991178,0,8,8
4308078,2026-06,0.757959184871,0.757959184871,0,14,14
4308102,2026-06,0.472458527085,0.472458527085,0,21,21
4308201,2026-06,0.782766910926,0.782659049421,0.000107861505,42,41
4308250,2026-06,0.621165822277,0.621165822277,0,9,9
4308300,2026-06,0.371258779377,0.371258779377,0,15,15
4308409,2026-06,0.546207854738,0.546207854738,0,11,11
4308433,2026-06,0.462995550448,0.462995550448,0,11,11
4308458,2026-06,0.524375229915,0.524375229915,0,11,11
4308508,2026-06,0.478823747589,0.478749205012,0.000074542577,24,23
4308607,2026-06,0.797475339658,0.796567880206,0.000907459451,27,25
4308656,2026-06,0.589663988313,0.589663988313,0,13,13
4308706,2026-06,0.613635237197,0.613635237197,0,15,15
4308805,2026-06,0.691547242548,0.691547242548,0,13,13
4308854,2026-06,0.457806926278,0.457806926278,0,8,8
4308904,2026-06,0.671502281795,0.671502281795,0,19,19
4309001,2026-06,0.764507145747,0.764507145747,0,22,22
4309050,2026-06,0.372761371707,0.372761371707,0,17,17
4309100,2026-06,0.620433933933,0.61919656966,0.001237364273,28,26
4309126,2026-06,0.681938081355,0.681938081355,0,9,9
4309159,2026-06,0.439779280883,0.439779280883,0,10,10
4309209,2026-06,0.908507286624,0.907965814103,0.000541472521,69,66
4309258,2026-06,0.4144,0.4144,0,10,10
4309308,2026-06,0.717538890464,0.71590114391,0.001637746554,34,31
4309407,2026-06,0.624568918165,0.624568918165,0,23,23
4309506,2026-06,0.778484342145,0.778484342145,0,16,16
4309555,2026-06,0.668962840488,0.668962840488,0,12,12
4309571,2026-06,0.670434027778,0.670434027778,0,12,12
4309605,2026-06,0.678897092494,0.678897092494,0,21,21
4309654,2026-06,0.650483520363,0.650483520363,0,12,12
4309704,2026-06,0.470062844353,0.470062844353,0,19,19
4309753,2026-06,0.628936,0.628936,0,10,10
4309803,2026-06,0.738149357092,0.738149357092,0,14,14
4309902,2026-06,0.81712962963,0.81712962963,0,13,13
4309951,2026-06,0.551457458152,0.551457458152,0,11,11
4310009,2026-06,0.339023633655,0.339023633655,0,18,18
4310108,2026-06,0.87363533389,0.872581531195,0.001053802696,32,31
4310207,2026-06,0.804839443616,0.80454848358,0.000290960036,34,32
4310306,2026-06,0.828402366864,0.828402366864,0,11,11
4310330,2026-06,0.572576628747,0.572351655267,0.00022497348,21,20
4310363,2026-06,0.624942414561,0.624942414561,0,10,10
4310405,2026-06,0.546294997587,0.546294997587,0,17,17
4310413,2026-06,0.400340784616,0.400340784616,0,5,5
4310439,2026-06,0.427672463874,0.427672463874,0,11,11
4310462,2026-06,0.707200873757,0.707200873757,0,10,10
4310504,2026-06,0.735640796053,0.735640796053,0,18,18
4310538,2026-06,0.330166742048,0.330166742048,0,14,14
4310553,2026-06,0.631679906591,0.631679906591,0,11,11
4310579,2026-06,0.152463997886,0.152463997886,0,9,9
4310603,2026-06,0.799689647804,0.799440643851,0.000249003953,24,23
4310652,2026-06,0.060076395671,0.060076395671,0,11,11
4310702,2026-06,0.5446875,0.5446875,0,9,9
4310751,2026-06,0.550245484438,0.550245484438,0,10,10
4310801,2026-06,0.841121942665,0.840963517182,0.000158425483,23,21
4310850,2026-06,0.671567549519,0.671567549519,0,11,11
4310876,2026-06,0.716184436517,0.716184436517,0,9,9
4310900,2026-06,0.581731826294,0.581731826294,0,13,13
4311007,2026-06,0.695902787814,0.695902787814,0,17,17
4311106,2026-06,0.597750392614,0.597750392614,0,16,16
4311122,2026-06,0.781794346059,0.781794346059,0,12,12
4311130,2026-06,0.797936598808,0.797936598808,0,13,13
4311155,2026-06,0.52379876276,0.52379876276,0,14,14
4311205,2026-06,0.588166904232,0.588166904232,0,20,20
4311239,2026-06,0.701209839112,0.701209839112,0,11,11
4311254,2026-06,0.639740731396,0.639740731396,0,14,14
4311270,2026-06,0.159033880856,0.159033880856,0,7,7
4311304,2026-06,0.742328487583,0.742328487583,0,21,21
4311403,2026-06,0.850653176278,0.850223715198,0.00042946108,49,47
4311429,2026-06,0.143560834763,0.143560834763,0,8,8
4311502,2026-06,0.634121402437,0.634121402437,0,14,14
4311601,2026-06,0.49014801233,0.49014801233,0,15,15
4311627,2026-06,0.498499712726,0.498499712726,0,8,8
4311643,2026-06,0.61113803395,0.61113803395,0,9,9
4311700,2026-06,0.678002391883,0.678002391883,0,16,16
4311718,2026-06,0.747131344307,0.747131344307,0,12,12
4311734,2026-06,0.303534798992,0.303534798992,0,8,8
4311759,2026-06,0.594582963501,0.594582963501,0,12,12
4311775,2026-06,0.340232807704,0.340232807704,0,12,12
4311791,2026-06,0.612635809186,0.612635809186,0,8,8
4311809,2026-06,0.675776065359,0.675512302071,0.000263763288,26,24
4311908,2026-06,0.665604918685,0.665604918685,0,14,14
4311981,2026-06,0.711162998215,0.711162998215,0,10,10
4312005,2026-06,0.412862196046,0.412862196046,0,10,10
4312054,2026-06,0.356721841816,0.356721841816,0,13,13
4312104,2026-06,0.503605029137,0.503605029137,0,9,9
4312138,2026-06,0.271241482741,0.271241482741,0,11,11
4312153,2026-06,0.256232468296,0.256232468296,0,8,8
4312179,2026-06,0.738663808719,0.738663808719,0,10,10
4312203,2026-06,0.760825378451,0.760825378451,0,13,13
4312252,2026-06,0.339264678529,0.339264678529,0,10,10
4312302,2026-06,0.40758360119,0.40758360119,0,14,14
4312351,2026-06,0.143427870733,0.143427870733,0,7,7
4312377,2026-06,0.356736242884,0.356736242884,0,10,10
4312385,2026-06,0.157634082707,0.157634082707,0,10,10
4312401,2026-06,0.665588749847,0.664314882418,0.001273867429,29,27
4312427,2026-06,0.560048421224,0.560048421224,0,10,10
4312443,2026-06,0.036449137853,0.036449137853,0,6,6
4312450,2026-06,0.667239765916,0.667239765916,0,10,10
4312476,2026-06,0.486016947217,0.486016947217,0,11,11
4312500,2026-06,0.533591525575,0.533591525575,0,13,13
4312609,2026-06,0.656041579554,0.656041579554,0,14,14
4312617,2026-06,0.606752408236,0.606752408236,0,15,15
4312625,2026-06,0.181028106509,0.181028106509,0,8,8
4312658,2026-06,0.546372919561,0.546372919561,0,16,16
4312674,2026-06,0.29989700696,0.29989700696,0,7,7
4312708,2026-06,0.530133279615,0.530133279615,0,21,21
4312757,2026-06,0.531934832757,0.531934832757,0,10,10
4312807,2026-06,0.607147412052,0.607147412052,0,13,13
4312906,2026-06,0.618099180261,0.618099180261,0,13,13
4312955,2026-06,0.589583896701,0.589583896701,0,12,12
4313003,2026-06,0.146834710146,0.146834710146,0,9,9
4313011,2026-06,0.386046623005,0.386046623005,0,12,12
4313037,2026-06,0.516334547931,0.516334547931,0,10,10
4313060,2026-06,0.385795024867,0.385795024867,0,21,21
4313086,2026-06,0.470907279523,0.470907279523,0,10,10
4313102,2026-06,0.542387052465,0.542387052465,0,15,15
4313201,2026-06,0.761768230076,0.761587573185,0.000180656891,21,20
4313300,2026-06,0.574488374015,0.574488374015,0,30,30
4313334,2026-06,0.515517743721,0.515517743721,0,8,8
4313359,2026-06,0.201756153512,0.201756153512,0,10,10
4313375,2026-06,0.684024572653,0.684024572653,0,29,29
4313391,2026-06,0.720030188892,0.720030188892,0,15,15
4313409,2026-06,0.886134923755,0.885147215863,0.000987707892,55,52
4313425,2026-06,0.493279302507,0.493279302507,0,12,12
4313441,2026-06,0.178411358297,0.178411358297,0,8,8
4313466,2026-06,0.576634963387,0.576634963387,0,6,6
4313490,2026-06,0.352049922745,0.352049922745,0,8,8
4313508,2026-06,0.691454989139,0.691126744158,0.000328244981,27,26
4313607,2026-06,0.578707741855,0.578707741855,0,15,15
4313656,2026-06,0.697479877003,0.697479877003,0,18,18
4313706,2026-06,0.696693099467,0.696485314317,0.00020778515,22,21
4313805,2026-06,0.488977917482,0.488977917482,0,14,14
4313904,2026-06,0.790680047098,0.790300516176,0.000379530922,21,20
4313953,2026-06,0.680409955195,0.680409955195,0,16,16
4314001,2026-06,0.688805005179,0.688805005179,0,15,15
4314027,2026-06,0.427900500143,0.427900500143,0,12,12
4314035,2026-06,0.535625026069,0.535625026069,0,10,10
4314050,2026-06,0.709699770887,0.709538077882,0.000161693005,29,28
4314068,2026-06,0.358336222845,0.358336222845,0,12,12
4314076,2026-06,0.673545019955,0.673545019955,0,12,12
4314100,2026-06,0.834592519554,0.833530640091,0.001061879464,122,119
4314134,2026-06,0.665127330099,0.665127330099,0,10,10
4314159,2026-06,0.657834503393,0.657834503393,0,15,15
4314175,2026-06,0.49530314891,0.49530314891,0,8,8
4314209,2026-06,0.551767324259,0.551767324259,0,13,13
4314308,2026-06,0.537637418133,0.537637418133,0,10,10
4314407,2026-06,0.794312848948,0.793517200973,0.000795647976,52,49
4314423,2026-06,0.719605304597,0.719605304597,0,13,13
4314456,2026-06,0.54181576178,0.54181576178,0,15,15
4314464,2026-06,0.398603024326,0.398603024326,0,9,9
4314472,2026-06,0.708679199219,0.708679199219,0,10,10
4314498,2026-06,0.266691324603,0.266691324603,0,10,10
4314506,2026-06,0.709964018847,0.709964018847,0,18,18
4314548,2026-06,0.439857618343,0.439857618343,0,13,13
4314555,2026-06,0.265917524034,0.265917524034,0,12,12
4314605,2026-06,0.631095705473,0.631095705473,0,14,14
4314704,2026-06,0.715860008227,0.715860008227,0,21,21
4314753,2026-06,0.455867384034,0.455867384034,0,8,8
4314779,2026-06,0.448269632478,0.448269632478,0,14,14
4314787,2026-06,0.614052375407,0.614052375407,0,7,7
4314803,2026-06,0.673712880375,0.673712880375,0,28,28
4314902,2026-06,0.740894787115,0.738495197925,0.00239958919,184,180
4315008,2026-06,0.525884529,0.525884529,0,14,14
4315057,2026-06,0.755897590664,0.755897590664,0,11,11
4315073,2026-06,0.557477743092,0.557477743092,0,11,11
4315107,2026-06,0.750662281268,0.750662281268,0,13,13
4315131,2026-06,0.454691680594,0.454691680594,0,10,10
4315149,2026-06,0.730468319559,0.730468319559,0,9,9
4315156,2026-06,0.532542913307,0.532542913307,0,11,11
4315172,2026-06,0.444444444444,0.444444444444,0,4,4
4315206,2026-06,0.139689153258,0.139689153258,0,10,10
4315305,2026-06,0.650390359756,0.650390359756,0,13,13
4315313,2026-06,0.513152554707,0.513152554707,0,9,9
4315321,2026-06,0.519809569919,0.519809569919,0,12,12
4315354,2026-06,0.423233263894,0.423233263894,0,10,10
4315404,2026-06,0.697659437084,0.697659437084,0,14,14
4315453,2026-06,0.217295029427,0.217295029427,0,10,10
4315503,2026-06,0.675099107308,0.675099107308,0,22,22
4315552,2026-06,0.618264906919,0.618264906919,0,11,11
4315602,2026-06,0.669043217945,0.668280986775,0.00076223117,34,32
4315701,2026-06,0.871338448902,0.870354190143,0.000984258759,30,28
4315750,2026-06,0.159123064059,0.159123064059,0,11,11
4315800,2026-06,0.541841508267,0.541841508267,0,13,13
4315909,2026-06,0.374727002077,0.374727002077,0,12,12
4315958,2026-06,0.511267351722,0.511267351722,0,8,8
4316006,2026-06,0.419141286845,0.419141286845,0,17,17
4316105,2026-06,0.825300566985,0.825300566985,0,19,19
4316204,2026-06,0.779879859057,0.779879859057,0,13,13
4316303,2026-06,0.734809688581,0.734809688581,0,15,15
4316402,2026-06,0.756849635844,0.756544398074,0.000305237771,23,21
4316428,2026-06,0.395022151452,0.395022151452,0,11,11
4316436,2026-06,0.507662820711,0.507662820711,0,8,8
4316451,2026-06,0.599995742131,0.599995742131,0,12,12
4316477,2026-06,0.640125938621,0.640125938621,0,10,10
4316501,2026-06,0.443678141571,0.443678141571,0,13,13
4316600,2026-06,0.674009633007,0.674009633007,0,21,21
4316709,2026-06,0.629907152901,0.629907152901,0,11,11
4316733,2026-06,0.389380530973,0.389380530973,0,7,7
4316758,2026-06,0.63952439154,0.63952439154,0,15,15
4316808,2026-06,0.846548559681,0.845150700597,0.001397859085,40,37
4316907,2026-06,0.767848661136,0.76576876279,0.002079898346,148,145
4316956,2026-06,0.050315613781,0.050315613781,0,12,12
4316972,2026-06,0.532629879186,0.532629879186,0,10,10
4317004,2026-06,0.681896957442,0.681896957442,0,11,11
4317103,2026-06,0.79145775752,0.790841692026,0.000616065494,22,21
4317202,2026-06,0.678882257112,0.678788959262,0.00009329785,44,43
4317251,2026-06,0.306245159718,0.306245159718,0,9,9
4317301,2026-06,0.69287820934,0.69287820934,0,17,17
4317400,2026-06,0.754251455259,0.754118403342,0.000133051918,26,25
4317509,2026-06,0.846640729424,0.846180148781,0.000460580642,32,30
4317558,2026-06,0.497843809074,0.497843809074,0,11,11
4317608,2026-06,0.605221466124,0.605221466124,0,23,23
4317707,2026-06,0.576278710019,0.576278710019,0,14,14
4317756,2026-06,0.297529648546,0.297529648546,0,9,9
4317806,2026-06,0.699683990186,0.699683990186,0,19,19
4317905,2026-06,0.680052556028,0.680052556028,0,19,19
4317954,2026-06,0.344806949147,0.344806949147,0,7,7
4318002,2026-06,0.785915495373,0.785611151833,0.00030434354,23,22
4318051,2026-06,0.658770653355,0.658770653355,0,10,10
4318101,2026-06,0.822650157919,0.822650157919,0,20,20
4318200,2026-06,0.739052192647,0.739052192647,0,22,22
4318309,2026-06,0.6319960374,0.63176491206,0.00023112534,22,21
4318408,2026-06,0.741485940574,0.741485940574,0,20,20
4318424,2026-06,0.605723946383,0.605723946383,0,15,15
4318432,2026-06,0.752684183588,0.752684183588,0,11,11
4318440,2026-06,0.478500346769,0.478500346769,0,13,13
4318457,2026-06,0.569166200474,0.569166200474,0,10,10
4318465,2026-06,0.314193548387,0.314193548387,0,9,9
4318481,2026-06,0.646672061805,0.646672061805,0,10,10
4318499,2026-06,0.348384394954,0.348384394954,0,8,8
4318507,2026-06,0.496742752476,0.496742752476,0,14,14
4318606,2026-06,0.579438037542,0.579438037542,0,19,19
4318614,2026-06,0.353567224989,0.353567224989,0,9,9
4318622,2026-06,0.641727248487,0.641727248487,0,13,13
4318705,2026-06,0.782289536286,0.781873536581,0.000415999705,51,48
4318804,2026-06,0.731096916908,0.73048058988,0.000616327028,20,18
4318903,2026-06,0.776475654609,0.776316127453,0.000159527156,28,27
4319000,2026-06,0.304923677282,0.304923677282,0,21,21
4319109,2026-06,0.329156542138,0.329156542138,0,13,13
4319125,2026-06,0.804136642829,0.804136642829,0,12,12
4319158,2026-06,0.634911071944,0.634911071944,0,19,19
4319208,2026-06,0.617952099056,0.617952099056,0,11,11
4319307,2026-06,0.717676309671,0.717676309671,0,16,16
4319356,2026-06,0.24605687048,0.24605687048,0,10,10
4319364,2026-06,0.417248051599,0.417248051599,0,10,10
4319372,2026-06,0.622959037105,0.622959037105,0,11,11
4319406,2026-06,0.259870752766,0.259870752766,0,15,15
4319505,2026-06,0.503250628897,0.503250628897,0,17,17
4319604,2026-06,0.384154049403,0.384154049403,0,16,16
4319703,2026-06,0.200237386621,0.200237386621,0,8,8
4319711,2026-06,0.38380523141,0.38380523141,0,7,7
4319737,2026-06,0.621407049203,0.621407049203,0,8,8
4319752,2026-06,0.593121354327,0.593121354327,0,9,9
4319802,2026-06,0.780170153254,0.780170153254,0,12,12
4319901,2026-06,0.830373480807,0.829948456589,0.000425024218,33,32
4320008,2026-06,0.799899376047,0.799342106721,0.000557269327,43,41
4320107,2026-06,0.712529944286,0.712529944286,0,24,24
4320206,2026-06,0.740455938423,0.740455938423,0,16,16
4320230,2026-06,0.163409240332,0.163409240332,0,10,10
4320263,2026-06,0.588324742208,0.588324742208,0,15,15
4320305,2026-06,0.230168905798,0.230168905798,0,10,10
4320321,2026-06,0.446064752303,0.446064752303,0,10,10
4320354,2026-06,0.655890325937,0.655890325937,0,13,13
4320404,2026-06,0.03540971307,0.03540971307,0,16,16
4320453,2026-06,0.681971162362,0.681971162362,0,11,11
4320503,2026-06,0.710816749476,0.710816749476,0,14,14
4320552,2026-06,0.39440177158,0.39440177158,0,13,13
4320578,2026-06,0.735781466986,0.735781466986,0,12,12
4320602,2026-06,0.634941633163,0.634941633163,0,12,12
4320651,2026-06,0.680212620027,0.680212620027,0,13,13
4320677,2026-06,0.703429153463,0.703429153463,0,12,12
4320701,2026-06,0.471183743068,0.471183743068,0,20,20
4320800,2026-06,0.698573164633,0.698573164633,0,25,25
4320859,2026-06,0.625455853097,0.625455853097,0,11,11
4320909,2026-06,0.683550182324,0.683550182324,0,19,19
4321006,2026-06,0.576613416348,0.576613416348,0,16,16
4321105,2026-06,0.557490143803,0.557490143803,0,14,14
4321204,2026-06,0.860733941488,0.860059241186,0.000674700302,38,36
4321303,2026-06,0.47122370248,0.47122370248,0,17,17
4321329,2026-06,0.284913885078,0.284913885078,0,10,10
4321352,2026-06,0.494007077991,0.494007077991,0,10,10
4321402,2026-06,0.321632438792,0.321632438792,0,18,18
4321436,2026-06,0.680183234366,0.680183234366,0,14,14
4321451,2026-06,0.507501014616,0.507452827439,0.000048187177,27,26
4321469,2026-06,0.110739753115,0.110739753115,0,6,6
4321477,2026-06,0.407962962963,0.407962962963,0,14,14
4321493,2026-06,0.667756891025,0.667756891025,0,9,9
4321501,2026-06,0.726350144417,0.726182085986,0.000168058431,31,30
4321600,2026-06,0.755687795117,0.755368855338,0.000318939779,31,30
4321626,2026-06,0.106407820334,0.106407820334,0,8,8
4321634,2026-06,0.737121637929,0.737121637929,0,13,13
4321667,2026-06,0.520090344462,0.520090344462,0,15,15
4321709,2026-06,0.679675938118,0.678741291555,0.000934646563,28,27
4321808,2026-06,0.815944688351,0.815944688351,0,27,27
4321832,2026-06,0.063658488367,0.063658488367,0,7,7
4321857,2026-06,0.815290993504,0.815290993504,0,16,16
4321907,2026-06,0.748579083785,0.748579083785,0,21,21
4321956,2026-06,0.581623146363,0.581623146363,0,18,18
4322004,2026-06,0.678912368047,0.678912368047,0,19,19
4322103,2026-06,0.645508261919,0.645508261919,0,18,18
4322152,2026-06,0.289375308642,0.289375308642,0,10,10
4322186,2026-06,0.225756448413,0.225756448413,0,10,10
4322202,2026-06,0.703481456643,0.703481456643,0,20,20
4322251,2026-06,0.647609908841,0.647609908841,0,9,9
4322301,2026-06,0.740329343501,0.740329343501,0,16,16
4322327,2026-06,0.559176413395,0.559176413395,0,9,9
4322343,2026-06,0.377886047218,0.377886047218,0,7,7
4322350,2026-06,0.222222222222,0.222222222222,0,6,6
4322376,2026-06,0.400204832726,0.400204832726,0,9,9
4322400,2026-06,0.831366505656,0.830411375128,0.000955130528,27,25
4322509,2026-06,0.835218976226,0.834861280256,0.000357695971,30,29
4322525,2026-06,0.458302031049,0.458302031049,0,11,11
4322533,2026-06,0.597224712252,0.597224712252,0,18,18
4322541,2026-06,0.547001155093,0.547001155093,0,14,14
4322558,2026-06,0.220492706685,0.220492706685,0,7,7
4322608,2026-06,0.780798550535,0.780244208596,0.000554341939,26,24
4322707,2026-06,0.793261288051,0.792450002914,0.000811285138,23,22
4322806,2026-06,0.771779928397,0.771353627434,0.000426300963,21,20
4322855,2026-06,0.499228958688,0.499228958688,0,6,6
4322905,2026-06,0.673809995922,0.673809995922,0,15,15
4323002,2026-06,0.762540459021,0.761969554006,0.000570905015,59,57
4323101,2026-06,0.49814213012,0.49814213012,0,13,13
4323200,2026-06,0.154377030686,0.154377030686,0,10,10
4323309,2026-06,0.762626262626,0.762626262626,0,10,10
4323358,2026-06,0.31849061038,0.31849061038,0,8,8
4323408,2026-06,0.651809733701,0.651809733701,0,12,12
4323457,2026-06,0.345490633797,0.345490633797,0,10,10
4323507,2026-06,0.453672697907,0.453672697907,0,15,15
4323606,2026-06,0.444444444444,0.444444444444,0,4,4
4323705,2026-06,0.457706790863,0.457706790863,0,13,13
4323754,2026-06,0.411206407618,0.411206407618,0,10,10
4323770,2026-06,0.527666237028,0.527666237028,0,10,10
4323804,2026-06,0.499595679221,0.499593400448,0.000002278773,18,17
__METADATA__,2026-06,,,,26,17
